{"type":"FeatureCollection", "features": [
{"type":"Feature","geometry":{"type":"Polygon","coordinates":[[[-86.62322,37.18061],[-86.62242,37.17311],[-86.61823,37.16911],[-86.61422,37.16736],[-86.61304,37.16571],[-86.61302,37.16458],[-86.61403,37.16131],[-86.6139,37.15822],[-86.61272,37.15443],[-86.61363,37.15187],[-86.61525,37.15018],[-86.60551,37.14542],[-86.60439,37.14016],[-86.59817,37.13207],[-86.59072,37.12816],[-86.58987,37.12422],[-86.58339,37.12152],[-86.58117,37.11793],[-86.58099,37.10926],[-86.57844,37.10418],[-86.57656,37.08969],[-86.57788,37.08476],[-86.58457,37.0837],[-86.58442,37.07907],[-86.57743,37.07624],[-86.57334,37.08036],[-86.57011,37.07854],[-86.57319,37.07286],[-86.56485,37.07298],[-86.56317,37.06517],[-86.56986,37.06878],[-86.57778,37.0634],[-86.58259,37.06453],[-86.59042,37.06453],[-86.5916,37.06088],[-86.58766,37.05867],[-86.58195,37.05915],[-86.57936,37.05761],[-86.58278,37.05314],[-86.57942,37.04911],[-86.58256,37.04739],[-86.57763,37.04339],[-86.5618,37.03943],[-86.54824,37.03525],[-86.54057,37.0314],[-86.52815,37.02216],[-86.51477,37.01286],[-86.51068,37.00929],[-86.50654,37.00224],[-86.49663,37.00618],[-86.49176,37.0064],[-86.48616,37.00423],[-86.47526,36.99691],[-86.47962,36.99589],[-86.4784,36.98929],[-86.47445,36.98842],[-86.47087,36.99159],[-86.47332,36.99662],[-86.46602,36.99754],[-86.46581,37.00165],[-86.4629,37.00422],[-86.45893,36.9996],[-86.45457,37.00092],[-86.4527,37.00469],[-86.44514,36.99739],[-86.43273,37.00285],[-86.42522,36.99895],[-86.4216,36.99985],[-86.4163,37.00371],[-86.4077,37.00746],[-86.3998,37.00789],[-86.3946,37.00609],[-86.39504,36.99236],[-86.39914,36.99266],[-86.39841,36.98724],[-86.4038,36.98099],[-86.39981,36.97661],[-86.40029,36.9721],[-86.40368,36.96872],[-86.40615,36.97127],[-86.41184,36.97365],[-86.414,36.96949],[-86.40636,36.96608],[-86.40944,36.96338],[-86.41733,36.95285],[-86.41205,36.94993],[-86.41085,36.95716],[-86.40479,36.95627],[-86.39891,36.96157],[-86.39163,36.97486],[-86.39074,36.97779],[-86.38002,36.97108],[-86.37735,36.96674],[-86.37262,36.96493],[-86.36539,36.9643],[-86.35713,36.961],[-86.34718,36.95178],[-86.35862,36.94367],[-86.36635,36.94189],[-86.37168,36.94218],[-86.38847,36.93806],[-86.39216,36.9349],[-86.3885,36.93018],[-86.38335,36.91729],[-86.39204,36.91444],[-86.39631,36.91108],[-86.39686,36.90807],[-86.39214,36.90283],[-86.38676,36.90496],[-86.38295,36.90306],[-86.37972,36.89679],[-86.38167,36.89474],[-86.39097,36.89553],[-86.39495,36.89453],[-86.3919,36.89029],[-86.38315,36.8882],[-86.37597,36.88908],[-86.37475,36.88391],[-86.37841,36.8819],[-86.38802,36.88225],[-86.39373,36.87934],[-86.39478,36.87574],[-86.38526,36.87415],[-86.37991,36.87671],[-86.37456,36.87579],[-86.36998,36.87292],[-86.36606,36.86789],[-86.36131,36.86546],[-86.36339,36.85929],[-86.35828,36.85897],[-86.35949,36.85277],[-86.36557,36.84978],[-86.36697,36.84745],[-86.3632,36.84219],[-86.36018,36.84686],[-86.35571,36.84927],[-86.34998,36.84836],[-86.34855,36.84611],[-86.35425,36.83858],[-86.35147,36.83586],[-86.34074,36.83285],[-86.33103,36.82708],[-86.2634,36.87313],[-86.26419,36.87777],[-86.26346,36.88565],[-86.26774,36.88618],[-86.26906,36.88918],[-86.26652,36.89337],[-86.25664,36.89123],[-86.25214,36.89157],[-86.25023,36.89613],[-86.24682,36.89696],[-86.24004,36.89522],[-86.23991,36.89888],[-86.23463,36.89852],[-86.23576,36.90216],[-86.23293,36.90621],[-86.22896,36.90745],[-86.22631,36.91263],[-86.22057,36.91169],[-86.21666,36.90561],[-86.21272,36.9037],[-86.20793,36.90709],[-86.20326,36.91347],[-86.20397,36.91674],[-86.20753,36.91831],[-86.21038,36.92492],[-86.21015,36.92762],[-86.20585,36.93294],[-86.20142,36.93532],[-86.19572,36.92899],[-86.19309,36.92462],[-86.18903,36.92168],[-86.18024,36.92516],[-86.17896,36.92768],[-86.17044,36.93502],[-86.16674,36.93402],[-86.11351,37.06107],[-86.07427,37.05329],[-86.05644,37.16721],[-86.04913,37.21529],[-86.07315,37.2418],[-86.15759,37.33565],[-86.1709,37.33209],[-86.17696,37.33277],[-86.18022,37.33732],[-86.18674,37.33736],[-86.1909,37.33968],[-86.19309,37.33397],[-86.1913,37.33058],[-86.19305,37.32791],[-86.19945,37.32827],[-86.20189,37.3304],[-86.20919,37.33293],[-86.32069,37.32673],[-86.33681,37.32602],[-86.46913,37.3211],[-86.41442,37.20171],[-86.39916,37.1699],[-86.40879,37.16761],[-86.4119,37.16196],[-86.40892,37.15451],[-86.41225,37.15186],[-86.41631,37.15309],[-86.42375,37.15826],[-86.43251,37.16108],[-86.43749,37.16611],[-86.44282,37.16556],[-86.44463,37.16101],[-86.4443,37.15404],[-86.44925,37.15107],[-86.45768,37.15059],[-86.46731,37.15346],[-86.46823,37.16024],[-86.47246,37.16637],[-86.48412,37.17773],[-86.48459,37.18188],[-86.49287,37.18545],[-86.49649,37.19071],[-86.50122,37.18749],[-86.50951,37.18553],[-86.51597,37.18653],[-86.52325,37.18321],[-86.52709,37.1769],[-86.52964,37.17712],[-86.53214,37.18142],[-86.53767,37.18067],[-86.54104,37.17601],[-86.55192,37.17631],[-86.5633,37.18021],[-86.56332,37.18727],[-86.57363,37.18401],[-86.58113,37.18507],[-86.58252,37.18036],[-86.58869,37.17887],[-86.59447,37.18497],[-86.60662,37.18522],[-86.61119,37.18089],[-86.61666,37.18373],[-86.62322,37.18061]]]},"properties":{"STATEFP":"21","SLDLST":"019","AFFGEOID":"620L800US21019","GEOID":"21019","NAME":"19","NAMELSAD":"State House District 19","STUSPS":"KY","STATE_NAME":"Kentucky","LSAD":"LL","LSY":"2022","ALAND":1616635988,"AWATER":24022244}},
{"type":"Feature","geometry":{"type":"Polygon","coordinates":[[[-83.48981,36.89541],[-83.49336,36.89337],[-83.49433,36.88678],[-83.49698,36.88363],[-83.49466,36.87508],[-83.49387,36.86351],[-83.48801,36.85376],[-83.48171,36.84913],[-83.4907,36.83674],[-83.476,36.84187],[-83.46563,36.84928],[-83.4532,36.85368],[-83.44287,36.85972],[-83.42814,36.86714],[-83.41553,36.87039],[-83.4132,36.86679],[-83.40828,36.8668],[-83.40433,36.85575],[-83.40566,36.85231],[-83.4022,36.84841],[-83.40394,36.84418],[-83.40146,36.83744],[-83.3878,36.83336],[-83.38737,36.83007],[-83.37752,36.82038],[-83.37783,36.80678],[-83.37666,36.80047],[-83.37491,36.79818],[-83.36961,36.79904],[-83.35895,36.80833],[-83.35502,36.81753],[-83.35455,36.82782],[-83.3445,36.84238],[-83.3326,36.84653],[-83.3225,36.85927],[-83.31533,36.86133],[-83.31155,36.86008],[-83.30414,36.86266],[-83.29889,36.86779],[-83.29298,36.86991],[-83.28868,36.87444],[-83.28513,36.87393],[-83.28268,36.87079],[-83.27456,36.86856],[-83.2648,36.87408],[-83.25962,36.87326],[-83.25609,36.87464],[-83.2499,36.87953],[-83.24539,36.88133],[-83.23786,36.88243],[-83.23246,36.88202],[-83.22632,36.88396],[-83.22241,36.88251],[-83.21727,36.88639],[-83.20996,36.88851],[-83.20589,36.89233],[-83.20017,36.8917],[-83.19686,36.89616],[-83.18967,36.8954],[-83.18353,36.89887],[-83.17695,36.90427],[-83.1726,36.90384],[-83.17047,36.90081],[-83.16532,36.90291],[-83.16274,36.9081],[-83.15338,36.91135],[-83.14755,36.91471],[-83.1434,36.91381],[-83.137,36.91889],[-83.13291,36.9207],[-83.12476,36.91574],[-83.12202,36.92257],[-83.11853,36.92642],[-83.10955,36.92734],[-83.09893,36.93252],[-83.09307,36.92746],[-83.08693,36.93159],[-83.08042,36.93169],[-83.07234,36.93573],[-83.06319,36.93744],[-83.05112,36.94526],[-83.04622,36.94612],[-83.03966,36.94274],[-83.03074,36.94526],[-83.02798,36.94962],[-83.02379,36.95309],[-83.01852,36.95412],[-83.01569,36.95672],[-83.00886,36.95976],[-83.01015,36.96701],[-83.01546,36.97052],[-83.01063,36.973],[-82.99739,36.97197],[-82.99135,36.9753],[-82.99937,36.98534],[-82.99813,36.98799],[-83.002,36.99314],[-82.99099,36.99707],[-82.97893,36.99836],[-82.96556,37.00189],[-82.96021,37.0042],[-82.95593,37.00794],[-82.94112,37.01517],[-82.93897,37.01522],[-82.86918,36.97418],[-82.86753,36.97752],[-82.86293,36.97998],[-82.85677,36.9791],[-82.85373,36.98518],[-82.84943,36.98348],[-82.845,36.98381],[-82.83855,36.98703],[-82.8308,36.99345],[-82.82913,36.99754],[-82.83059,37.00095],[-82.82859,37.00571],[-82.82268,37.00413],[-82.81575,37.0072],[-82.81358,37.00532],[-82.80053,37.00794],[-82.79749,37.00965],[-82.79344,37.00549],[-82.7889,37.00816],[-82.78214,37.00824],[-82.77737,37.01528],[-82.77179,37.01572],[-82.76641,37.02311],[-82.75917,37.02733],[-82.74798,37.02521],[-82.74556,37.02984],[-82.74368,37.0414],[-82.74245,37.04298],[-82.7336,37.04453],[-82.72628,37.0421],[-82.72247,37.0451],[-82.72328,37.04762],[-82.72225,37.05795],[-82.72631,37.06687],[-82.72702,37.07302],[-82.72375,37.07553],[-82.71835,37.07571],[-82.7172,37.07954],[-82.72304,37.08499],[-82.72495,37.0919],[-82.72218,37.09431],[-82.72194,37.10569],[-82.72629,37.11185],[-82.7262,37.11588],[-82.7221,37.12017],[-82.70787,37.12549],[-82.69567,37.13151],[-82.6846,37.13584],[-82.67676,37.13497],[-82.66772,37.14195],[-82.65747,37.14502],[-82.65476,37.1506],[-82.65165,37.15191],[-82.63349,37.15426],[-82.62488,37.16293],[-82.61742,37.16813],[-82.60829,37.17305],[-82.59745,37.17709],[-82.59277,37.18039],[-82.59245,37.18285],[-82.57899,37.1885],[-82.55818,37.19961],[-82.55037,37.20446],[-82.5458,37.20307],[-82.5413,37.20653],[-82.53663,37.20692],[-82.53158,37.20916],[-82.53179,37.2121],[-82.52446,37.21496],[-82.52012,37.21291],[-82.50943,37.21892],[-82.5079,37.22273],[-82.49886,37.22704],[-82.49149,37.22509],[-82.48722,37.2278],[-82.48644,37.2312],[-82.47328,37.23557],[-82.46307,37.23829],[-82.45702,37.23829],[-82.44916,37.24391],[-82.43573,37.24649],[-82.43102,37.24677],[-82.41809,37.25133],[-82.38328,37.26015],[-82.37659,37.2599],[-82.36453,37.26442],[-82.35534,37.26522],[-82.35095,37.26708],[-82.34207,37.27411],[-82.34185,37.28089],[-82.33694,37.27974],[-82.33157,37.28221],[-82.32462,37.28318],[-82.31896,37.28752],[-82.31603,37.29488],[-82.30941,37.30007],[-82.29191,37.31164],[-82.25435,37.33775],[-82.20269,37.37404],[-82.20174,37.37511],[-82.12485,37.42727],[-82.06281,37.47091],[-82.05089,37.48053],[-81.96801,37.53804],[-81.96497,37.54303],[-81.97015,37.5465],[-81.97639,37.54543],[-81.98248,37.54181],[-81.98909,37.54251],[-81.9926,37.53832],[-81.99691,37.53857],[-81.99984,37.54258],[-82.00741,37.53368],[-82.01592,37.53432],[-82.01692,37.53856],[-82.02101,37.54053],[-82.02883,37.53767],[-82.03693,37.54273],[-82.03897,37.54793],[-82.04478,37.54671],[-82.04481,37.54181],[-82.0424,37.53577],[-82.04438,37.52902],[-82.0482,37.52897],[-82.04846,37.53396],[-82.05479,37.53676],[-82.06442,37.53687],[-82.06442,37.54452],[-82.07325,37.55502],[-82.07503,37.55582],[-82.08918,37.556],[-82.10003,37.5528],[-82.10535,37.55426],[-82.10195,37.55811],[-82.10481,37.56019],[-82.11067,37.55874],[-82.1173,37.55923],[-82.12382,37.55139],[-82.13325,37.55283],[-82.13532,37.55735],[-82.13353,37.56035],[-82.13611,37.56387],[-82.14318,37.56577],[-82.14465,37.56832],[-82.14183,37.57095],[-82.1296,37.57197],[-82.12437,37.57641],[-82.12732,37.58667],[-82.13228,37.59333],[-82.14155,37.59517],[-82.14806,37.59078],[-82.15672,37.59279],[-82.15761,37.59677],[-82.15611,37.60495],[-82.15674,37.6092],[-82.16523,37.60773],[-82.16853,37.60869],[-82.16951,37.61319],[-82.16419,37.62019],[-82.16951,37.62198],[-82.17668,37.6182],[-82.18143,37.62184],[-82.18169,37.62715],[-82.17348,37.63106],[-82.17276,37.63401],[-82.17596,37.6374],[-82.17734,37.64172],[-82.17469,37.64653],[-82.17763,37.64896],[-82.18546,37.64893],[-82.19117,37.64401],[-82.18798,37.6395],[-82.18601,37.62841],[-82.19239,37.62561],[-82.2012,37.6279],[-82.20586,37.62507],[-82.21344,37.62522],[-82.2202,37.63391],[-82.21685,37.6416],[-82.22355,37.64433],[-82.22611,37.65309],[-82.23417,37.65626],[-82.24041,37.66157],[-82.2519,37.65685],[-82.25711,37.65675],[-82.27202,37.66378],[-82.2823,37.67583],[-82.28469,37.67528],[-82.28817,37.66823],[-82.29439,37.67045],[-82.29439,37.67796],[-82.30216,37.67562],[-82.29904,37.67101],[-82.30031,37.668],[-82.29759,37.66525],[-82.29684,37.6594],[-82.29806,37.65563],[-82.29334,37.65423],[-82.29216,37.65113],[-82.29655,37.64785],[-82.29614,37.64488],[-82.30394,37.64504],[-82.30659,37.64139],[-82.3056,37.63114],[-82.31225,37.63008],[-82.31803,37.6269],[-82.31223,37.61814],[-82.3099,37.6127],[-82.30191,37.61049],[-82.29587,37.61118],[-82.29736,37.6076],[-82.29445,37.60324],[-82.28671,37.60225],[-82.28279,37.60392],[-82.27326,37.60497],[-82.27211,37.60723],[-82.26516,37.60556],[-82.26378,37.60024],[-82.26082,37.5956],[-82.25609,37.59572],[-82.25602,37.58933],[-82.25977,37.58343],[-82.2696,37.57913],[-82.27373,37.56814],[-82.27946,37.5648],[-82.28496,37.56003],[-82.28586,37.55377],[-82.29091,37.54874],[-82.29659,37.54717],[-82.30331,37.54214],[-82.30396,37.53378],[-82.30004,37.53092],[-82.30347,37.52582],[-82.30231,37.52275],[-82.29529,37.51955],[-82.29315,37.51551],[-82.28554,37.5159],[-82.28028,37.51365],[-82.27776,37.51073],[-82.27426,37.51125],[-82.2682,37.51631],[-82.26026,37.51005],[-82.25454,37.51323],[-82.24894,37.50862],[-82.23988,37.50649],[-82.23687,37.50317],[-82.23057,37.50395],[-82.22679,37.5029],[-82.23542,37.48293],[-82.228,37.48324],[-82.22723,37.47544],[-82.22549,37.47086],[-82.23521,37.46803],[-82.23662,37.46378],[-82.2435,37.46071],[-82.24697,37.45647],[-82.25004,37.45924],[-82.25524,37.45935],[-82.25794,37.45489],[-82.26607,37.4549],[-82.27778,37.4498],[-82.27709,37.44425],[-82.28638,37.43154],[-82.28772,37.4269],[-82.29509,37.42369],[-82.29254,37.41987],[-82.28884,37.40635],[-82.2943,37.41119],[-82.30014,37.41098],[-82.30253,37.41281],[-82.30211,37.4174],[-82.30412,37.42004],[-82.30918,37.42019],[-82.31172,37.41761],[-82.30889,37.41299],[-82.31349,37.40849],[-82.3196,37.40773],[-82.31696,37.40451],[-82.31723,37.40065],[-82.32122,37.39376],[-82.31939,37.39202],[-82.32347,37.38686],[-82.33728,37.37984],[-82.34021,37.38041],[-82.34779,37.38864],[-82.35513,37.38658],[-82.35999,37.38659],[-82.36682,37.3808],[-82.36821,37.374],[-82.37058,37.37221],[-82.37904,37.3704],[-82.37932,37.3666],[-82.38433,37.3609],[-82.39341,37.36025],[-82.39402,37.35328],[-82.39694,37.35092],[-82.40383,37.34893],[-82.40609,37.34565],[-82.41422,37.33856],[-82.4096,37.33134],[-82.41198,37.32542],[-82.4176,37.32414],[-82.41804,37.32078],[-82.4149,37.31774],[-82.41885,37.31523],[-82.41856,37.31233],[-82.42741,37.31093],[-82.42973,37.30373],[-82.43402,37.30237],[-82.43664,37.29882],[-82.44478,37.2974],[-82.44529,37.29954],[-82.45551,37.3012],[-82.46192,37.30117],[-82.46622,37.29951],[-82.4728,37.30103],[-82.47636,37.29936],[-82.48201,37.29244],[-82.47972,37.29047],[-82.48001,37.28662],[-82.48299,37.28557],[-82.48797,37.28021],[-82.49393,37.28032],[-82.49507,37.28284],[-82.50087,37.28715],[-82.50583,37.28679],[-82.5116,37.27979],[-82.52218,37.28342],[-82.52628,37.28786],[-82.54016,37.2883],[-82.54008,37.29322],[-82.54982,37.29326],[-82.55232,37.29418],[-82.55913,37.29219],[-82.56453,37.29868],[-82.56835,37.29963],[-82.5728,37.29655],[-82.57493,37.29259],[-82.58048,37.28952],[-82.58544,37.2939],[-82.59678,37.29153],[-82.60045,37.28343],[-82.60046,37.27638],[-82.59558,37.2728],[-82.59189,37.2725],[-82.58818,37.26653],[-82.5878,37.26239],[-82.59377,37.25715],[-82.59214,37.25291],[-82.59696,37.24884],[-82.59316,37.24268],[-82.58612,37.2342],[-82.59067,37.23278],[-82.59633,37.23422],[-82.60129,37.2337],[-82.60206,37.22974],[-82.6126,37.23476],[-82.62186,37.24045],[-82.62892,37.2478],[-82.63484,37.24848],[-82.63696,37.24467],[-82.6433,37.24515],[-82.6525,37.23911],[-82.65397,37.23563],[-82.66055,37.23677],[-82.66447,37.2353],[-82.66694,37.23029],[-82.67202,37.22732],[-82.67924,37.22977],[-82.68224,37.22813],[-82.68638,37.23215],[-82.6919,37.23172],[-82.69455,37.23418],[-82.6912,37.23855],[-82.69119,37.24121],[-82.69608,37.24258],[-82.70291,37.2419],[-82.70485,37.24564],[-82.69935,37.24817],[-82.69989,37.25543],[-82.71024,37.25957],[-82.71357,37.25706],[-82.72425,37.25693],[-82.72602,37.25882],[-82.72336,37.26381],[-82.73269,37.2715],[-82.74173,37.27207],[-82.74709,37.26601],[-82.75061,37.26591],[-82.75769,37.26964],[-82.76042,37.26917],[-82.76329,37.26454],[-82.7661,37.26335],[-82.77492,37.26615],[-82.77784,37.26373],[-82.78492,37.26358],[-82.79011,37.26499],[-82.79627,37.26187],[-82.80167,37.26123],[-82.80781,37.26717],[-82.81418,37.26484],[-82.81986,37.26871],[-82.8221,37.26802],[-82.82546,37.26295],[-82.82988,37.26319],[-82.83254,37.25878],[-82.84384,37.2571],[-82.84883,37.25448],[-82.85232,37.2558],[-82.85833,37.25011],[-82.86386,37.25031],[-82.86863,37.24747],[-82.87004,37.24412],[-82.87473,37.24214],[-82.87538,37.23204],[-82.87986,37.22946],[-82.88405,37.22984],[-82.88657,37.22544],[-82.89056,37.22389],[-82.89396,37.21486],[-82.89758,37.21451],[-82.90116,37.21146],[-82.90549,37.21217],[-82.90914,37.20624],[-82.91994,37.2025],[-82.92529,37.20189],[-82.93184,37.20274],[-82.935,37.19926],[-82.94014,37.19628],[-82.94045,37.19245],[-82.94305,37.19042],[-82.9486,37.19324],[-82.95302,37.19088],[-82.95831,37.19003],[-82.95878,37.18684],[-82.9632,37.18174],[-82.9728,37.1787],[-82.97743,37.17343],[-82.98209,37.17435],[-82.98493,37.17752],[-82.98572,37.18219],[-82.98449,37.18772],[-82.98778,37.19085],[-82.99526,37.19082],[-83.00014,37.19571],[-83.00938,37.18954],[-83.00956,37.18636],[-83.01288,37.18395],[-83.01674,37.17749],[-83.02111,37.17808],[-83.02268,37.17452],[-83.0281,37.16984],[-83.03336,37.16909],[-83.03826,37.16547],[-83.03561,37.15724],[-83.05385,37.12981],[-83.05882,37.12408],[-83.06078,37.11524],[-83.05433,37.10835],[-83.05457,37.10369],[-83.04704,37.10276],[-83.04733,37.09857],[-83.05075,37.09785],[-83.05115,37.0923],[-83.04743,37.09099],[-83.0477,37.08748],[-83.04077,37.08006],[-83.04363,37.0752],[-83.04365,37.07105],[-83.04694,37.06933],[-83.04274,37.06222],[-83.04876,37.05863],[-83.05238,37.0609],[-83.05787,37.0615],[-83.05738,37.05728],[-83.06215,37.0543],[-83.06372,37.05096],[-83.06919,37.0505],[-83.0734,37.04646],[-83.07191,37.04227],[-83.06685,37.0431],[-83.06554,37.03867],[-83.05659,37.03496],[-83.05224,37.03511],[-83.0521,37.02905],[-83.05818,37.02501],[-83.05439,37.01833],[-83.05827,37.01539],[-83.06169,37.01639],[-83.06582,37.0149],[-83.06936,37.01084],[-83.07272,37.01196],[-83.07888,37.00877],[-83.08503,37.00186],[-83.08913,37.00223],[-83.0936,36.9981],[-83.0982,36.99941],[-83.10346,36.99342],[-83.11086,36.99226],[-83.11389,36.99821],[-83.11967,36.99791],[-83.12433,37.00572],[-83.12966,37.00571],[-83.1367,37.00415],[-83.14255,37.00666],[-83.14435,37.01371],[-83.15036,37.01297],[-83.15554,37.01536],[-83.16011,37.01386],[-83.16083,37.02074],[-83.16782,37.02031],[-83.17171,37.01719],[-83.1821,37.02112],[-83.18226,37.01179],[-83.188,37.00573],[-83.19552,37.00915],[-83.19792,37.0122],[-83.20212,37.0046],[-83.21066,37.00325],[-83.21456,37.00543],[-83.22125,37.00312],[-83.22588,37.00571],[-83.23034,37.00274],[-83.23283,36.99526],[-83.23975,36.98551],[-83.26002,36.96895],[-83.27768,36.96096],[-83.29167,36.95219],[-83.32392,36.94071],[-83.38456,36.92591],[-83.38623,36.92226],[-83.39407,36.91923],[-83.39966,36.92096],[-83.40244,36.91612],[-83.40001,36.90982],[-83.40141,36.90682],[-83.39677,36.90539],[-83.39609,36.89911],[-83.4003,36.89867],[-83.40535,36.89241],[-83.40861,36.89022],[-83.42034,36.88897],[-83.42369,36.88982],[-83.43297,36.88878],[-83.434,36.89423],[-83.44709,36.88973],[-83.45362,36.89111],[-83.45624,36.88327],[-83.46373,36.88639],[-83.46605,36.88946],[-83.47395,36.8921],[-83.4767,36.89648],[-83.47995,36.89444],[-83.4878,36.89316],[-83.48981,36.89541]]]},"properties":{"STATEFP":"21","SLDLST":"094","AFFGEOID":"620L800US21094","GEOID":"21094","NAME":"94","NAMELSAD":"State House District 94","STUSPS":"KY","STATE_NAME":"Kentucky","LSAD":"LL","LSY":"2022","ALAND":1962869592,"AWATER":4833807}},
{"type":"Feature","geometry":{"type":"Polygon","coordinates":[[[-83.63106,37.82537],[-83.65218,37.79542],[-83.70797,37.71646],[-83.71221,37.72014],[-83.72025,37.71722],[-83.72649,37.71622],[-83.7329,37.71749],[-83.73973,37.7173],[-83.7496,37.71485],[-83.75978,37.70612],[-83.76035,37.70242],[-83.7653,37.70218],[-83.76987,37.7002],[-83.77039,37.69665],[-83.77494,37.69718],[-83.78078,37.68781],[-83.78738,37.68646],[-83.79077,37.68184],[-83.8023,37.67751],[-83.80283,37.67303],[-83.81021,37.66756],[-83.81968,37.66708],[-83.82409,37.66297],[-83.82318,37.6602],[-83.8144,37.64471],[-83.80898,37.64411],[-83.8066,37.64158],[-83.80812,37.63604],[-83.81687,37.6331],[-83.83246,37.63626],[-83.84355,37.63096],[-83.85933,37.6213],[-83.86637,37.61479],[-83.86581,37.61227],[-83.8612,37.60902],[-83.8581,37.60921],[-83.90557,37.54286],[-83.92519,37.56111],[-83.93985,37.57317],[-83.96524,37.58142],[-83.99351,37.57342],[-84.04502,37.56357],[-84.09036,37.56623],[-84.11252,37.60565],[-84.12695,37.64242],[-84.12662,37.6454],[-84.11904,37.64717],[-84.11582,37.65082],[-84.11316,37.65066],[-84.11245,37.65616],[-84.09609,37.66167],[-84.08931,37.66689],[-84.09665,37.67082],[-84.09707,37.67553],[-84.10063,37.67824],[-84.09733,37.68328],[-84.09284,37.68652],[-84.09177,37.695],[-84.0936,37.70675],[-84.09592,37.71098],[-84.09282,37.71396],[-84.09902,37.7179],[-84.09699,37.7219],[-84.09166,37.72445],[-84.09228,37.72784],[-84.09554,37.73118],[-84.09669,37.73509],[-84.08619,37.73868],[-84.08201,37.74245],[-84.08108,37.74908],[-84.08687,37.75272],[-84.08949,37.75625],[-84.0881,37.76133],[-84.08191,37.76726],[-84.08819,37.76688],[-84.09787,37.76057],[-84.10697,37.75712],[-84.12054,37.75626],[-84.13001,37.75403],[-84.1403,37.75428],[-84.14006,37.75655],[-84.14518,37.76045],[-84.14526,37.76403],[-84.15028,37.7695],[-84.15887,37.77168],[-84.16195,37.77371],[-84.1605,37.7786],[-84.16284,37.7832],[-84.15693,37.78545],[-84.16052,37.78977],[-84.16807,37.78868],[-84.17245,37.79118],[-84.17996,37.79237],[-84.18778,37.79232],[-84.1983,37.79432],[-84.1987,37.78897],[-84.20061,37.78432],[-84.20108,37.77702],[-84.21206,37.77779],[-84.21632,37.77633],[-84.22892,37.7679],[-84.23404,37.76774],[-84.24556,37.76118],[-84.25761,37.76405],[-84.2543,37.76796],[-84.25151,37.77646],[-84.26596,37.7728],[-84.26895,37.77366],[-84.27168,37.76854],[-84.275,37.77046],[-84.27066,37.77461],[-84.27955,37.77715],[-84.28398,37.77089],[-84.28135,37.76901],[-84.26985,37.75513],[-84.26813,37.75233],[-84.2669,37.74234],[-84.25709,37.7438],[-84.24884,37.7413],[-84.24801,37.73346],[-84.24349,37.73082],[-84.24128,37.73836],[-84.22821,37.7391],[-84.19694,37.73811],[-84.18718,37.73886],[-84.18538,37.7322],[-84.17437,37.73021],[-84.17479,37.71036],[-84.17735,37.70322],[-84.18197,37.69641],[-84.17857,37.69085],[-84.17532,37.67545],[-84.18018,37.67206],[-84.1845,37.672],[-84.18447,37.6656],[-84.19424,37.65642],[-84.19311,37.65128],[-84.19456,37.6427],[-84.19934,37.63468],[-84.23197,37.64603],[-84.23443,37.64386],[-84.232,37.64005],[-84.23242,37.63343],[-84.24379,37.63636],[-84.26576,37.63221],[-84.27638,37.63129],[-84.27733,37.62864],[-84.26984,37.62515],[-84.25723,37.62092],[-84.26149,37.61329],[-84.2575,37.61056],[-84.25011,37.60817],[-84.25357,37.60623],[-84.24872,37.596],[-84.239,37.59275],[-84.2382,37.59075],[-84.22909,37.58856],[-84.21912,37.58267],[-84.2116,37.58398],[-84.20984,37.582],[-84.20669,37.57207],[-84.19959,37.57156],[-84.19498,37.5726],[-84.18916,37.57181],[-84.18415,37.57349],[-84.18018,37.57013],[-84.177,37.57156],[-84.1689,37.56936],[-84.17002,37.56179],[-84.17228,37.55699],[-84.19949,37.52286],[-84.19821,37.51531],[-84.20415,37.51156],[-84.20478,37.50759],[-84.20361,37.4988],[-84.20016,37.49571],[-84.20406,37.49044],[-84.20355,37.48618],[-84.20011,37.48352],[-84.1962,37.4777],[-84.19302,37.46638],[-84.19077,37.46495],[-84.18926,37.45684],[-84.18468,37.4558],[-84.18245,37.45285],[-84.18437,37.44809],[-84.18304,37.44543],[-84.17692,37.4412],[-84.17302,37.43264],[-84.16894,37.42985],[-84.16955,37.42623],[-84.15928,37.41737],[-84.16317,37.411],[-84.16387,37.40472],[-84.16937,37.39664],[-84.16948,37.38541],[-84.15758,37.37736],[-84.15624,37.37457],[-84.14559,37.36858],[-84.13878,37.3684],[-84.13563,37.36437],[-84.13095,37.36131],[-84.12913,37.35784],[-84.14302,37.35234],[-84.14068,37.34967],[-84.13365,37.34993],[-84.13377,37.34414],[-84.14079,37.34431],[-84.14192,37.3403],[-84.13604,37.33531],[-84.13682,37.32938],[-84.14437,37.33075],[-84.14593,37.32748],[-84.14177,37.32479],[-84.1379,37.31976],[-84.13569,37.31328],[-84.13901,37.30906],[-84.14483,37.30921],[-84.14855,37.30245],[-84.15785,37.30345],[-84.16339,37.30056],[-84.17058,37.29988],[-84.17032,37.30549],[-84.1801,37.30396],[-84.17878,37.29928],[-84.1825,37.29467],[-84.18712,37.29259],[-84.18926,37.28699],[-84.19214,37.28517],[-84.19652,37.28602],[-84.20157,37.28006],[-84.21624,37.28026],[-84.21783,37.24243],[-84.22263,37.23893],[-84.22823,37.24167],[-84.22973,37.24793],[-84.23289,37.24833],[-84.23757,37.24423],[-84.23924,37.24052],[-84.20607,37.22086],[-84.19938,37.21519],[-84.18744,37.21324],[-84.16439,37.20534],[-84.16581,37.2091],[-84.19499,37.23241],[-84.18846,37.23347],[-84.1849,37.2325],[-84.181,37.23475],[-84.17458,37.23486],[-84.17062,37.23632],[-84.16433,37.24079],[-84.16242,37.23419],[-84.14919,37.2302],[-84.15437,37.22443],[-84.14909,37.22346],[-84.14509,37.21846],[-84.13537,37.21273],[-84.13041,37.20848],[-84.13062,37.2055],[-84.12368,37.2033],[-84.12037,37.20055],[-84.12357,37.19727],[-84.12055,37.19287],[-84.11892,37.18759],[-84.12561,37.17916],[-84.12658,37.17438],[-84.12117,37.16831],[-84.1234,37.16633],[-84.12075,37.16433],[-84.11757,37.15511],[-84.10806,37.15487],[-84.10435,37.16009],[-84.09521,37.15577],[-84.09002,37.15531],[-84.08354,37.15727],[-84.08101,37.15941],[-84.07168,37.1537],[-84.0647,37.1579],[-84.06412,37.17624],[-84.05564,37.18242],[-84.05238,37.18723],[-84.04792,37.18693],[-84.04121,37.18933],[-84.03538,37.1882],[-84.02749,37.1913],[-84.02321,37.19483],[-84.01645,37.20431],[-84.00866,37.19689],[-84.00325,37.19742],[-84.00222,37.19976],[-83.99674,37.19769],[-83.98392,37.21052],[-83.97914,37.21239],[-83.97625,37.21076],[-83.97439,37.2049],[-83.96872,37.20756],[-83.96048,37.20994],[-83.95649,37.21395],[-83.94673,37.20986],[-83.945,37.20492],[-83.94064,37.205],[-83.94393,37.2528],[-83.93519,37.25869],[-83.92833,37.26038],[-83.91922,37.26118],[-83.91063,37.25614],[-83.90567,37.25577],[-83.90157,37.25374],[-83.89883,37.25685],[-83.89989,37.2668],[-83.89757,37.26988],[-83.89009,37.27449],[-83.88826,37.27764],[-83.88833,37.28572],[-83.87684,37.29465],[-83.88039,37.29462],[-83.87837,37.29958],[-83.88167,37.3026],[-83.88198,37.30693],[-83.86319,37.30657],[-83.82169,37.33126],[-83.79664,37.32975],[-83.79226,37.33015],[-83.79012,37.33399],[-83.78437,37.33436],[-83.78549,37.33763],[-83.78203,37.3432],[-83.78497,37.34872],[-83.79213,37.35116],[-83.79693,37.35486],[-83.80226,37.36088],[-83.80137,37.36407],[-83.80664,37.3645],[-83.81197,37.37033],[-83.81059,37.37369],[-83.81438,37.3809],[-83.81792,37.38222],[-83.82889,37.4118],[-83.8361,37.41948],[-83.84014,37.42491],[-83.84164,37.43136],[-83.83987,37.43348],[-83.84996,37.44785],[-83.85403,37.4475],[-83.86005,37.45052],[-83.86512,37.45138],[-83.88395,37.47733],[-83.88127,37.49546],[-83.88769,37.50212],[-83.88829,37.5059],[-83.88454,37.51347],[-83.88168,37.51585],[-83.8754,37.51624],[-83.86746,37.51191],[-83.8662,37.50392],[-83.86367,37.50165],[-83.85706,37.50092],[-83.85179,37.49563],[-83.8455,37.49531],[-83.84162,37.49205],[-83.8348,37.49173],[-83.82934,37.48682],[-83.74298,37.49425],[-83.74409,37.50157],[-83.74321,37.50503],[-83.74503,37.50791],[-83.73834,37.51778],[-83.73246,37.52109],[-83.70172,37.50771],[-83.68044,37.51198],[-83.6665,37.5242],[-83.66461,37.52848],[-83.65715,37.53678],[-83.65129,37.53955],[-83.6421,37.54124],[-83.64025,37.5394],[-83.63041,37.53746],[-83.63078,37.53134],[-83.627,37.52265],[-83.61841,37.51939],[-83.62073,37.51774],[-83.62238,37.51078],[-83.61851,37.51106],[-83.61387,37.50891],[-83.61023,37.5106],[-83.60789,37.51479],[-83.60322,37.51264],[-83.59808,37.51211],[-83.58957,37.5061],[-83.58116,37.50359],[-83.57919,37.50625],[-83.56228,37.54907],[-83.52231,37.63852],[-83.49742,37.6461],[-83.49441,37.63929],[-83.4949,37.63012],[-83.49835,37.62663],[-83.49757,37.62243],[-83.49452,37.6191],[-83.48261,37.62423],[-83.47842,37.62271],[-83.47211,37.6293],[-83.46344,37.63111],[-83.45872,37.63048],[-83.45052,37.63736],[-83.45028,37.64173],[-83.44657,37.64441],[-83.44552,37.6509],[-83.43936,37.6509],[-83.43378,37.65724],[-83.43556,37.65876],[-83.43526,37.66477],[-83.4288,37.66779],[-83.43163,37.67373],[-83.42678,37.68034],[-83.42752,37.68313],[-83.42252,37.68548],[-83.41863,37.69066],[-83.41135,37.68823],[-83.40953,37.69125],[-83.40331,37.69556],[-83.38827,37.69999],[-83.38193,37.69194],[-83.37398,37.69434],[-83.37018,37.69273],[-83.3706,37.68896],[-83.36591,37.68706],[-83.36458,37.68422],[-83.36023,37.6852],[-83.35498,37.68327],[-83.35186,37.68479],[-83.34716,37.68211],[-83.34472,37.67683],[-83.34221,37.67802],[-83.33067,37.67457],[-83.32957,37.67975],[-83.32509,37.68013],[-83.31794,37.68289],[-83.30981,37.6801],[-83.29894,37.67863],[-83.29486,37.68239],[-83.29212,37.67884],[-83.28722,37.67623],[-83.28326,37.67732],[-83.28012,37.67447],[-83.27554,37.67754],[-83.26831,37.67995],[-83.26403,37.67434],[-83.25546,37.67087],[-83.24869,37.66962],[-83.24922,37.67225],[-83.25551,37.67536],[-83.25836,37.68029],[-83.25744,37.68546],[-83.2516,37.68896],[-83.25005,37.6926],[-83.2436,37.69915],[-83.24924,37.70092],[-83.24999,37.70325],[-83.25512,37.70736],[-83.26072,37.70747],[-83.26217,37.71266],[-83.26531,37.71515],[-83.27245,37.71278],[-83.27313,37.71491],[-83.28125,37.71892],[-83.28166,37.72561],[-83.27988,37.73154],[-83.28223,37.73671],[-83.28827,37.73488],[-83.28706,37.74229],[-83.29288,37.74414],[-83.30919,37.74481],[-83.31174,37.74983],[-83.3151,37.74933],[-83.31747,37.75234],[-83.32643,37.75312],[-83.3273,37.75674],[-83.3341,37.75853],[-83.33409,37.76368],[-83.33192,37.76893],[-83.3283,37.77376],[-83.32744,37.7796],[-83.33215,37.78371],[-83.33548,37.77871],[-83.34012,37.78382],[-83.34236,37.78286],[-83.34737,37.78573],[-83.34958,37.79169],[-83.35199,37.79174],[-83.35954,37.7974],[-83.36438,37.79926],[-83.3786,37.80026],[-83.38318,37.79957],[-83.38506,37.80209],[-83.38503,37.80863],[-83.38644,37.81368],[-83.40897,37.81495],[-83.41602,37.8174],[-83.42188,37.81553],[-83.42226,37.81879],[-83.42749,37.81791],[-83.43305,37.81911],[-83.43646,37.82318],[-83.44177,37.82636],[-83.44365,37.82965],[-83.44033,37.83375],[-83.44617,37.83651],[-83.45236,37.83629],[-83.45584,37.84053],[-83.45532,37.84268],[-83.46462,37.84354],[-83.4753,37.84253],[-83.48426,37.84391],[-83.48422,37.85446],[-83.49097,37.85777],[-83.49508,37.86191],[-83.49995,37.85684],[-83.50515,37.85579],[-83.517,37.85173],[-83.51817,37.84798],[-83.52611,37.8378],[-83.52619,37.83352],[-83.53664,37.82556],[-83.54652,37.82486],[-83.55141,37.82162],[-83.56363,37.82012],[-83.5649,37.82503],[-83.56879,37.82167],[-83.57553,37.81972],[-83.58233,37.82059],[-83.58216,37.8247],[-83.58545,37.8255],[-83.58731,37.81961],[-83.59033,37.81834],[-83.59828,37.82206],[-83.59812,37.82622],[-83.60025,37.83014],[-83.6079,37.82819],[-83.60582,37.83223],[-83.61718,37.83554],[-83.62065,37.83484],[-83.62525,37.82408],[-83.63106,37.82537]]]},"properties":{"STATEFP":"21","SLDLST":"089","AFFGEOID":"620L800US21089","GEOID":"21089","NAME":"89","NAMELSAD":"State House District 89","STUSPS":"KY","STATE_NAME":"Kentucky","LSAD":"LL","LSY":"2022","ALAND":2473290991,"AWATER":14426504}},
{"type":"Feature","geometry":{"type":"Polygon","coordinates":[[[-84.74489,37.71308],[-84.73992,37.71353],[-84.73381,37.71075],[-84.73392,37.70854],[-84.73898,37.70615],[-84.7437,37.69839],[-84.7346,37.69501],[-84.72687,37.69683],[-84.72239,37.6928],[-84.71557,37.69528],[-84.70427,37.69763],[-84.70003,37.69741],[-84.69822,37.69453],[-84.70379,37.68741],[-84.7011,37.68226],[-84.69706,37.68163],[-84.69192,37.68533],[-84.68579,37.68761],[-84.68262,37.68414],[-84.68525,37.68172],[-84.68032,37.67597],[-84.68535,37.67291],[-84.69822,37.66851],[-84.70362,37.66444],[-84.70084,37.66148],[-84.69337,37.66456],[-84.6889,37.65875],[-84.68331,37.6594],[-84.67886,37.65515],[-84.67887,37.65285],[-84.69029,37.64675],[-84.69404,37.64112],[-84.68618,37.63974],[-84.67904,37.63681],[-84.67248,37.64061],[-84.67891,37.6424],[-84.67815,37.64603],[-84.67229,37.64582],[-84.66839,37.64718],[-84.66596,37.65288],[-84.65928,37.65473],[-84.65567,37.65398],[-84.65183,37.64968],[-84.65255,37.64359],[-84.65425,37.64083],[-84.65952,37.64244],[-84.66606,37.63976],[-84.66453,37.63311],[-84.6583,37.6345],[-84.6544,37.62741],[-84.65467,37.62342],[-84.65838,37.61775],[-84.66207,37.62411],[-84.66617,37.6175],[-84.67306,37.61589],[-84.67717,37.6182],[-84.67491,37.62102],[-84.67662,37.62398],[-84.68381,37.62099],[-84.6903,37.62243],[-84.69556,37.61903],[-84.69591,37.61642],[-84.68928,37.61437],[-84.68828,37.61251],[-84.69589,37.60971],[-84.6961,37.60772],[-84.72367,37.59134],[-84.74699,37.58561],[-84.74447,37.59403],[-84.74613,37.59758],[-84.75537,37.5961],[-84.75683,37.58836],[-84.75286,37.58854],[-84.74731,37.58553],[-84.78336,37.5767],[-84.84743,37.54834],[-84.85709,37.52852],[-84.85792,37.48407],[-84.86013,37.46735],[-84.85082,37.42714],[-84.8085,37.39927],[-84.7961,37.39056],[-84.73584,37.36636],[-84.72283,37.36004],[-84.70682,37.30222],[-84.7064,37.29954],[-84.71204,37.29847],[-84.71364,37.29387],[-84.71733,37.29217],[-84.72416,37.28668],[-84.72287,37.28298],[-84.72306,37.27434],[-84.71996,37.27169],[-84.72078,37.26848],[-84.71896,37.26006],[-84.71993,37.25784],[-84.71595,37.25265],[-84.71998,37.24958],[-84.71838,37.24533],[-84.721,37.24347],[-84.72071,37.23833],[-84.70812,37.24717],[-84.70373,37.24293],[-84.69511,37.22943],[-84.68943,37.2141],[-84.68515,37.21066],[-84.67698,37.21661],[-84.6515,37.22849],[-84.62797,37.23534],[-84.6186,37.24042],[-84.61947,37.25091],[-84.62016,37.27204],[-84.62364,37.28006],[-84.62952,37.28195],[-84.63164,37.28537],[-84.63412,37.30052],[-84.55646,37.35573],[-84.50293,37.3288],[-84.46585,37.43462],[-84.44672,37.48589],[-84.37444,37.47266],[-84.37044,37.48009],[-84.36777,37.48074],[-84.36643,37.48593],[-84.36205,37.48843],[-84.35747,37.49495],[-84.35433,37.50176],[-84.35892,37.50567],[-84.36132,37.51367],[-84.35354,37.5216],[-84.34868,37.5344],[-84.3478,37.53906],[-84.35152,37.54193],[-84.35275,37.54704],[-84.35169,37.55264],[-84.35812,37.55713],[-84.35799,37.55942],[-84.36304,37.56359],[-84.3624,37.56731],[-84.36545,37.57032],[-84.36951,37.57047],[-84.36997,37.57586],[-84.37213,37.58101],[-84.36995,37.58506],[-84.37277,37.58778],[-84.37533,37.59547],[-84.3816,37.59646],[-84.38596,37.59561],[-84.38908,37.5994],[-84.39753,37.60002],[-84.39888,37.60559],[-84.39918,37.61561],[-84.40578,37.61827],[-84.41215,37.61722],[-84.41969,37.61793],[-84.41924,37.62176],[-84.41463,37.62289],[-84.41797,37.62883],[-84.41242,37.63044],[-84.41319,37.63321],[-84.42124,37.63281],[-84.42661,37.63766],[-84.42449,37.64065],[-84.41824,37.6417],[-84.43107,37.65025],[-84.4279,37.65417],[-84.42971,37.65603],[-84.4344,37.65299],[-84.44273,37.65524],[-84.43841,37.66211],[-84.44234,37.66263],[-84.44629,37.67129],[-84.44266,37.67791],[-84.44783,37.67971],[-84.45182,37.67511],[-84.45695,37.67632],[-84.4606,37.68254],[-84.46488,37.68385],[-84.46418,37.68711],[-84.4537,37.69121],[-84.4495,37.69609],[-84.45111,37.69811],[-84.45941,37.69479],[-84.46169,37.69546],[-84.47006,37.70173],[-84.4745,37.70807],[-84.48362,37.70888],[-84.4854,37.71113],[-84.48393,37.72026],[-84.49055,37.72895],[-84.49304,37.72482],[-84.49727,37.72636],[-84.49712,37.72967],[-84.50327,37.73442],[-84.50189,37.73661],[-84.49374,37.74013],[-84.49448,37.74746],[-84.49954,37.74717],[-84.50274,37.74935],[-84.50368,37.75415],[-84.51143,37.75405],[-84.51488,37.75737],[-84.51146,37.76507],[-84.51353,37.76705],[-84.52564,37.7695],[-84.53121,37.77104],[-84.5382,37.76786],[-84.53919,37.76472],[-84.53853,37.75639],[-84.5412,37.75365],[-84.54929,37.75204],[-84.55537,37.74923],[-84.55966,37.74404],[-84.56267,37.73682],[-84.57031,37.72871],[-84.57917,37.73072],[-84.58723,37.73533],[-84.5892,37.74275],[-84.58521,37.75061],[-84.59065,37.75416],[-84.59642,37.75339],[-84.60161,37.74936],[-84.6041,37.74399],[-84.60672,37.74308],[-84.61414,37.74523],[-84.61621,37.74832],[-84.6055,37.7553],[-84.60459,37.75909],[-84.6119,37.76671],[-84.6281,37.77409],[-84.63452,37.77267],[-84.63808,37.77354],[-84.64292,37.77811],[-84.64475,37.78834],[-84.64248,37.79189],[-84.63129,37.79682],[-84.62608,37.79703],[-84.61567,37.79169],[-84.60849,37.7928],[-84.60749,37.79524],[-84.60946,37.80043],[-84.61657,37.80397],[-84.64208,37.80679],[-84.64917,37.80966],[-84.6595,37.80917],[-84.66032,37.80604],[-84.65711,37.80109],[-84.65071,37.79482],[-84.64923,37.79192],[-84.65114,37.78773],[-84.6569,37.78392],[-84.66269,37.78302],[-84.6688,37.78377],[-84.67326,37.7862],[-84.67721,37.79071],[-84.67913,37.79601],[-84.67982,37.80269],[-84.67778,37.81243],[-84.67544,37.81753],[-84.67589,37.82624],[-84.67974,37.82976],[-84.68331,37.83023],[-84.69572,37.82787],[-84.69897,37.82602],[-84.70566,37.81945],[-84.71148,37.81656],[-84.71692,37.81539],[-84.71475,37.81222],[-84.71344,37.80642],[-84.71656,37.80222],[-84.71643,37.79956],[-84.7098,37.80008],[-84.71189,37.79333],[-84.70541,37.79313],[-84.70332,37.79096],[-84.70383,37.78541],[-84.71041,37.78114],[-84.71167,37.77445],[-84.71577,37.76999],[-84.71017,37.76601],[-84.70192,37.76685],[-84.69382,37.76282],[-84.6959,37.75705],[-84.70318,37.75527],[-84.70518,37.74827],[-84.70171,37.74535],[-84.69148,37.74485],[-84.68856,37.74175],[-84.68833,37.73622],[-84.69044,37.73499],[-84.69609,37.73919],[-84.7058,37.73625],[-84.70591,37.73162],[-84.69805,37.73061],[-84.68948,37.72696],[-84.69674,37.72283],[-84.70218,37.72539],[-84.70952,37.72426],[-84.71737,37.72442],[-84.72331,37.72591],[-84.7279,37.72881],[-84.73017,37.72543],[-84.72428,37.7162],[-84.72674,37.7138],[-84.73333,37.71803],[-84.73873,37.71865],[-84.74501,37.71618],[-84.74489,37.71308]]]},"properties":{"STATEFP":"21","SLDLST":"080","AFFGEOID":"620L800US21080","GEOID":"21080","NAME":"80","NAMELSAD":"State House District 80","STUSPS":"KY","STATE_NAME":"Kentucky","LSAD":"LL","LSY":"2022","ALAND":1499045476,"AWATER":19637233}},
{"type":"Feature","geometry":{"type":"Polygon","coordinates":[[[-84.69192,39.00543],[-84.69584,39.00094],[-84.6949,38.99879],[-84.69704,38.99383],[-84.69589,38.98939],[-84.69217,38.98594],[-84.68602,38.98452],[-84.68559,38.98072],[-84.69228,38.97922],[-84.69547,38.9768],[-84.70152,38.97885],[-84.70344,38.97441],[-84.7196,38.97552],[-84.71941,38.98261],[-84.73658,38.97094],[-84.7375,38.9682],[-84.7425,38.96425],[-84.74046,38.96173],[-84.74221,38.95503],[-84.7501,38.95585],[-84.76014,38.95514],[-84.7647,38.95135],[-84.77125,38.94884],[-84.77188,38.94553],[-84.77792,38.94464],[-84.78788,38.94062],[-84.79256,38.93613],[-84.79099,38.93155],[-84.79663,38.93074],[-84.79938,38.92467],[-84.80393,38.91859],[-84.80396,38.90693],[-84.79957,38.9052],[-84.79971,38.90128],[-84.80278,38.89658],[-84.80108,38.89134],[-84.79248,38.88674],[-84.78641,38.88222],[-84.78458,38.87532],[-84.7858,38.8695],[-84.791,38.86057],[-84.79483,38.8572],[-84.78927,38.85522],[-84.78416,38.85625],[-84.77902,38.85951],[-84.77826,38.84782],[-84.77298,38.84548],[-84.7658,38.84893],[-84.76002,38.84719],[-84.75822,38.84195],[-84.75446,38.84003],[-84.75012,38.83065],[-84.73999,38.83026],[-84.73856,38.83121],[-84.73776,38.83859],[-84.73568,38.84096],[-84.72459,38.84365],[-84.73602,38.86397],[-84.73974,38.86471],[-84.73594,38.88382],[-84.72959,38.88365],[-84.72571,38.89135],[-84.72189,38.89155],[-84.71714,38.8997],[-84.71156,38.90285],[-84.70932,38.90851],[-84.70406,38.9093],[-84.6968,38.91526],[-84.69577,38.91837],[-84.69072,38.91844],[-84.67811,38.92252],[-84.67519,38.93094],[-84.6756,38.93538],[-84.66697,38.93499],[-84.66704,38.92805],[-84.66385,38.92503],[-84.66374,38.92071],[-84.66849,38.91836],[-84.6698,38.91372],[-84.66297,38.91063],[-84.64568,38.90781],[-84.64201,38.90634],[-84.63589,38.91347],[-84.63942,38.91446],[-84.647,38.92033],[-84.65206,38.92919],[-84.6462,38.93126],[-84.64146,38.93575],[-84.63043,38.9318],[-84.61506,38.93058],[-84.60601,38.93137],[-84.60917,38.95717],[-84.61348,38.99234],[-84.62222,38.98856],[-84.6245,38.99311],[-84.62908,38.99155],[-84.62541,38.98793],[-84.63055,38.9827],[-84.63412,38.98184],[-84.64046,38.97768],[-84.64294,38.98098],[-84.64787,38.98098],[-84.64822,38.97605],[-84.65349,38.97209],[-84.6574,38.97786],[-84.65256,38.98086],[-84.65477,38.98446],[-84.66221,38.98215],[-84.66357,38.98702],[-84.66819,38.98688],[-84.67193,38.99114],[-84.66869,38.99769],[-84.67248,39.00135],[-84.6783,38.99933],[-84.68285,39.00589],[-84.69192,39.00543]]]},"properties":{"STATEFP":"21","SLDLST":"060","AFFGEOID":"620L800US21060","GEOID":"21060","NAME":"60","NAMELSAD":"State House District 60","STUSPS":"KY","STATE_NAME":"Kentucky","LSAD":"LL","LSY":"2022","ALAND":141849511,"AWATER":2280647}},
{"type":"Feature","geometry":{"type":"Polygon","coordinates":[[[-87.92709,37.9017],[-87.93836,37.8908],[-87.94007,37.88767],[-87.94102,37.87917],[-87.94,37.87504],[-87.93623,37.86794],[-87.9273,37.85871],[-87.91489,37.84962],[-87.91028,37.84342],[-87.90777,37.83761],[-87.9038,37.81776],[-87.90681,37.80762],[-87.91914,37.80213],[-87.92754,37.79985],[-87.93494,37.79522],[-87.9347,37.79183],[-87.9386,37.78791],[-87.94451,37.77526],[-87.94859,37.77234],[-87.95259,37.77174],[-87.96003,37.77322],[-87.97026,37.78186],[-87.97639,37.788],[-87.99117,37.79405],[-87.9971,37.79767],[-88.00471,37.80015],[-88.01514,37.80193],[-88.02102,37.80141],[-88.02803,37.79922],[-88.03244,37.79636],[-88.03583,37.79192],[-88.03877,37.78431],[-88.04087,37.77208],[-88.0426,37.76712],[-88.04994,37.75408],[-88.05959,37.74261],[-88.0638,37.73865],[-88.07254,37.73329],[-88.08192,37.73039],[-88.09576,37.72321],[-88.10184,37.71804],[-88.1178,37.71258],[-88.12503,37.70709],[-88.13234,37.69714],[-88.13428,37.6915],[-88.14543,37.68259],[-88.15165,37.6751],[-88.15821,37.66454],[-88.16019,37.65759],[-88.15864,37.6491],[-88.15837,37.63995],[-88.15683,37.6328],[-88.15269,37.62283],[-88.14175,37.60285],[-88.14238,37.59243],[-88.14078,37.58522],[-88.13428,37.57464],[-88.12294,37.56935],[-88.10314,37.55394],[-88.09281,37.53964],[-88.08805,37.53512],[-88.07805,37.53203],[-88.07224,37.52883],[-88.06902,37.5253],[-88.06331,37.51576],[-88.06283,37.50812],[-88.06129,37.50523],[-88.06256,37.49595],[-88.06784,37.48587],[-88.07346,37.48529],[-88.08177,37.47302],[-88.08907,37.47163],[-88.09262,37.47366],[-88.0998,37.47357],[-88.12801,37.47051],[-88.13514,37.47163],[-88.15706,37.46694],[-88.17176,37.46561],[-88.17528,37.46379],[-88.18861,37.4619],[-88.20692,37.46019],[-88.22501,37.45739],[-88.23778,37.45681],[-88.25519,37.45675],[-88.28167,37.4526],[-88.29782,37.44682],[-88.31258,37.44059],[-88.31752,37.43618],[-88.33062,37.42932],[-88.33318,37.42721],[-88.3484,37.41073],[-88.3585,37.40482],[-88.35447,37.39703],[-88.34736,37.39707],[-88.33208,37.39461],[-88.3281,37.39974],[-88.3246,37.39772],[-88.32354,37.3938],[-88.31793,37.3967],[-88.31285,37.39194],[-88.31333,37.38809],[-88.30794,37.38678],[-88.3103,37.38204],[-88.29945,37.37794],[-88.30417,37.37015],[-88.30155,37.36671],[-88.30485,37.36248],[-88.30052,37.35301],[-88.29396,37.34947],[-88.29576,37.34681],[-88.29639,37.34102],[-88.29363,37.33538],[-88.26736,37.31732],[-88.21898,37.27315],[-88.20095,37.23528],[-88.20531,37.2268],[-88.20042,37.22721],[-88.19981,37.22406],[-88.19625,37.21948],[-88.2002,37.20979],[-88.2035,37.21015],[-88.20576,37.20566],[-88.2048,37.20359],[-88.21094,37.20002],[-88.21029,37.19714],[-88.21747,37.1904],[-88.21659,37.18793],[-88.22034,37.18301],[-88.20865,37.17819],[-88.20336,37.17703],[-88.19577,37.17322],[-88.18987,37.16637],[-88.18729,37.15454],[-88.19352,37.14726],[-88.19278,37.14433],[-88.19602,37.13769],[-88.19214,37.13464],[-88.19208,37.12961],[-88.18245,37.13355],[-88.18456,37.12673],[-88.17534,37.12776],[-88.17199,37.13],[-88.16016,37.13307],[-88.16265,37.13735],[-88.16338,37.14315],[-88.15898,37.14369],[-88.1532,37.14953],[-88.1473,37.14711],[-88.14676,37.15141],[-88.13663,37.14681],[-88.13168,37.1497],[-88.13311,37.15166],[-88.13158,37.15822],[-88.12731,37.15411],[-88.12241,37.15396],[-88.12021,37.15688],[-88.11033,37.15984],[-88.10755,37.16613],[-88.10166,37.16935],[-88.10039,37.173],[-88.1018,37.17792],[-88.09578,37.17968],[-88.08882,37.17941],[-88.08358,37.18412],[-88.08373,37.19215],[-88.08614,37.19746],[-88.08885,37.19972],[-88.08957,37.2068],[-88.08307,37.20862],[-88.08047,37.21213],[-88.08313,37.21686],[-88.08946,37.21877],[-88.08949,37.22207],[-88.08106,37.22335],[-88.07887,37.22674],[-88.07486,37.22734],[-88.06752,37.23059],[-88.06117,37.23155],[-88.05419,37.22952],[-88.05163,37.23404],[-88.05248,37.23766],[-88.00376,37.26512],[-87.80842,37.37495],[-87.80537,37.37131],[-87.81146,37.36409],[-87.81996,37.36603],[-87.82822,37.3589],[-87.82789,37.35299],[-87.82487,37.35183],[-87.8184,37.35403],[-87.81341,37.35065],[-87.74922,37.38285],[-87.65853,37.42878],[-87.59357,37.46196],[-87.49867,37.48706],[-87.49662,37.489],[-87.37515,37.56999],[-87.36898,37.55866],[-87.3609,37.55024],[-87.35961,37.54613],[-87.36216,37.53971],[-87.36663,37.53484],[-87.3653,37.53278],[-87.36005,37.53281],[-87.35456,37.52837],[-87.35346,37.52402],[-87.3494,37.51867],[-87.35002,37.51414],[-87.35794,37.50707],[-87.35963,37.50228],[-87.35688,37.49539],[-87.36166,37.48805],[-87.35411,37.48065],[-87.35441,37.47669],[-87.35733,37.47122],[-87.3583,37.46569],[-87.35588,37.46037],[-87.35514,37.44631],[-87.35134,37.4375],[-87.35262,37.42752],[-87.35109,37.42493],[-87.33537,37.4119],[-87.33218,37.41158],[-87.32971,37.40822],[-87.32854,37.39846],[-87.32037,37.39803],[-87.31917,37.4008],[-87.31148,37.40187],[-87.30814,37.40037],[-87.30519,37.39491],[-87.30212,37.39374],[-87.30053,37.39016],[-87.29596,37.39182],[-87.25177,37.38641],[-87.23903,37.38517],[-87.22967,37.38238],[-87.22862,37.38361],[-87.21634,37.38045],[-87.20917,37.38224],[-87.17107,37.41359],[-87.1123,37.41154],[-87.1062,37.41528],[-87.0998,37.41604],[-87.10123,37.42093],[-87.10042,37.42803],[-87.10446,37.43587],[-87.10274,37.44553],[-87.10484,37.46155],[-87.10701,37.46359],[-87.11464,37.46565],[-87.12118,37.46969],[-87.12363,37.47521],[-87.13046,37.48185],[-87.12872,37.48524],[-87.12427,37.48695],[-87.12094,37.48425],[-87.12029,37.47977],[-87.11789,37.47825],[-87.11727,37.47238],[-87.11334,37.47151],[-87.10727,37.47954],[-87.10311,37.4809],[-87.04938,37.55186],[-87.03826,37.5608],[-87.04299,37.5643],[-87.04844,37.56602],[-87.05741,37.57074],[-87.0649,37.57259],[-87.0679,37.56889],[-87.07673,37.5679],[-87.09553,37.56693],[-87.10565,37.5692],[-87.10878,37.57116],[-87.13882,37.57563],[-87.14898,37.58017],[-87.15631,37.58579],[-87.15982,37.587],[-87.26161,37.62201],[-87.40855,37.68356],[-87.41301,37.67468],[-87.42053,37.67015],[-87.42668,37.66991],[-87.43844,37.67093],[-87.45388,37.66935],[-87.46489,37.66766],[-87.47281,37.66487],[-87.47684,37.66132],[-87.49414,37.64896],[-87.49533,37.64755],[-87.52413,37.64616],[-87.60229,37.64336],[-87.64418,37.64228],[-87.73454,37.63838],[-87.73777,37.64496],[-87.74346,37.65361],[-87.75025,37.66208],[-87.75478,37.67133],[-87.75095,37.67816],[-87.75454,37.71203],[-87.75426,37.71862],[-87.75565,37.72776],[-87.75399,37.73168],[-87.76611,37.75007],[-87.76183,37.76069],[-87.76819,37.76305],[-87.77269,37.76669],[-87.77753,37.76544],[-87.7833,37.76105],[-87.77907,37.7569],[-87.77897,37.75426],[-87.78709,37.75587],[-87.79046,37.7543],[-87.79933,37.76008],[-87.7972,37.76498],[-87.79203,37.77029],[-87.79947,37.77281],[-87.81109,37.77119],[-87.81496,37.7685],[-87.81989,37.76835],[-87.92709,37.9017]]]},"properties":{"STATEFP":"21","SLDLST":"012","AFFGEOID":"620L800US21012","GEOID":"21012","NAME":"12","NAMELSAD":"State House District 12","STUSPS":"KY","STATE_NAME":"Kentucky","LSAD":"LL","LSY":"2022","ALAND":3333304151,"AWATER":102054571}},
{"type":"Feature","geometry":{"type":"Polygon","coordinates":[[[-84.3478,37.53906],[-84.34868,37.5344],[-84.35354,37.5216],[-84.36132,37.51367],[-84.35892,37.50567],[-84.35433,37.50176],[-84.35747,37.49495],[-84.36205,37.48843],[-84.36643,37.48593],[-84.36777,37.48074],[-84.37044,37.48009],[-84.37444,37.47266],[-84.44672,37.48589],[-84.46585,37.43462],[-84.50293,37.3288],[-84.55646,37.35573],[-84.63412,37.30052],[-84.63164,37.28537],[-84.62952,37.28195],[-84.62364,37.28006],[-84.62016,37.27204],[-84.61947,37.25091],[-84.6186,37.24042],[-84.6154,37.23278],[-84.61076,37.22688],[-84.60442,37.22159],[-84.59634,37.21739],[-84.59378,37.21342],[-84.59935,37.20635],[-84.60725,37.19919],[-84.61098,37.18842],[-84.6097,37.18574],[-84.59872,37.18067],[-84.59638,37.17657],[-84.5957,37.16931],[-84.59287,37.1683],[-84.59255,37.164],[-84.5898,37.16273],[-84.57138,37.16203],[-84.54887,37.15652],[-84.54734,37.15393],[-84.54284,37.15541],[-84.5322,37.1542],[-84.52684,37.15665],[-84.51423,37.16472],[-84.51061,37.1696],[-84.50499,37.18164],[-84.50915,37.18803],[-84.50924,37.19183],[-84.4953,37.19402],[-84.48643,37.18577],[-84.47578,37.17803],[-84.46902,37.17522],[-84.45606,37.17561],[-84.45552,37.18478],[-84.45639,37.1929],[-84.44919,37.20809],[-84.42515,37.20753],[-84.41428,37.20478],[-84.4037,37.20395],[-84.39082,37.20474],[-84.37303,37.20714],[-84.36593,37.21029],[-84.36241,37.21409],[-84.30047,37.16394],[-84.29208,37.16091],[-84.28908,37.15174],[-84.29183,37.14933],[-84.29372,37.14433],[-84.29133,37.14027],[-84.29228,37.13546],[-84.28941,37.12956],[-84.29699,37.12226],[-84.29389,37.12113],[-84.28753,37.12344],[-84.27903,37.11966],[-84.28171,37.11431],[-84.2887,37.1153],[-84.29296,37.11356],[-84.29072,37.11038],[-84.28003,37.10147],[-84.17287,37.12582],[-84.17281,37.13417],[-84.1676,37.13673],[-84.16532,37.14009],[-84.16484,37.14762],[-84.16715,37.14985],[-84.15607,37.15236],[-84.15278,37.15594],[-84.15135,37.1618],[-84.14656,37.16079],[-84.14154,37.16428],[-84.13713,37.1631],[-84.13343,37.16748],[-84.12739,37.16851],[-84.1234,37.16633],[-84.12117,37.16831],[-84.12658,37.17438],[-84.12561,37.17916],[-84.11892,37.18759],[-84.12055,37.19287],[-84.12357,37.19727],[-84.12037,37.20055],[-84.12368,37.2033],[-84.13062,37.2055],[-84.13041,37.20848],[-84.13537,37.21273],[-84.14509,37.21846],[-84.14909,37.22346],[-84.15437,37.22443],[-84.14919,37.2302],[-84.16242,37.23419],[-84.16433,37.24079],[-84.17062,37.23632],[-84.17458,37.23486],[-84.181,37.23475],[-84.1849,37.2325],[-84.18846,37.23347],[-84.19499,37.23241],[-84.16581,37.2091],[-84.16439,37.20534],[-84.18744,37.21324],[-84.19938,37.21519],[-84.20607,37.22086],[-84.23924,37.24052],[-84.23757,37.24423],[-84.23289,37.24833],[-84.22973,37.24793],[-84.22823,37.24167],[-84.22263,37.23893],[-84.21783,37.24243],[-84.21624,37.28026],[-84.20157,37.28006],[-84.19652,37.28602],[-84.19214,37.28517],[-84.18926,37.28699],[-84.18712,37.29259],[-84.1825,37.29467],[-84.17878,37.29928],[-84.1801,37.30396],[-84.17032,37.30549],[-84.17058,37.29988],[-84.16339,37.30056],[-84.15785,37.30345],[-84.14855,37.30245],[-84.14483,37.30921],[-84.13901,37.30906],[-84.13569,37.31328],[-84.1379,37.31976],[-84.14177,37.32479],[-84.14593,37.32748],[-84.14437,37.33075],[-84.13682,37.32938],[-84.13604,37.33531],[-84.14192,37.3403],[-84.14079,37.34431],[-84.13377,37.34414],[-84.13365,37.34993],[-84.14068,37.34967],[-84.14302,37.35234],[-84.12913,37.35784],[-84.13095,37.36131],[-84.13563,37.36437],[-84.13878,37.3684],[-84.14559,37.36858],[-84.15624,37.37457],[-84.15758,37.37736],[-84.16948,37.38541],[-84.16937,37.39664],[-84.16387,37.40472],[-84.16317,37.411],[-84.15928,37.41737],[-84.16955,37.42623],[-84.16894,37.42985],[-84.17302,37.43264],[-84.17692,37.4412],[-84.18304,37.44543],[-84.18437,37.44809],[-84.18245,37.45285],[-84.18468,37.4558],[-84.18926,37.45684],[-84.19077,37.46495],[-84.19302,37.46638],[-84.1962,37.4777],[-84.20011,37.48352],[-84.20355,37.48618],[-84.20406,37.49044],[-84.20016,37.49571],[-84.20361,37.4988],[-84.20478,37.50759],[-84.20415,37.51156],[-84.19821,37.51531],[-84.19949,37.52286],[-84.17228,37.55699],[-84.17002,37.56179],[-84.1689,37.56936],[-84.177,37.57156],[-84.18018,37.57013],[-84.18415,37.57349],[-84.18916,37.57181],[-84.19498,37.5726],[-84.19959,37.57156],[-84.20669,37.57207],[-84.20984,37.582],[-84.2116,37.58398],[-84.21912,37.58267],[-84.22909,37.58856],[-84.2382,37.59075],[-84.239,37.59275],[-84.24872,37.596],[-84.25357,37.60623],[-84.25011,37.60817],[-84.2575,37.61056],[-84.26149,37.61329],[-84.25723,37.62092],[-84.26984,37.62515],[-84.27733,37.62864],[-84.27638,37.63129],[-84.28382,37.63213],[-84.28427,37.63721],[-84.29032,37.63548],[-84.29413,37.64188],[-84.30166,37.63888],[-84.30495,37.64861],[-84.31103,37.64542],[-84.31434,37.64644],[-84.31713,37.62841],[-84.31482,37.61852],[-84.31454,37.6018],[-84.32345,37.60165],[-84.32423,37.59359],[-84.31459,37.59006],[-84.31349,37.58367],[-84.3145,37.57483],[-84.32028,37.57754],[-84.32308,37.57447],[-84.32824,37.57482],[-84.32932,37.57127],[-84.3243,37.5683],[-84.32449,37.56526],[-84.33082,37.56],[-84.32579,37.55434],[-84.31643,37.55562],[-84.31198,37.55928],[-84.30721,37.55797],[-84.29932,37.56006],[-84.29436,37.56566],[-84.29149,37.56531],[-84.29277,37.54921],[-84.29689,37.54934],[-84.29965,37.54403],[-84.29816,37.54159],[-84.30116,37.53626],[-84.30707,37.53512],[-84.30725,37.53097],[-84.31296,37.52833],[-84.31627,37.52986],[-84.31742,37.5348],[-84.32306,37.5391],[-84.32699,37.53747],[-84.32995,37.53952],[-84.33655,37.53608],[-84.3478,37.53906]]]},"properties":{"STATEFP":"21","SLDLST":"071","AFFGEOID":"620L800US21071","GEOID":"21071","NAME":"71","NAMELSAD":"State House District 71","STUSPS":"KY","STATE_NAME":"Kentucky","LSAD":"LL","LSY":"2022","ALAND":1366980147,"AWATER":9547154}},
{"type":"Feature","geometry":{"type":"Polygon","coordinates":[[[-85.42883,38.11838],[-85.43047,38.10725],[-85.43483,38.10575],[-85.43804,38.10193],[-85.44708,38.10155],[-85.45187,38.10231],[-85.46287,38.09588],[-85.46923,38.09622],[-85.51192,38.01288],[-85.51688,38.01127],[-85.4892,37.99065],[-85.46344,37.97138],[-85.44099,37.96482],[-85.44008,37.96349],[-85.42582,37.95963],[-85.41995,37.95617],[-85.41288,37.9492],[-85.40826,37.94693],[-85.39956,37.93993],[-85.38329,37.93984],[-85.37914,37.94035],[-85.30506,37.95319],[-85.16783,37.97181],[-85.1528,37.89766],[-85.14897,37.89672],[-85.14751,37.89101],[-85.14313,37.89234],[-85.13876,37.89158],[-85.13917,37.89698],[-85.14399,37.89837],[-85.14398,37.90191],[-85.13363,37.89861],[-85.13158,37.89978],[-85.13169,37.90454],[-85.12773,37.90761],[-85.12745,37.91421],[-85.1251,37.91615],[-85.11562,37.91391],[-85.10619,37.90925],[-85.10778,37.90385],[-85.10691,37.8939],[-85.10354,37.89122],[-85.08844,37.88765],[-85.08514,37.89191],[-85.07957,37.89122],[-85.07577,37.88853],[-85.06602,37.8889],[-85.06853,37.89549],[-85.06719,37.89653],[-85.05959,37.89043],[-85.05463,37.89406],[-85.04841,37.89583],[-85.04509,37.89184],[-85.03524,37.88844],[-85.0355,37.89168],[-85.02874,37.89216],[-85.02769,37.8888],[-85.02231,37.88648],[-85.0201,37.89106],[-85.02117,37.89356],[-85.01469,37.895],[-85.01349,37.89209],[-85.00798,37.89097],[-85.00617,37.89306],[-85.00745,37.89767],[-85.00114,37.90095],[-85.0007,37.90733],[-84.99554,37.90375],[-84.99327,37.90737],[-84.98719,37.90566],[-84.98657,37.91226],[-84.97914,37.91516],[-84.97719,37.92017],[-84.97721,37.92881],[-84.97335,37.93551],[-84.96824,37.93473],[-84.95738,37.93724],[-84.95627,37.94608],[-84.94862,37.94469],[-84.94804,37.94896],[-84.93308,37.95419],[-84.92162,37.95307],[-84.92228,37.94729],[-84.91809,37.94719],[-84.91536,37.94963],[-84.90938,37.94927],[-84.91007,37.94088],[-84.90501,37.94103],[-84.90214,37.93843],[-84.89558,37.94771],[-84.88973,37.94675],[-84.89243,37.94362],[-84.88375,37.93989],[-84.85719,37.94894],[-84.85494,37.95145],[-84.79633,37.97009],[-84.80669,37.97174],[-84.81216,37.9712],[-84.81806,37.97339],[-84.82354,37.98249],[-84.8215,37.98937],[-84.8166,37.9961],[-84.81714,38],[-84.82439,38.00362],[-84.8372,38.00784],[-84.83731,38.01424],[-84.83126,38.02012],[-84.82975,38.02362],[-84.83117,38.03048],[-84.8347,38.03448],[-84.84674,38.04091],[-84.84987,38.04586],[-84.84935,38.04891],[-84.84372,38.05271],[-84.82948,38.05221],[-84.82599,38.05499],[-84.82693,38.06046],[-84.83613,38.06381],[-84.84041,38.0664],[-84.84299,38.07001],[-84.8414,38.07259],[-84.82873,38.081],[-84.82742,38.08294],[-84.83011,38.09255],[-84.8363,38.09859],[-84.84217,38.1],[-84.85567,38.0902],[-84.8619,38.09128],[-84.86514,38.09644],[-84.86448,38.10758],[-84.86491,38.11693],[-84.87235,38.11723],[-84.87173,38.11265],[-84.87843,38.10865],[-84.88132,38.10216],[-84.88466,38.10097],[-84.88744,38.09701],[-84.90207,38.0959],[-84.9078,38.09367],[-84.91339,38.09553],[-84.91912,38.09959],[-84.958,38.10979],[-84.96739,38.11927],[-84.99204,38.12621],[-85.00733,38.12961],[-85.02371,38.12905],[-85.02675,38.12421],[-85.03129,38.12415],[-85.03965,38.11931],[-85.04198,38.11346],[-85.04627,38.11096],[-85.04492,38.10738],[-85.04809,38.09996],[-85.04895,38.0947],[-85.05454,38.08422],[-85.05262,38.07544],[-85.04778,38.07234],[-85.05896,38.06814],[-85.06169,38.06279],[-85.0713,38.05815],[-85.07792,38.04536],[-85.08403,38.04071],[-85.0934,38.03986],[-85.0992,38.03675],[-85.10165,38.03727],[-85.23264,38.0895],[-85.27557,38.10237],[-85.33872,38.12103],[-85.42405,38.14744],[-85.42768,38.12582],[-85.42883,38.11838]]]},"properties":{"STATEFP":"21","SLDLST":"053","AFFGEOID":"620L800US21053","GEOID":"21053","NAME":"53","NAMELSAD":"State House District 53","STUSPS":"KY","STATE_NAME":"Kentucky","LSAD":"LL","LSY":"2022","ALAND":1007323569,"AWATER":18161584}},
{"type":"Feature","geometry":{"type":"Polygon","coordinates":[[[-85.02343,38.7621],[-85.04094,38.75516],[-85.0524,38.74814],[-85.07193,38.74157],[-85.07954,38.7369],[-85.09773,38.72751],[-85.10141,38.72655],[-85.1069,38.72079],[-85.12524,38.70886],[-85.13199,38.70292],[-85.1367,38.70024],[-85.15616,38.69225],[-85.17305,38.68802],[-85.17657,38.68846],[-85.18864,38.68758],[-85.19211,38.68909],[-85.2045,38.69169],[-85.21326,38.69545],[-85.22112,38.70096],[-85.22623,38.70587],[-85.23509,38.718],[-85.2465,38.73182],[-85.25895,38.73777],[-85.26849,38.74016],[-85.27876,38.74165],[-85.28927,38.74236],[-85.30532,38.74155],[-85.33375,38.73608],[-85.34895,38.7323],[-85.36522,38.73047],[-85.37226,38.73045],[-85.39783,38.73562],[-85.41024,38.73714],[-85.41954,38.73551],[-85.4363,38.72848],[-85.44227,38.71985],[-85.45018,38.71193],[-85.45236,38.70819],[-85.45675,38.69225],[-85.45549,38.68209],[-85.44481,38.67008],[-85.43874,38.65932],[-85.43774,38.6489],[-85.43946,38.63581],[-85.43973,38.61149],[-85.4363,38.59839],[-85.41897,38.57132],[-85.41582,38.56356],[-85.41574,38.54672],[-85.41705,38.54173],[-85.42244,38.53293],[-85.42874,38.52707],[-85.43325,38.52468],[-85.42907,38.5196],[-85.42229,38.5209],[-85.41319,38.51788],[-85.40185,38.51865],[-85.39547,38.51807],[-85.39077,38.51565],[-85.37874,38.51882],[-85.37284,38.51504],[-85.37097,38.51073],[-85.3651,38.50753],[-85.35656,38.50971],[-85.35122,38.50899],[-85.34299,38.50561],[-85.3389,38.50281],[-85.32377,38.50082],[-85.31559,38.49593],[-85.31508,38.4921],[-85.34608,38.45954],[-85.33178,38.44311],[-85.32511,38.40408],[-85.29556,38.37391],[-85.28308,38.35805],[-85.11433,38.34488],[-84.99767,38.33559],[-84.90626,38.37484],[-84.89236,38.3552],[-84.88621,38.35372],[-84.88408,38.35153],[-84.88116,38.35685],[-84.87009,38.35633],[-84.8596,38.35661],[-84.84901,38.35464],[-84.83842,38.35693],[-84.83206,38.35075],[-84.82409,38.3483],[-84.81845,38.34779],[-84.81509,38.34964],[-84.80876,38.34931],[-84.80339,38.34683],[-84.79323,38.33851],[-84.74623,38.34948],[-84.74059,38.35242],[-84.70607,38.37006],[-84.64946,38.41657],[-84.62358,38.43119],[-84.58054,38.47304],[-84.60077,38.48103],[-84.60529,38.48054],[-84.60982,38.48243],[-84.61238,38.48121],[-84.62108,38.48168],[-84.62665,38.48513],[-84.62844,38.49139],[-84.63356,38.49502],[-84.63616,38.50284],[-84.64512,38.51326],[-84.65005,38.51529],[-84.6462,38.52078],[-84.65208,38.52352],[-84.65434,38.52851],[-84.65816,38.52908],[-84.65775,38.53282],[-84.66694,38.53175],[-84.66814,38.52776],[-84.67147,38.52743],[-84.67148,38.53471],[-84.66931,38.54076],[-84.66546,38.54345],[-84.66782,38.54553],[-84.67515,38.54615],[-84.6793,38.55128],[-84.67413,38.55512],[-84.6745,38.55794],[-84.68076,38.5597],[-84.73845,38.5957],[-84.77432,38.61859],[-84.78579,38.72046],[-84.78795,38.72385],[-84.79364,38.72463],[-84.79825,38.71669],[-84.80834,38.71233],[-84.81311,38.71198],[-84.81618,38.7074],[-84.81017,38.70482],[-84.81184,38.70231],[-84.82009,38.70334],[-84.82397,38.70525],[-84.83051,38.71148],[-84.84207,38.70323],[-84.84525,38.69657],[-84.85391,38.69755],[-84.85853,38.70058],[-84.86535,38.70063],[-84.87054,38.69839],[-84.87205,38.6898],[-84.88211,38.68498],[-84.8881,38.68735],[-84.88814,38.67813],[-84.89218,38.67663],[-84.89498,38.6787],[-84.90413,38.6785],[-84.90558,38.66936],[-84.91314,38.66877],[-84.92129,38.67043],[-84.92543,38.67342],[-84.93237,38.66656],[-84.93454,38.66213],[-84.96267,38.67959],[-84.99083,38.71814],[-85.02312,38.76133],[-85.02343,38.7621]]]},"properties":{"STATEFP":"21","SLDLST":"047","AFFGEOID":"620L800US21047","GEOID":"21047","NAME":"47","NAMELSAD":"State House District 47","STUSPS":"KY","STATE_NAME":"Kentucky","LSAD":"LL","LSY":"2022","ALAND":2365191878,"AWATER":65802632}},
{"type":"Feature","geometry":{"type":"Polygon","coordinates":[[[-84.55737,38.49292],[-84.553,38.48992],[-84.55146,38.47931],[-84.54713,38.4681],[-84.54392,38.46473],[-84.53142,38.45842],[-84.52621,38.44984],[-84.52711,38.44503],[-84.5265,38.43807],[-84.52795,38.43325],[-84.52402,38.43131],[-84.52282,38.42833],[-84.50264,38.41868],[-84.49551,38.41726],[-84.48946,38.4115],[-84.48543,38.41015],[-84.48136,38.40375],[-84.47426,38.40017],[-84.47182,38.39444],[-84.46769,38.39288],[-84.46627,38.38788],[-84.4624,38.38446],[-84.45989,38.37897],[-84.4611,38.36682],[-84.46266,38.36468],[-84.46263,38.358],[-84.46089,38.34843],[-84.45694,38.34263],[-84.45592,38.3365],[-84.45221,38.33148],[-84.44646,38.32862],[-84.44665,38.3244],[-84.44402,38.32057],[-84.43996,38.31926],[-84.43986,38.31512],[-84.43385,38.30416],[-84.43301,38.29906],[-84.43699,38.29625],[-84.44059,38.29617],[-84.44471,38.2851],[-84.44266,38.28324],[-84.43738,38.28361],[-84.43305,38.28031],[-84.42469,38.28112],[-84.41902,38.28727],[-84.4151,38.2875],[-84.40956,38.28549],[-84.39651,38.28269],[-84.38761,38.28219],[-84.38452,38.27913],[-84.37231,38.27951],[-84.36776,38.28392],[-84.36596,38.28981],[-84.36283,38.29479],[-84.35543,38.28818],[-84.34548,38.2851],[-84.33674,38.28928],[-84.3425,38.29499],[-84.3389,38.29654],[-84.33186,38.29297],[-84.32637,38.29431],[-84.32308,38.29774],[-84.31916,38.29596],[-84.31571,38.30194],[-84.3087,38.30403],[-84.30536,38.30645],[-84.31028,38.31],[-84.30853,38.31248],[-84.30168,38.31137],[-84.2934,38.3115],[-84.29658,38.31773],[-84.29074,38.3167],[-84.29056,38.31269],[-84.28184,38.31246],[-84.27886,38.31532],[-84.26447,38.32449],[-84.19405,38.37175],[-84.18125,38.38376],[-84.1021,38.45938],[-84.09709,38.46061],[-84.09275,38.45895],[-84.08752,38.45481],[-84.07336,38.45741],[-84.067,38.45468],[-84.0573,38.45278],[-84.05262,38.44992],[-84.04488,38.44795],[-84.02771,38.44098],[-84.02226,38.44457],[-84.01729,38.44535],[-84.01493,38.44263],[-84.01015,38.43287],[-84.00518,38.431],[-84.00295,38.43248],[-84.00401,38.43859],[-84.00277,38.44128],[-83.99801,38.43956],[-83.99725,38.43276],[-83.99944,38.42494],[-83.99368,38.42451],[-83.99127,38.43479],[-83.98145,38.43623],[-83.98007,38.43945],[-83.98428,38.44549],[-83.98139,38.45317],[-83.97616,38.45474],[-83.97026,38.46382],[-83.93035,38.49228],[-83.85928,38.45635],[-83.7562,38.49225],[-83.74551,38.4939],[-83.72174,38.50398],[-83.64185,38.52538],[-83.6246,38.61142],[-83.64041,38.63492],[-83.64512,38.63646],[-83.6483,38.63186],[-83.65714,38.62791],[-83.66414,38.62675],[-83.67144,38.62738],[-83.68604,38.63187],[-83.70401,38.63972],[-83.7134,38.64159],[-83.72078,38.6467],[-83.73821,38.64793],[-83.76244,38.6521],[-83.76935,38.65522],[-83.77216,38.65815],[-83.77714,38.67121],[-83.77996,38.68491],[-83.78362,38.69564],[-83.79068,38.70168],[-83.80632,38.70661],[-83.81388,38.70745],[-83.82185,38.70958],[-83.83401,38.71601],[-83.84059,38.72191],[-83.84621,38.74229],[-83.85208,38.75143],[-83.85903,38.75679],[-83.87317,38.76242],[-83.88711,38.7656],[-83.91292,38.76976],[-83.91722,38.76967],[-83.92699,38.77156],[-83.92845,38.77458],[-83.94398,38.78362],[-83.95355,38.78617],[-83.96212,38.78738],[-83.97881,38.7871],[-83.99545,38.78191],[-84.0061,38.78016],[-84.02311,38.77506],[-84.04449,38.77057],[-84.05164,38.7714],[-84.07149,38.77047],[-84.09433,38.77525],[-84.10884,38.77925],[-84.11565,38.78272],[-84.13509,38.78949],[-84.15591,38.79491],[-84.19836,38.80092],[-84.20559,38.80259],[-84.2129,38.80571],[-84.22206,38.81375],[-84.2253,38.81767],[-84.23042,38.8274],[-84.23596,38.82236],[-84.22509,38.74362],[-84.21423,38.65379],[-84.20737,38.5976],[-84.20105,38.60386],[-84.19568,38.59073],[-84.20526,38.58711],[-84.20535,38.58204],[-84.29646,38.57187],[-84.40032,38.5606],[-84.40367,38.56493],[-84.40975,38.56588],[-84.41244,38.56466],[-84.41482,38.55991],[-84.42551,38.55526],[-84.42031,38.55171],[-84.42393,38.55032],[-84.42789,38.54646],[-84.422,38.54567],[-84.42394,38.54194],[-84.42784,38.5389],[-84.43277,38.53917],[-84.43487,38.53651],[-84.44796,38.53684],[-84.45263,38.53103],[-84.45724,38.53199],[-84.45899,38.53678],[-84.46257,38.53486],[-84.46952,38.53798],[-84.47219,38.54399],[-84.4763,38.54272],[-84.48529,38.50855],[-84.49587,38.51221],[-84.50277,38.51198],[-84.50914,38.50743],[-84.51302,38.50884],[-84.52139,38.5083],[-84.52366,38.50564],[-84.52747,38.50571],[-84.53539,38.50083],[-84.54281,38.4993],[-84.55188,38.49322],[-84.55737,38.49292]]]},"properties":{"STATEFP":"21","SLDLST":"070","AFFGEOID":"620L800US21070","GEOID":"21070","NAME":"70","NAMELSAD":"State House District 70","STUSPS":"KY","STATE_NAME":"Kentucky","LSAD":"LL","LSY":"2022","ALAND":2198501161,"AWATER":42743233}},
{"type":"Feature","geometry":{"type":"Polygon","coordinates":[[[-88.60774,37.00585],[-88.63452,37.00509],[-88.64308,37.00523],[-88.6433,36.99473],[-88.64444,36.9771],[-88.64498,36.94266],[-88.60816,36.94259],[-88.58121,36.94349],[-88.54509,36.94254],[-88.4841,36.9421],[-88.48443,36.91194],[-88.48446,36.85372],[-88.48566,36.77469],[-88.4857,36.75033],[-88.44971,36.7507],[-88.43133,36.74977],[-88.41357,36.75067],[-88.39518,36.75024],[-88.29944,36.75003],[-88.2366,36.74975],[-88.22337,36.75005],[-88.14929,36.74864],[-88.13611,36.74866],[-88.1132,36.74629],[-88.11083,36.74715],[-88.11464,36.7558],[-88.11424,36.7625],[-88.11756,36.76683],[-88.12492,36.78272],[-88.12733,36.79841],[-88.12946,36.80626],[-88.14169,36.83449],[-88.14807,36.84638],[-88.15035,36.85343],[-88.15735,36.86718],[-88.1324,36.87331],[-88.12147,36.877],[-88.02781,36.90411],[-88.01241,36.90731],[-88.0027,36.91017],[-87.89067,36.96014],[-87.877,36.96012],[-87.94618,37.03528],[-87.97508,37.06739],[-87.99777,37.10428],[-88.01184,37.12623],[-88.04228,37.17477],[-88.06639,37.1774],[-88.07667,37.17659],[-88.09578,37.17968],[-88.1018,37.17792],[-88.10039,37.173],[-88.10166,37.16935],[-88.10755,37.16613],[-88.11033,37.15984],[-88.12021,37.15688],[-88.12241,37.15396],[-88.12731,37.15411],[-88.13158,37.15822],[-88.13311,37.15166],[-88.13168,37.1497],[-88.13663,37.14681],[-88.14676,37.15141],[-88.1473,37.14711],[-88.1532,37.14953],[-88.15898,37.14369],[-88.16338,37.14315],[-88.16265,37.13735],[-88.16016,37.13307],[-88.17199,37.13],[-88.17534,37.12776],[-88.18456,37.12673],[-88.18245,37.13355],[-88.19208,37.12961],[-88.19214,37.13464],[-88.19602,37.13769],[-88.19278,37.14433],[-88.19352,37.14726],[-88.21091,37.13043],[-88.21365,37.12554],[-88.21601,37.11799],[-88.21707,37.11091],[-88.21543,37.10182],[-88.21754,37.09485],[-88.22907,37.09067],[-88.23234,37.08614],[-88.23114,37.08158],[-88.22219,37.07089],[-88.21629,37.05623],[-88.22251,37.04964],[-88.22519,37.0454],[-88.22688,37.03805],[-88.22677,37.0276],[-88.22094,37.01678],[-88.2115,37.00408],[-88.20922,36.99998],[-88.22274,36.99163],[-88.24037,36.98191],[-88.25025,36.99209],[-88.25746,36.99727],[-88.26656,37.00643],[-88.27426,37.01711],[-88.28107,37.02294],[-88.29358,37.03242],[-88.30522,37.04643],[-88.31313,37.05157],[-88.3239,37.05484],[-88.33929,37.06122],[-88.35164,37.06157],[-88.36216,37.06395],[-88.37046,37.06328],[-88.38125,37.05861],[-88.39376,37.05569],[-88.41277,37.05309],[-88.42652,37.05008],[-88.4377,37.04594],[-88.4489,37.03493],[-88.46206,37.02815],[-88.47195,37.02472],[-88.48296,37.02257],[-88.48307,37.01167],[-88.48525,37.00111],[-88.48506,36.98108],[-88.50239,36.9875],[-88.51281,36.99414],[-88.52797,36.99325],[-88.53736,36.9956],[-88.55359,37.00283],[-88.55814,36.99824],[-88.56301,36.99603],[-88.56558,36.99707],[-88.58889,37.00218],[-88.59675,37.00817],[-88.59881,37.00593],[-88.60529,37.00403],[-88.60774,37.00585]]]},"properties":{"STATEFP":"21","SLDLST":"006","AFFGEOID":"620L800US21006","GEOID":"21006","NAME":"6","NAMELSAD":"State House District 6","STUSPS":"KY","STATE_NAME":"Kentucky","LSAD":"LL","LSY":"2022","ALAND":1422190486,"AWATER":210687300}},
{"type":"Feature","geometry":{"type":"Polygon","coordinates":[[[-83.8775,36.68726],[-83.87861,36.68034],[-83.9041,36.66866],[-83.91686,36.66138],[-83.92534,36.66071],[-83.93471,36.65654],[-83.93888,36.6536],[-83.94481,36.65235],[-83.95254,36.64868],[-83.95623,36.64549],[-83.95727,36.6422],[-83.95422,36.64073],[-83.95385,36.63658],[-83.95068,36.6357],[-83.94919,36.6321],[-83.94068,36.62807],[-83.93866,36.624],[-83.93242,36.61889],[-83.93166,36.61452],[-83.92471,36.60267],[-83.92843,36.59764],[-83.92833,36.5937],[-83.93076,36.58769],[-83.89442,36.58648],[-83.78902,36.58388],[-83.69071,36.58258],[-83.68301,36.59218],[-83.67951,36.59408],[-83.67561,36.59858],[-83.67311,36.60468],[-83.66561,36.60578],[-83.65771,36.61178],[-83.64951,36.61668],[-83.64831,36.62268],[-83.63981,36.62478],[-83.63501,36.62288],[-83.62501,36.62518],[-83.61991,36.62798],[-83.61451,36.63398],[-83.60561,36.63778],[-83.60301,36.63688],[-83.5943,36.64075],[-83.57731,36.64178],[-83.57475,36.64422],[-83.56541,36.64778],[-83.56261,36.65128],[-83.55411,36.65378],[-83.54731,36.65448],[-83.54181,36.65658],[-83.53311,36.66188],[-83.53191,36.66498],[-83.51601,36.66759],[-83.51171,36.66909],[-83.50141,36.66909],[-83.49391,36.67009],[-83.48261,36.66619],[-83.46648,36.6647],[-83.45801,36.66579],[-83.45471,36.66479],[-83.44081,36.66689],[-83.43651,36.66619],[-83.42371,36.66739],[-83.41181,36.67079],[-83.39581,36.67679],[-83.39531,36.67949],[-83.3861,36.68659],[-83.3675,36.69269],[-83.36401,36.69459],[-83.3602,36.69359],[-83.3428,36.70129],[-83.3157,36.70819],[-83.3071,36.71139],[-83.2878,36.71379],[-83.2857,36.71519],[-83.2755,36.71799],[-83.2693,36.71849],[-83.2636,36.72099],[-83.2555,36.72179],[-83.2463,36.72529],[-83.2364,36.72689],[-83.22,36.73129],[-83.1997,36.73749],[-83.1946,36.73949],[-83.1757,36.73959],[-83.1674,36.73919],[-83.1615,36.73989],[-83.1567,36.74219],[-83.1461,36.74179],[-83.13639,36.74309],[-83.13099,36.74979],[-83.12783,36.75083],[-83.12881,36.75786],[-83.12672,36.761],[-83.13248,36.7644],[-83.13109,36.76838],[-83.13268,36.77153],[-83.12899,36.77578],[-83.13324,36.78321],[-83.13178,36.78539],[-83.12334,36.78665],[-83.11914,36.78953],[-83.11079,36.80039],[-83.10309,36.80669],[-83.09849,36.81429],[-83.09889,36.82299],[-83.10179,36.82909],[-83.09889,36.83179],[-83.09129,36.83439],[-83.08699,36.83819],[-83.07969,36.84059],[-83.07519,36.84089],[-83.07379,36.84489],[-83.07559,36.85059],[-83.07259,36.85459],[-83.06399,36.85169],[-83.06049,36.85379],[-83.04759,36.85179],[-83.04219,36.85439],[-83.02689,36.85549],[-83.02189,36.84999],[-83.01259,36.84729],[-83.00609,36.84789],[-83.00379,36.85179],[-82.99838,36.85663],[-82.98871,36.85914],[-82.97923,36.85969],[-82.97025,36.85769],[-82.96095,36.86254],[-82.95168,36.86615],[-82.93757,36.86728],[-82.92241,36.87393],[-82.90777,36.87471],[-82.90632,36.87974],[-82.89544,36.88215],[-82.89003,36.88429],[-82.88463,36.88848],[-82.87949,36.88909],[-82.87864,36.89398],[-82.87321,36.89726],[-82.87007,36.90174],[-82.87747,36.90796],[-82.87621,36.91022],[-82.86712,36.91797],[-82.86003,36.92524],[-82.85796,36.92953],[-82.86168,36.93932],[-82.85997,36.94907],[-82.8561,36.95247],[-82.86287,36.95777],[-82.8654,36.95808],[-82.86736,36.96318],[-82.87023,36.9655],[-82.86918,36.97418],[-82.93897,37.01522],[-82.94112,37.01517],[-82.95593,37.00794],[-82.96021,37.0042],[-82.96556,37.00189],[-82.97893,36.99836],[-82.99099,36.99707],[-83.002,36.99314],[-82.99813,36.98799],[-82.99937,36.98534],[-82.99135,36.9753],[-82.99739,36.97197],[-83.01063,36.973],[-83.01546,36.97052],[-83.01015,36.96701],[-83.00886,36.95976],[-83.01569,36.95672],[-83.01852,36.95412],[-83.02379,36.95309],[-83.02798,36.94962],[-83.03074,36.94526],[-83.03966,36.94274],[-83.04622,36.94612],[-83.05112,36.94526],[-83.06319,36.93744],[-83.07234,36.93573],[-83.08042,36.93169],[-83.08693,36.93159],[-83.09307,36.92746],[-83.09893,36.93252],[-83.10955,36.92734],[-83.11853,36.92642],[-83.12202,36.92257],[-83.12476,36.91574],[-83.13291,36.9207],[-83.137,36.91889],[-83.1434,36.91381],[-83.14755,36.91471],[-83.15338,36.91135],[-83.16274,36.9081],[-83.16532,36.90291],[-83.17047,36.90081],[-83.1726,36.90384],[-83.17695,36.90427],[-83.18353,36.89887],[-83.18967,36.8954],[-83.19686,36.89616],[-83.20017,36.8917],[-83.20589,36.89233],[-83.20996,36.88851],[-83.21727,36.88639],[-83.22241,36.88251],[-83.22632,36.88396],[-83.23246,36.88202],[-83.23786,36.88243],[-83.24539,36.88133],[-83.2499,36.87953],[-83.25609,36.87464],[-83.25962,36.87326],[-83.2648,36.87408],[-83.27456,36.86856],[-83.28268,36.87079],[-83.28513,36.87393],[-83.28868,36.87444],[-83.29298,36.86991],[-83.29889,36.86779],[-83.30414,36.86266],[-83.31155,36.86008],[-83.31533,36.86133],[-83.3225,36.85927],[-83.3326,36.84653],[-83.3445,36.84238],[-83.35455,36.82782],[-83.35502,36.81753],[-83.35895,36.80833],[-83.36961,36.79904],[-83.37491,36.79818],[-83.37666,36.80047],[-83.37783,36.80678],[-83.37752,36.82038],[-83.38737,36.83007],[-83.3878,36.83336],[-83.40146,36.83744],[-83.40394,36.84418],[-83.4022,36.84841],[-83.40566,36.85231],[-83.40433,36.85575],[-83.40828,36.8668],[-83.4132,36.86679],[-83.41553,36.87039],[-83.42814,36.86714],[-83.44287,36.85972],[-83.4532,36.85368],[-83.46563,36.84928],[-83.476,36.84187],[-83.4907,36.83674],[-83.48171,36.84913],[-83.48801,36.85376],[-83.49387,36.86351],[-83.49466,36.87508],[-83.49698,36.88363],[-83.49433,36.88678],[-83.49336,36.89337],[-83.48981,36.89541],[-83.4999,36.89541],[-83.50411,36.89816],[-83.50349,36.90578],[-83.49899,36.90617],[-83.49806,36.90915],[-83.48942,36.9113],[-83.49022,36.91578],[-83.49425,36.91962],[-83.49952,36.91982],[-83.50151,36.9236],[-83.50468,36.92469],[-83.50948,36.92338],[-83.51152,36.92825],[-83.50908,36.93851],[-83.51338,36.9374],[-83.52069,36.93755],[-83.53085,36.94304],[-83.58952,36.95579],[-83.59074,36.95172],[-83.5875,36.94942],[-83.58382,36.94125],[-83.57864,36.93783],[-83.57342,36.94047],[-83.56982,36.93953],[-83.57009,36.93487],[-83.56674,36.93242],[-83.56761,36.92846],[-83.57205,36.92688],[-83.57578,36.92245],[-83.5739,36.91555],[-83.57452,36.91283],[-83.58034,36.90861],[-83.58109,36.90467],[-83.58912,36.90508],[-83.597,36.89911],[-83.59972,36.90099],[-83.60417,36.89708],[-83.6098,36.8963],[-83.61752,36.88878],[-83.6202,36.88419],[-83.62586,36.88467],[-83.63076,36.88815],[-83.63481,36.88667],[-83.64289,36.878],[-83.64058,36.87491],[-83.64381,36.87107],[-83.64241,36.86625],[-83.65234,36.86271],[-83.66327,36.86425],[-83.66711,36.85682],[-83.68288,36.85458],[-83.68544,36.84907],[-83.68898,36.84761],[-83.68912,36.8432],[-83.69177,36.83892],[-83.68794,36.83546],[-83.69887,36.83458],[-83.70585,36.83613],[-83.70955,36.83402],[-83.70759,36.83014],[-83.71017,36.82468],[-83.71474,36.82055],[-83.72125,36.82068],[-83.7274,36.81441],[-83.73248,36.8126],[-83.73815,36.80852],[-83.73873,36.80144],[-83.74376,36.79645],[-83.74559,36.79989],[-83.75254,36.79988],[-83.75404,36.80535],[-83.76414,36.80207],[-83.76753,36.80304],[-83.77526,36.79822],[-83.78121,36.80269],[-83.78616,36.80068],[-83.78985,36.79716],[-83.79211,36.79208],[-83.79431,36.79132],[-83.79825,36.7852],[-83.7963,36.77259],[-83.79931,36.7696],[-83.79996,36.76558],[-83.80861,36.76171],[-83.81112,36.75683],[-83.80889,36.75362],[-83.80917,36.7481],[-83.81946,36.74352],[-83.8289,36.74326],[-83.83235,36.73466],[-83.82988,36.73205],[-83.83337,36.72594],[-83.83017,36.7233],[-83.83326,36.71956],[-83.83733,36.71886],[-83.83942,36.71404],[-83.84616,36.70812],[-83.85565,36.70552],[-83.85994,36.71106],[-83.86564,36.71471],[-83.8719,36.70957],[-83.87395,36.70358],[-83.87165,36.69936],[-83.87704,36.69515],[-83.87966,36.68981],[-83.8775,36.68726]]]},"properties":{"STATEFP":"21","SLDLST":"087","AFFGEOID":"620L800US21087","GEOID":"21087","NAME":"87","NAMELSAD":"State House District 87","STUSPS":"KY","STATE_NAME":"Kentucky","LSAD":"LL","LSY":"2022","ALAND":1793587246,"AWATER":9916800}},
{"type":"Feature","geometry":{"type":"Polygon","coordinates":[[[-85.02343,38.7621],[-85.02312,38.76133],[-84.99083,38.71814],[-84.96267,38.67959],[-84.93454,38.66213],[-84.93237,38.66656],[-84.92543,38.67342],[-84.92129,38.67043],[-84.91314,38.66877],[-84.90558,38.66936],[-84.90413,38.6785],[-84.89498,38.6787],[-84.89218,38.67663],[-84.88814,38.67813],[-84.8881,38.68735],[-84.88211,38.68498],[-84.87205,38.6898],[-84.87054,38.69839],[-84.86535,38.70063],[-84.85853,38.70058],[-84.85391,38.69755],[-84.84525,38.69657],[-84.84207,38.70323],[-84.83051,38.71148],[-84.82397,38.70525],[-84.82009,38.70334],[-84.81184,38.70231],[-84.81017,38.70482],[-84.81618,38.7074],[-84.81311,38.71198],[-84.80834,38.71233],[-84.79825,38.71669],[-84.79364,38.72463],[-84.78795,38.72385],[-84.78579,38.72046],[-84.77432,38.61859],[-84.73845,38.5957],[-84.68076,38.5597],[-84.6745,38.55794],[-84.67413,38.55512],[-84.6793,38.55128],[-84.67515,38.54615],[-84.66782,38.54553],[-84.66546,38.54345],[-84.66931,38.54076],[-84.67148,38.53471],[-84.67147,38.52743],[-84.66814,38.52776],[-84.66694,38.53175],[-84.65775,38.53282],[-84.65816,38.52908],[-84.65434,38.52851],[-84.65208,38.52352],[-84.6462,38.52078],[-84.65005,38.51529],[-84.64512,38.51326],[-84.63616,38.50284],[-84.63356,38.49502],[-84.62844,38.49139],[-84.62665,38.48513],[-84.62108,38.48168],[-84.61238,38.48121],[-84.60982,38.48243],[-84.60529,38.48054],[-84.60077,38.48103],[-84.58054,38.47304],[-84.56067,38.49238],[-84.55737,38.49292],[-84.55188,38.49322],[-84.54281,38.4993],[-84.53539,38.50083],[-84.52747,38.50571],[-84.52366,38.50564],[-84.52139,38.5083],[-84.51302,38.50884],[-84.50914,38.50743],[-84.50277,38.51198],[-84.49587,38.51221],[-84.48529,38.50855],[-84.4763,38.54272],[-84.48948,38.59691],[-84.50031,38.64396],[-84.5049,38.665],[-84.52398,38.75431],[-84.53229,38.79194],[-84.5187,38.79361],[-84.52988,38.79674],[-84.53318,38.79631],[-84.53886,38.79997],[-84.54791,38.79801],[-84.55127,38.79591],[-84.56152,38.80371],[-84.55956,38.80732],[-84.56555,38.81886],[-84.56124,38.82139],[-84.56098,38.82723],[-84.56707,38.83188],[-84.56485,38.83603],[-84.55785,38.83742],[-84.55572,38.84153],[-84.55019,38.84451],[-84.54905,38.848],[-84.54018,38.84815],[-84.5416,38.85132],[-84.54614,38.85331],[-84.5462,38.85755],[-84.55125,38.8586],[-84.55222,38.86222],[-84.55828,38.86468],[-84.56396,38.86117],[-84.56901,38.86058],[-84.57825,38.86261],[-84.58046,38.86764],[-84.59463,38.87262],[-84.60031,38.86899],[-84.60855,38.83329],[-84.61686,38.8409],[-84.62909,38.8481],[-84.64034,38.85039],[-84.65006,38.84412],[-84.65403,38.84756],[-84.65758,38.84698],[-84.66322,38.85098],[-84.66794,38.84909],[-84.67367,38.85897],[-84.66211,38.85957],[-84.65792,38.86261],[-84.66022,38.866],[-84.65749,38.86827],[-84.64872,38.8686],[-84.6459,38.86522],[-84.6342,38.8714],[-84.63557,38.87386],[-84.62879,38.87757],[-84.62659,38.87543],[-84.62127,38.88098],[-84.62291,38.88419],[-84.61949,38.88644],[-84.61442,38.88448],[-84.60793,38.88905],[-84.60879,38.89419],[-84.61847,38.90846],[-84.62434,38.91904],[-84.63235,38.91659],[-84.63589,38.91347],[-84.64201,38.90634],[-84.64568,38.90781],[-84.66297,38.91063],[-84.6698,38.91372],[-84.66849,38.91836],[-84.66374,38.92071],[-84.66385,38.92503],[-84.66704,38.92805],[-84.66697,38.93499],[-84.6756,38.93538],[-84.67519,38.93094],[-84.67811,38.92252],[-84.69072,38.91844],[-84.69577,38.91837],[-84.6968,38.91526],[-84.70406,38.9093],[-84.70932,38.90851],[-84.71156,38.90285],[-84.71714,38.8997],[-84.72189,38.89155],[-84.72571,38.89135],[-84.72959,38.88365],[-84.73594,38.88382],[-84.73974,38.86471],[-84.73602,38.86397],[-84.72459,38.84365],[-84.73568,38.84096],[-84.73776,38.83859],[-84.73856,38.83121],[-84.73999,38.83026],[-84.75012,38.83065],[-84.75446,38.84003],[-84.75822,38.84195],[-84.76002,38.84719],[-84.7658,38.84893],[-84.77298,38.84548],[-84.77826,38.84782],[-84.77902,38.85951],[-84.78416,38.85625],[-84.78927,38.85522],[-84.79483,38.8572],[-84.80325,38.85072],[-84.81717,38.84342],[-84.82336,38.8392],[-84.82996,38.83063],[-84.82989,38.82541],[-84.8271,38.81863],[-84.81651,38.80532],[-84.81164,38.79277],[-84.81175,38.78917],[-84.81464,38.78449],[-84.82138,38.78311],[-84.82886,38.78327],[-84.83781,38.78491],[-84.85287,38.78938],[-84.86199,38.79109],[-84.87722,38.7925],[-84.88728,38.79478],[-84.89393,38.7937],[-84.90343,38.79002],[-84.91523,38.78409],[-84.92642,38.78048],[-84.93298,38.77752],[-84.94364,38.77543],[-84.94795,38.77549],[-84.96225,38.77818],[-84.97999,38.77958],[-84.99193,38.77854],[-84.99995,38.77472],[-85.01099,38.76703],[-85.02343,38.7621]]]},"properties":{"STATEFP":"21","SLDLST":"061","AFFGEOID":"620L800US21061","GEOID":"21061","NAME":"61","NAMELSAD":"State House District 61","STUSPS":"KY","STATE_NAME":"Kentucky","LSAD":"LL","LSY":"2022","ALAND":1081085451,"AWATER":24398833}},
{"type":"Feature","geometry":{"type":"Polygon","coordinates":[[[-87.29596,37.39182],[-87.29538,37.3871],[-87.29763,37.38484],[-87.30398,37.38329],[-87.30996,37.37679],[-87.30745,37.37388],[-87.30098,37.3747],[-87.29959,37.36831],[-87.30254,37.36557],[-87.3064,37.36626],[-87.31188,37.36369],[-87.32005,37.35117],[-87.31737,37.34776],[-87.32256,37.34388],[-87.33041,37.34407],[-87.33822,37.33599],[-87.33707,37.33004],[-87.33943,37.32448],[-87.34358,37.32541],[-87.34315,37.31894],[-87.33963,37.31496],[-87.34327,37.3134],[-87.34519,37.30986],[-87.35519,37.31087],[-87.35594,37.31441],[-87.36137,37.31304],[-87.36311,37.3169],[-87.36676,37.31854],[-87.37769,37.31214],[-87.37799,37.30511],[-87.37519,37.30432],[-87.37197,37.29923],[-87.37629,37.29679],[-87.38074,37.29201],[-87.38396,37.29083],[-87.37748,37.2857],[-87.38433,37.27906],[-87.38703,37.27361],[-87.38516,37.26696],[-87.38883,37.2614],[-87.3873,37.25542],[-87.37979,37.25342],[-87.37302,37.25048],[-87.36507,37.24959],[-87.3688,37.24644],[-87.3653,37.24164],[-87.36826,37.23877],[-87.35591,37.23658],[-87.35614,37.22999],[-87.34932,37.22695],[-87.34683,37.22347],[-87.34681,37.21903],[-87.34307,37.21616],[-87.34574,37.21233],[-87.34052,37.20935],[-87.33652,37.20988],[-87.33128,37.20478],[-87.33042,37.19996],[-87.31163,37.19682],[-87.30788,37.19461],[-87.30884,37.19105],[-87.31205,37.18988],[-87.31419,37.18524],[-87.31254,37.17989],[-87.31383,37.17704],[-87.31763,37.17606],[-87.32342,37.1715],[-87.32232,37.16781],[-87.32436,37.16553],[-87.33044,37.16474],[-87.33363,37.16149],[-87.33374,37.15719],[-87.33146,37.15385],[-87.33107,37.14474],[-87.32969,37.1349],[-87.33218,37.13297],[-87.32257,37.12685],[-87.31281,37.1137],[-87.30553,37.10954],[-87.30023,37.10822],[-87.29784,37.11219],[-87.29368,37.11272],[-87.28433,37.10802],[-87.28577,37.10305],[-87.2828,37.09716],[-87.28449,37.09594],[-87.27958,37.08901],[-87.28589,37.08727],[-87.28158,37.08087],[-87.2787,37.07377],[-87.2728,37.07095],[-87.2673,37.06996],[-87.25511,37.07463],[-87.2506,37.07032],[-87.24924,37.06584],[-87.24525,37.06412],[-87.24837,37.05828],[-87.24658,37.05441],[-87.25344,37.05329],[-87.26041,37.0539],[-87.25938,37.04977],[-87.25265,37.05053],[-87.2508,37.04907],[-87.25026,37.04056],[-87.16888,37.04308],[-87.11807,37.04473],[-87.05316,37.06102],[-87.00113,37.06941],[-86.9764,37.07359],[-86.94139,37.06898],[-86.84535,37.05651],[-86.79602,37.04009],[-86.67446,36.99977],[-86.66187,37.03233],[-86.63749,37.09449],[-86.61682,37.14672],[-86.61874,37.14862],[-86.61461,37.15103],[-86.61302,37.15411],[-86.61433,37.15906],[-86.61415,37.16216],[-86.61322,37.1646],[-86.61418,37.16694],[-86.61907,37.16939],[-86.62188,37.17208],[-86.62361,37.17475],[-86.62322,37.18061],[-86.61666,37.18373],[-86.61119,37.18089],[-86.60662,37.18522],[-86.59447,37.18497],[-86.58869,37.17887],[-86.58252,37.18036],[-86.58113,37.18507],[-86.57363,37.18401],[-86.56332,37.18727],[-86.5633,37.18021],[-86.55192,37.17631],[-86.54104,37.17601],[-86.53767,37.18067],[-86.53214,37.18142],[-86.52964,37.17712],[-86.52709,37.1769],[-86.52325,37.18321],[-86.51597,37.18653],[-86.50951,37.18553],[-86.50122,37.18749],[-86.49649,37.19071],[-86.49287,37.18545],[-86.48459,37.18188],[-86.48412,37.17773],[-86.47246,37.16637],[-86.46823,37.16024],[-86.46731,37.15346],[-86.45768,37.15059],[-86.44925,37.15107],[-86.4443,37.15404],[-86.44463,37.16101],[-86.44282,37.16556],[-86.43749,37.16611],[-86.43251,37.16108],[-86.42375,37.15826],[-86.41631,37.15309],[-86.41225,37.15186],[-86.40892,37.15451],[-86.4119,37.16196],[-86.40879,37.16761],[-86.39916,37.1699],[-86.41442,37.20171],[-86.46913,37.3211],[-86.48715,37.3625],[-86.61209,37.39512],[-86.74899,37.311],[-86.75953,37.3041],[-86.7706,37.30992],[-86.77432,37.31876],[-86.77337,37.32296],[-86.77526,37.32593],[-86.78956,37.33067],[-86.79416,37.33373],[-86.80117,37.33445],[-86.81273,37.33055],[-86.81717,37.32762],[-86.82142,37.31938],[-86.81884,37.30528],[-86.80825,37.29139],[-86.81725,37.29375],[-86.82438,37.29342],[-86.83061,37.28556],[-86.82937,37.28137],[-86.8347,37.27442],[-86.8421,37.26933],[-86.84294,37.26503],[-86.84835,37.26284],[-86.84988,37.25736],[-86.8534,37.2505],[-86.86184,37.25191],[-86.87187,37.24661],[-86.88355,37.23513],[-86.8856,37.23029],[-86.88546,37.2226],[-86.88921,37.2179],[-86.89927,37.21231],[-86.90544,37.22053],[-86.91045,37.22355],[-86.91927,37.22519],[-86.9201,37.23016],[-86.91539,37.23358],[-86.90954,37.23449],[-86.91232,37.23744],[-86.91752,37.23655],[-86.92322,37.24149],[-86.93369,37.2401],[-86.93756,37.23727],[-86.94312,37.2377],[-86.94701,37.24059],[-86.94848,37.24638],[-86.95369,37.24994],[-86.95524,37.25279],[-86.95484,37.25762],[-86.95845,37.26086],[-86.96311,37.26089],[-86.96607,37.2572],[-86.97154,37.25796],[-86.97949,37.26716],[-86.98267,37.26963],[-86.98401,37.27448],[-86.98093,37.28634],[-86.98247,37.29521],[-86.98829,37.30269],[-86.98901,37.31055],[-86.98596,37.31657],[-86.98585,37.32091],[-86.98863,37.32459],[-86.99558,37.32706],[-86.99947,37.33309],[-87.0055,37.33747],[-87.01202,37.34573],[-87.01615,37.35314],[-87.02255,37.35865],[-87.03057,37.36331],[-87.04063,37.36673],[-87.05189,37.36947],[-87.07059,37.37047],[-87.08737,37.35984],[-87.09004,37.35521],[-87.09128,37.34796],[-87.09792,37.33868],[-87.09966,37.33255],[-87.10258,37.32862],[-87.11246,37.3243],[-87.1211,37.32588],[-87.12883,37.33338],[-87.13419,37.33246],[-87.13698,37.33552],[-87.13721,37.34128],[-87.12505,37.35536],[-87.12376,37.36081],[-87.11644,37.36479],[-87.11039,37.36694],[-87.09516,37.37593],[-87.09406,37.37811],[-87.09966,37.38838],[-87.0968,37.39648],[-87.0983,37.40411],[-87.09825,37.41191],[-87.0998,37.41604],[-87.1062,37.41528],[-87.1123,37.41154],[-87.17107,37.41359],[-87.20917,37.38224],[-87.21634,37.38045],[-87.22862,37.38361],[-87.22967,37.38238],[-87.23903,37.38517],[-87.25177,37.38641],[-87.29596,37.39182]]]},"properties":{"STATEFP":"21","SLDLST":"015","AFFGEOID":"620L800US21015","GEOID":"21015","NAME":"15","NAMELSAD":"State House District 15","STUSPS":"KY","STATE_NAME":"Kentucky","LSAD":"LL","LSY":"2022","ALAND":2313873713,"AWATER":45281366}},
{"type":"Feature","geometry":{"type":"Polygon","coordinates":[[[-85.52129,37.55434],[-85.517,37.55524],[-85.503,37.54909],[-85.49806,37.54353],[-85.4927,37.53452],[-85.4929,37.53076],[-85.49029,37.52624],[-85.49169,37.52372],[-85.49142,37.5146],[-85.48782,37.50679],[-85.48282,37.50007],[-85.47391,37.4922],[-85.47253,37.48112],[-85.46885,37.47611],[-85.46658,37.46742],[-85.47983,37.46539],[-85.4828,37.46776],[-85.48905,37.4676],[-85.49212,37.47191],[-85.49248,37.47907],[-85.50277,37.4823],[-85.50638,37.47724],[-85.5155,37.47352],[-85.51499,37.46791],[-85.52033,37.46568],[-85.52705,37.46132],[-85.52885,37.45407],[-85.53663,37.45647],[-85.54322,37.45523],[-85.54423,37.45785],[-85.55029,37.45916],[-85.55593,37.45836],[-85.56502,37.45978],[-85.56744,37.4638],[-85.57984,37.46556],[-85.58464,37.46459],[-85.58517,37.45656],[-85.58151,37.45255],[-85.5831,37.44676],[-85.58671,37.44365],[-85.58664,37.43812],[-85.58448,37.43209],[-85.47808,37.36367],[-85.4797,37.36353],[-85.44047,37.31592],[-85.43687,37.30421],[-85.43123,37.30511],[-85.39278,37.24932],[-85.39066,37.24706],[-85.38928,37.24035],[-85.39156,37.23769],[-85.39713,37.23791],[-85.4038,37.23655],[-85.40736,37.23437],[-85.41144,37.22562],[-85.40648,37.22208],[-85.39119,37.22232],[-85.38655,37.22386],[-85.37189,37.22131],[-85.35277,37.19243],[-85.31723,37.22391],[-85.31028,37.22588],[-85.30777,37.22803],[-85.30944,37.23294],[-85.31466,37.24074],[-85.3113,37.24681],[-85.30681,37.24233],[-85.30207,37.24329],[-85.29771,37.24661],[-85.294,37.24575],[-85.27245,37.26003],[-85.27045,37.26252],[-85.26421,37.26286],[-85.25882,37.25943],[-85.25208,37.26065],[-85.24853,37.26418],[-85.22359,37.26249],[-85.2186,37.26621],[-85.21114,37.26769],[-85.20582,37.26555],[-85.1993,37.26775],[-85.19699,37.27122],[-85.19218,37.27258],[-85.19079,37.27674],[-85.19234,37.28005],[-85.19167,37.2848],[-85.18547,37.29147],[-85.18416,37.29635],[-85.18786,37.3016],[-85.18837,37.30696],[-85.1762,37.31226],[-85.17026,37.31212],[-85.16517,37.3104],[-85.15652,37.31907],[-85.1526,37.33116],[-85.14908,37.337],[-85.14531,37.33832],[-85.1399,37.3536],[-85.13536,37.35518],[-85.1325,37.35982],[-85.13124,37.36506],[-85.1332,37.37203],[-85.13289,37.37947],[-85.13116,37.38427],[-85.1271,37.38654],[-85.11896,37.38477],[-85.11178,37.39074],[-85.11026,37.39413],[-85.10618,37.39734],[-85.09545,37.39945],[-85.0911,37.39725],[-85.08732,37.39767],[-85.08252,37.40059],[-85.0805,37.40853],[-85.07724,37.41188],[-85.07063,37.41375],[-85.06121,37.41825],[-85.05522,37.41676],[-85.04983,37.41258],[-85.04665,37.41354],[-85.0445,37.41912],[-85.04266,37.46101],[-85.04351,37.50009],[-85.03967,37.54523],[-85.03447,37.5967],[-85.03017,37.63127],[-85.12335,37.63109],[-85.20695,37.63109],[-85.25695,37.63091],[-85.31124,37.65178],[-85.32331,37.65072],[-85.33081,37.65278],[-85.3407,37.65142],[-85.34525,37.65534],[-85.34933,37.65566],[-85.35301,37.65823],[-85.35429,37.66195],[-85.35964,37.66763],[-85.3656,37.66742],[-85.3739,37.67361],[-85.37128,37.68107],[-85.37194,37.68442],[-85.36935,37.68738],[-85.37501,37.69543],[-85.37394,37.69983],[-85.37809,37.70217],[-85.38141,37.70716],[-85.39091,37.71343],[-85.39379,37.71686],[-85.39687,37.72425],[-85.40178,37.73066],[-85.45049,37.68595],[-85.48249,37.6284],[-85.50452,37.58447],[-85.52129,37.55434]]]},"properties":{"STATEFP":"21","SLDLST":"051","AFFGEOID":"620L800US21051","GEOID":"21051","NAME":"51","NAMELSAD":"State House District 51","STUSPS":"KY","STATE_NAME":"Kentucky","LSAD":"LL","LSY":"2022","ALAND":1579802272,"AWATER":35517060}},
{"type":"Feature","geometry":{"type":"Polygon","coordinates":[[[-83.63519,38.18753],[-83.63885,38.17827],[-83.64655,38.17096],[-83.64962,38.17633],[-83.64965,38.18216],[-83.6544,38.19319],[-83.65722,38.1964],[-83.65865,38.20104],[-83.6669,38.20155],[-83.67235,38.19746],[-83.67895,38.20561],[-83.6819,38.21265],[-83.68583,38.21411],[-83.68903,38.21107],[-83.69441,38.20938],[-83.68898,38.19855],[-83.68999,38.19723],[-83.69757,38.19812],[-83.70021,38.20123],[-83.70132,38.20729],[-83.69667,38.21277],[-83.69815,38.21697],[-83.69596,38.22706],[-83.69238,38.22921],[-83.69124,38.2344],[-83.69561,38.24362],[-83.69278,38.24719],[-83.6846,38.25206],[-83.68728,38.26054],[-83.69198,38.26016],[-83.6936,38.25067],[-83.69945,38.24606],[-83.70825,38.24368],[-83.71245,38.2466],[-83.71727,38.25194],[-83.71384,38.25689],[-83.70767,38.25872],[-83.70568,38.26273],[-83.7108,38.26817],[-83.72406,38.26898],[-83.72731,38.26829],[-83.73178,38.26267],[-83.73779,38.26529],[-83.73823,38.26815],[-83.73533,38.27884],[-83.73232,38.28345],[-83.72659,38.28349],[-83.7237,38.28554],[-83.72435,38.29056],[-83.72842,38.29362],[-83.73542,38.29361],[-83.73899,38.29158],[-83.7402,38.28724],[-83.74408,38.28471],[-83.75717,38.2849],[-83.75941,38.28787],[-83.75965,38.29302],[-83.76247,38.29529],[-83.76836,38.29353],[-83.77488,38.28575],[-83.77858,38.28758],[-83.78226,38.29368],[-83.78457,38.29478],[-83.79491,38.29247],[-83.79868,38.28346],[-83.80187,38.27928],[-83.81272,38.28219],[-83.81529,38.28631],[-83.8138,38.29001],[-83.81558,38.29259],[-83.82186,38.29462],[-83.82067,38.29874],[-83.82296,38.30081],[-83.83566,38.30263],[-83.8407,38.30218],[-83.84678,38.29651],[-83.84988,38.29664],[-83.91269,38.24539],[-83.97792,38.19212],[-83.99017,38.17507],[-84.02645,38.15243],[-84.03208,38.14856],[-84.0394,38.14549],[-84.04245,38.14142],[-84.04954,38.13718],[-84.06007,38.1339],[-84.06606,38.12897],[-84.07011,38.12381],[-84.08053,38.11512],[-84.04382,38.05883],[-84.02651,38.03087],[-84.0146,38.01062],[-83.99994,37.98892],[-83.98151,37.95845],[-83.96631,37.93077],[-83.95988,37.93377],[-83.91447,37.91951],[-83.90816,37.91672],[-83.88624,37.91651],[-83.87866,37.90506],[-83.86631,37.90674],[-83.85264,37.90276],[-83.84418,37.90286],[-83.8437,37.90593],[-83.83794,37.906],[-83.83245,37.90278],[-83.82829,37.90638],[-83.82244,37.90572],[-83.82066,37.90373],[-83.81249,37.90328],[-83.80109,37.90547],[-83.78237,37.90809],[-83.78082,37.91076],[-83.77652,37.91132],[-83.77498,37.91497],[-83.76997,37.91781],[-83.76265,37.91729],[-83.7561,37.91417],[-83.75676,37.90766],[-83.75905,37.90466],[-83.75637,37.89987],[-83.7487,37.89513],[-83.67741,37.8565],[-83.67403,37.85271],[-83.66846,37.85229],[-83.66804,37.84882],[-83.66487,37.84287],[-83.66127,37.83989],[-83.66342,37.83535],[-83.65656,37.8322],[-83.65125,37.8353],[-83.64764,37.83353],[-83.64322,37.82595],[-83.63799,37.8265],[-83.63106,37.82537],[-83.62525,37.82408],[-83.62065,37.83484],[-83.61718,37.83554],[-83.60582,37.83223],[-83.6079,37.82819],[-83.60025,37.83014],[-83.59812,37.82622],[-83.59828,37.82206],[-83.59033,37.81834],[-83.58731,37.81961],[-83.58545,37.8255],[-83.58216,37.8247],[-83.58233,37.82059],[-83.57553,37.81972],[-83.56879,37.82167],[-83.5649,37.82503],[-83.56363,37.82012],[-83.55141,37.82162],[-83.54652,37.82486],[-83.53664,37.82556],[-83.52619,37.83352],[-83.52611,37.8378],[-83.51817,37.84798],[-83.517,37.85173],[-83.50515,37.85579],[-83.49995,37.85684],[-83.49508,37.86191],[-83.492,37.86404],[-83.49719,37.86795],[-83.50254,37.86792],[-83.50267,37.87383],[-83.49911,37.87454],[-83.49603,37.89063],[-83.44434,37.94247],[-83.43394,38.03397],[-83.43864,38.03089],[-83.45036,38.03022],[-83.45151,38.02767],[-83.45032,38.01972],[-83.45607,38.01751],[-83.46341,38.01698],[-83.46879,38.0192],[-83.46852,38.02175],[-83.46174,38.0247],[-83.45509,38.02917],[-83.45686,38.03288],[-83.4627,38.03174],[-83.47492,38.02576],[-83.4795,38.02733],[-83.47875,38.03237],[-83.47312,38.03798],[-83.46773,38.03943],[-83.46556,38.04175],[-83.46407,38.05021],[-83.46874,38.05003],[-83.47442,38.04753],[-83.47778,38.04848],[-83.48443,38.04651],[-83.49615,38.0492],[-83.4986,38.05411],[-83.49291,38.05895],[-83.48823,38.0588],[-83.48721,38.06419],[-83.48313,38.06524],[-83.48048,38.06914],[-83.47233,38.06955],[-83.46933,38.06591],[-83.46402,38.06812],[-83.46282,38.07255],[-83.46449,38.07741],[-83.46328,38.07971],[-83.46582,38.08431],[-83.47115,38.08208],[-83.47543,38.08569],[-83.47956,38.0824],[-83.48915,38.08504],[-83.49127,38.08672],[-83.49666,38.08492],[-83.50184,38.08784],[-83.50715,38.08626],[-83.50873,38.07478],[-83.51073,38.07042],[-83.51612,38.07208],[-83.51675,38.07735],[-83.52296,38.08508],[-83.51962,38.08889],[-83.52767,38.09321],[-83.53154,38.09229],[-83.53442,38.09469],[-83.52936,38.09879],[-83.52937,38.10157],[-83.52361,38.10095],[-83.52098,38.10731],[-83.51526,38.10809],[-83.51965,38.11283],[-83.51992,38.11589],[-83.52544,38.11935],[-83.53452,38.1199],[-83.54202,38.11581],[-83.54694,38.11532],[-83.55472,38.11244],[-83.55916,38.11611],[-83.55203,38.1221],[-83.55446,38.12463],[-83.54933,38.13182],[-83.55163,38.13777],[-83.55595,38.13576],[-83.55804,38.14147],[-83.56333,38.14303],[-83.56793,38.14611],[-83.57639,38.14714],[-83.579,38.14492],[-83.58522,38.14548],[-83.58831,38.13695],[-83.5909,38.13376],[-83.59602,38.13117],[-83.59849,38.12768],[-83.60352,38.12852],[-83.60603,38.13083],[-83.61178,38.13139],[-83.61372,38.13321],[-83.61526,38.14194],[-83.6187,38.14609],[-83.61426,38.14915],[-83.61904,38.15283],[-83.61726,38.15814],[-83.60424,38.16436],[-83.5994,38.16323],[-83.59643,38.16813],[-83.59164,38.16916],[-83.59334,38.17267],[-83.60557,38.18719],[-83.61404,38.18663],[-83.6107,38.17722],[-83.61597,38.17762],[-83.6203,38.17559],[-83.62436,38.18005],[-83.62876,38.182],[-83.63519,38.18753]]]},"properties":{"STATEFP":"21","SLDLST":"074","AFFGEOID":"620L800US21074","GEOID":"21074","NAME":"74","NAMELSAD":"State House District 74","STUSPS":"KY","STATE_NAME":"Kentucky","LSAD":"LL","LSY":"2022","ALAND":1758361341,"AWATER":25563124}},
{"type":"Feature","geometry":{"type":"Polygon","coordinates":[[[-84.47196,37.92254],[-84.47169,37.92011],[-84.46583,37.91875],[-84.46213,37.91425],[-84.45265,37.90881],[-84.45225,37.90492],[-84.44822,37.89372],[-84.44309,37.88724],[-84.44356,37.88107],[-84.43736,37.8712],[-84.4344,37.86845],[-84.4376,37.86211],[-84.43475,37.85589],[-84.43801,37.84874],[-84.43572,37.8472],[-84.42859,37.8534],[-84.42146,37.86932],[-84.41767,37.87178],[-84.41067,37.87126],[-84.40649,37.86561],[-84.4032,37.85905],[-84.39794,37.85467],[-84.39301,37.84749],[-84.38953,37.84551],[-84.38521,37.84591],[-84.37761,37.85196],[-84.36928,37.8541],[-84.36569,37.85876],[-84.36641,37.86334],[-84.37259,37.87621],[-84.37795,37.88398],[-84.37959,37.88895],[-84.38359,37.89381],[-84.38353,37.89725],[-84.37861,37.90154],[-84.37221,37.90057],[-84.36395,37.89649],[-84.35973,37.89291],[-84.3499,37.88726],[-84.34638,37.88242],[-84.34114,37.88197],[-84.33884,37.88532],[-84.33739,37.89201],[-84.33105,37.89634],[-84.30756,37.90394],[-84.30025,37.90455],[-84.28312,37.91351],[-84.27241,37.91755],[-84.26874,37.91338],[-84.27039,37.90691],[-84.26371,37.89956],[-84.26138,37.89489],[-84.26274,37.88729],[-84.26515,37.88437],[-84.26451,37.87831],[-84.26076,37.87598],[-84.25208,37.88299],[-84.24645,37.88526],[-84.23768,37.88733],[-84.23274,37.88623],[-84.2271,37.88208],[-84.2227,37.87307],[-84.22061,37.87093],[-84.21472,37.86932],[-84.20536,37.87012],[-84.19731,37.8751],[-84.18685,37.87923],[-84.18071,37.87834],[-84.17198,37.8748],[-84.16795,37.86301],[-84.1618,37.86133],[-84.15269,37.86573],[-84.14684,37.8671],[-84.13366,37.86795],[-84.12822,37.86716],[-84.12126,37.86031],[-84.11588,37.85268],[-84.11024,37.84998],[-84.10738,37.85056],[-84.10111,37.85798],[-84.09546,37.86108],[-84.08849,37.86069],[-84.0774,37.8513],[-84.08003,37.84452],[-84.07661,37.83732],[-84.07761,37.8339],[-84.07603,37.82418],[-84.0723,37.82186],[-84.06745,37.82306],[-84.06687,37.83031],[-84.0599,37.83301],[-84.05744,37.83543],[-84.05689,37.84324],[-84.05901,37.84792],[-84.0537,37.84711],[-84.05212,37.8416],[-84.04936,37.83797],[-84.04308,37.84161],[-84.03956,37.83372],[-84.03548,37.83415],[-84.02585,37.83722],[-84.01912,37.84183],[-84.02026,37.83487],[-84.01704,37.83282],[-84.00528,37.83357],[-84.00197,37.83759],[-84.0136,37.85153],[-84.01159,37.85572],[-84.02032,37.85654],[-84.02737,37.86945],[-84.02316,37.87066],[-84.01905,37.86892],[-84.01804,37.8631],[-84.01462,37.85819],[-84.0062,37.86066],[-84.00585,37.8641],[-84.00035,37.87072],[-84.00033,37.87528],[-83.99656,37.87812],[-83.99599,37.88288],[-83.9983,37.88737],[-83.9941,37.89119],[-83.99012,37.8998],[-83.99228,37.90717],[-83.98973,37.91288],[-83.99258,37.91438],[-83.99177,37.91778],[-83.98527,37.92235],[-83.97958,37.92285],[-83.97582,37.92468],[-83.97729,37.92941],[-83.97196,37.92924],[-83.96631,37.93077],[-83.98151,37.95845],[-83.99994,37.98892],[-84.0146,38.01062],[-84.02651,38.03087],[-84.04382,38.05883],[-84.08053,38.11512],[-84.18707,38.09029],[-84.28646,38.06703],[-84.28439,38.0647],[-84.28619,38.05481],[-84.28463,38.04906],[-84.28575,38.04569],[-84.28469,38.0401],[-84.29161,38.03571],[-84.29291,38.03078],[-84.29898,38.03083],[-84.31123,38.02848],[-84.36203,38.02982],[-84.38034,38.01717],[-84.38667,38.01042],[-84.38751,38.00751],[-84.39574,38.0001],[-84.39738,37.99615],[-84.39039,37.98417],[-84.38876,37.97811],[-84.38885,37.96278],[-84.40954,37.97422],[-84.42609,37.98403],[-84.432,37.98909],[-84.44122,37.98792],[-84.44346,37.99323],[-84.44825,37.99132],[-84.4528,37.99391],[-84.45676,37.99044],[-84.46103,37.98309],[-84.45829,37.97987],[-84.44464,37.9741],[-84.44779,37.96911],[-84.44855,37.96444],[-84.4562,37.95191],[-84.44997,37.94282],[-84.45607,37.93557],[-84.46657,37.92869],[-84.47196,37.92254]]]},"properties":{"STATEFP":"21","SLDLST":"073","AFFGEOID":"620L800US21073","GEOID":"21073","NAME":"73","NAMELSAD":"State House District 73","STUSPS":"KY","STATE_NAME":"Kentucky","LSAD":"LL","LSY":"2022","ALAND":819435945,"AWATER":8816121}},
{"type":"Feature","geometry":{"type":"Polygon","coordinates":[[[-84.4664,38.08888],[-84.47251,38.09326],[-84.50705,38.11053],[-84.5156,38.11373],[-84.5286,38.11647],[-84.54472,38.1228],[-84.54794,38.11684],[-84.54923,38.11086],[-84.55753,38.11257],[-84.56265,38.10677],[-84.57096,38.1098],[-84.57533,38.10503],[-84.56604,38.09749],[-84.56356,38.09393],[-84.55643,38.08853],[-84.56315,38.08301],[-84.55621,38.0803],[-84.55177,38.07537],[-84.54527,38.08014],[-84.53112,38.0708],[-84.52719,38.07412],[-84.51837,38.07495],[-84.51617,38.0609],[-84.50575,38.05417],[-84.50723,38.05069],[-84.51638,38.05007],[-84.51669,38.045],[-84.51227,38.04068],[-84.50073,38.04835],[-84.49416,38.042],[-84.491,38.04106],[-84.4817,38.04244],[-84.47817,38.0411],[-84.47058,38.0417],[-84.47136,38.04502],[-84.47655,38.04891],[-84.47377,38.05066],[-84.47874,38.05489],[-84.47593,38.05658],[-84.48102,38.06207],[-84.48332,38.06681],[-84.4752,38.07246],[-84.47119,38.07856],[-84.46482,38.07847],[-84.45839,38.07701],[-84.46175,38.08412],[-84.4664,38.08888]]]},"properties":{"STATEFP":"21","SLDLST":"077","AFFGEOID":"620L800US21077","GEOID":"21077","NAME":"77","NAMELSAD":"State House District 77","STUSPS":"KY","STATE_NAME":"Kentucky","LSAD":"LL","LSY":"2022","ALAND":43613734,"AWATER":65804}},
{"type":"Feature","geometry":{"type":"Polygon","coordinates":[[[-83.24869,37.66962],[-83.25546,37.67087],[-83.26403,37.67434],[-83.26831,37.67995],[-83.27554,37.67754],[-83.28012,37.67447],[-83.28326,37.67732],[-83.28722,37.67623],[-83.29212,37.67884],[-83.29486,37.68239],[-83.29894,37.67863],[-83.30981,37.6801],[-83.31794,37.68289],[-83.32509,37.68013],[-83.32957,37.67975],[-83.33067,37.67457],[-83.34221,37.67802],[-83.34472,37.67683],[-83.34716,37.68211],[-83.35186,37.68479],[-83.35498,37.68327],[-83.36023,37.6852],[-83.36458,37.68422],[-83.36591,37.68706],[-83.3706,37.68896],[-83.37018,37.69273],[-83.37398,37.69434],[-83.38193,37.69194],[-83.38827,37.69999],[-83.40331,37.69556],[-83.40953,37.69125],[-83.41135,37.68823],[-83.41863,37.69066],[-83.42252,37.68548],[-83.42752,37.68313],[-83.42678,37.68034],[-83.43163,37.67373],[-83.4288,37.66779],[-83.43526,37.66477],[-83.43556,37.65876],[-83.43378,37.65724],[-83.43936,37.6509],[-83.44552,37.6509],[-83.44657,37.64441],[-83.45028,37.64173],[-83.45052,37.63736],[-83.45872,37.63048],[-83.46344,37.63111],[-83.47211,37.6293],[-83.47842,37.62271],[-83.48261,37.62423],[-83.49452,37.6191],[-83.49757,37.62243],[-83.49835,37.62663],[-83.4949,37.63012],[-83.49441,37.63929],[-83.49742,37.6461],[-83.52231,37.63852],[-83.56228,37.54907],[-83.57919,37.50625],[-83.58116,37.50359],[-83.58957,37.5061],[-83.59808,37.51211],[-83.60322,37.51264],[-83.60789,37.51479],[-83.61023,37.5106],[-83.61387,37.50891],[-83.61851,37.51106],[-83.62238,37.51078],[-83.62073,37.51774],[-83.61841,37.51939],[-83.627,37.52265],[-83.63078,37.53134],[-83.63041,37.53746],[-83.64025,37.5394],[-83.6421,37.54124],[-83.65129,37.53955],[-83.65715,37.53678],[-83.66461,37.52848],[-83.6665,37.5242],[-83.68044,37.51198],[-83.70172,37.50771],[-83.73246,37.52109],[-83.73834,37.51778],[-83.74503,37.50791],[-83.74321,37.50503],[-83.74409,37.50157],[-83.74298,37.49425],[-83.82934,37.48682],[-83.8348,37.49173],[-83.84162,37.49205],[-83.8455,37.49531],[-83.85179,37.49563],[-83.85706,37.50092],[-83.86367,37.50165],[-83.8662,37.50392],[-83.86746,37.51191],[-83.8754,37.51624],[-83.88168,37.51585],[-83.88454,37.51347],[-83.88829,37.5059],[-83.88769,37.50212],[-83.88127,37.49546],[-83.88395,37.47733],[-83.86512,37.45138],[-83.86005,37.45052],[-83.85403,37.4475],[-83.84996,37.44785],[-83.83987,37.43348],[-83.84164,37.43136],[-83.84014,37.42491],[-83.8361,37.41948],[-83.82889,37.4118],[-83.81792,37.38222],[-83.81438,37.3809],[-83.81059,37.37369],[-83.81197,37.37033],[-83.80664,37.3645],[-83.80137,37.36407],[-83.80226,37.36088],[-83.79693,37.35486],[-83.79213,37.35116],[-83.78497,37.34872],[-83.71797,37.33882],[-83.68834,37.33678],[-83.67855,37.33706],[-83.67482,37.34039],[-83.67413,37.34753],[-83.66814,37.35523],[-83.65356,37.35811],[-83.65348,37.35221],[-83.6462,37.34656],[-83.63857,37.34417],[-83.63174,37.33478],[-83.63276,37.33054],[-83.6296,37.32768],[-83.62542,37.32875],[-83.6219,37.32442],[-83.62238,37.31478],[-83.61797,37.31473],[-83.61661,37.30793],[-83.61314,37.30663],[-83.60883,37.30853],[-83.60933,37.30128],[-83.60425,37.29905],[-83.60255,37.29581],[-83.59903,37.29556],[-83.59728,37.29225],[-83.59215,37.29352],[-83.58981,37.29119],[-83.58284,37.29465],[-83.58079,37.29162],[-83.5741,37.28843],[-83.5757,37.28142],[-83.57151,37.27681],[-83.56553,37.27538],[-83.56558,37.2709],[-83.56751,37.26754],[-83.56331,37.26525],[-83.56163,37.26835],[-83.55379,37.26629],[-83.54937,37.26801],[-83.54749,37.26595],[-83.54144,37.26779],[-83.53736,37.26189],[-83.5347,37.26079],[-83.53281,37.25643],[-83.52691,37.25853],[-83.52103,37.25528],[-83.51593,37.25677],[-83.51126,37.25507],[-83.51277,37.25177],[-83.50971,37.24737],[-83.51092,37.24108],[-83.50789,37.23588],[-83.50223,37.23768],[-83.50012,37.24488],[-83.49612,37.24392],[-83.49294,37.24955],[-83.48373,37.25173],[-83.48432,37.25856],[-83.4829,37.26265],[-83.47644,37.26564],[-83.4846,37.26805],[-83.48683,37.27198],[-83.48376,37.27905],[-83.47182,37.29125],[-83.46099,37.29385],[-83.45425,37.28817],[-83.45164,37.28972],[-83.44237,37.28746],[-83.43922,37.29304],[-83.43237,37.29021],[-83.42988,37.29453],[-83.43174,37.30036],[-83.42914,37.30331],[-83.42064,37.30656],[-83.41923,37.30998],[-83.4097,37.31424],[-83.4018,37.31473],[-83.39791,37.31656],[-83.39578,37.30967],[-83.38783,37.30896],[-83.38737,37.30553],[-83.38134,37.30439],[-83.3745,37.30541],[-83.3728,37.30219],[-83.37431,37.29736],[-83.37244,37.29556],[-83.36657,37.30052],[-83.35943,37.30017],[-83.35372,37.29817],[-83.35177,37.29568],[-83.35545,37.29095],[-83.35323,37.28761],[-83.35349,37.28417],[-83.34531,37.28313],[-83.34508,37.27921],[-83.34155,37.27773],[-83.33773,37.27318],[-83.34138,37.26762],[-83.34416,37.26062],[-83.34223,37.2575],[-83.33597,37.25394],[-83.33929,37.25033],[-83.33288,37.24441],[-83.33218,37.24146],[-83.33715,37.23765],[-83.33244,37.23532],[-83.33012,37.23093],[-83.32542,37.23101],[-83.32462,37.22556],[-83.31109,37.22984],[-83.30848,37.22863],[-83.30911,37.22476],[-83.30452,37.22307],[-83.30378,37.21873],[-83.2989,37.21462],[-83.29377,37.21446],[-83.29225,37.21766],[-83.287,37.21727],[-83.28347,37.20981],[-83.27405,37.20218],[-83.26318,37.20023],[-83.25503,37.20423],[-83.24926,37.19518],[-83.24363,37.19492],[-83.23527,37.19143],[-83.23477,37.18658],[-83.23265,37.18455],[-83.22757,37.18459],[-83.22392,37.18015],[-83.21696,37.18021],[-83.21454,37.17608],[-83.20812,37.17466],[-83.20552,37.17604],[-83.20192,37.16673],[-83.20731,37.16696],[-83.21183,37.1651],[-83.21231,37.16003],[-83.2161,37.15745],[-83.21915,37.16013],[-83.22313,37.15854],[-83.22689,37.15455],[-83.22661,37.15066],[-83.21931,37.14899],[-83.2182,37.14411],[-83.2267,37.13906],[-83.22533,37.13561],[-83.21551,37.13421],[-83.21468,37.13138],[-83.20945,37.12901],[-83.20557,37.12893],[-83.20619,37.12393],[-83.20203,37.12228],[-83.20075,37.11726],[-83.19599,37.11721],[-83.19652,37.11067],[-83.19403,37.1091],[-83.18469,37.11226],[-83.18244,37.10695],[-83.17265,37.10446],[-83.16919,37.10244],[-83.16721,37.09485],[-83.17134,37.09117],[-83.1683,37.08796],[-83.17518,37.08462],[-83.17648,37.08059],[-83.17033,37.07899],[-83.17014,37.07567],[-83.16602,37.07117],[-83.16572,37.06737],[-83.16794,37.0645],[-83.17719,37.06299],[-83.18084,37.05643],[-83.17463,37.05217],[-83.1816,37.04918],[-83.18183,37.04517],[-83.17848,37.04391],[-83.1783,37.03845],[-83.18689,37.03435],[-83.18476,37.02947],[-83.18616,37.02626],[-83.18539,37.0213],[-83.1821,37.02112],[-83.17171,37.01719],[-83.16782,37.02031],[-83.16083,37.02074],[-83.16011,37.01386],[-83.15554,37.01536],[-83.15036,37.01297],[-83.14435,37.01371],[-83.14255,37.00666],[-83.1367,37.00415],[-83.12966,37.00571],[-83.12433,37.00572],[-83.11967,36.99791],[-83.11389,36.99821],[-83.11086,36.99226],[-83.10346,36.99342],[-83.0982,36.99941],[-83.0936,36.9981],[-83.08913,37.00223],[-83.08503,37.00186],[-83.07888,37.00877],[-83.07272,37.01196],[-83.06936,37.01084],[-83.06582,37.0149],[-83.06169,37.01639],[-83.05827,37.01539],[-83.05439,37.01833],[-83.05818,37.02501],[-83.0521,37.02905],[-83.05224,37.03511],[-83.05659,37.03496],[-83.06554,37.03867],[-83.06685,37.0431],[-83.07191,37.04227],[-83.0734,37.04646],[-83.06919,37.0505],[-83.06372,37.05096],[-83.06215,37.0543],[-83.05738,37.05728],[-83.05787,37.0615],[-83.05238,37.0609],[-83.04876,37.05863],[-83.04274,37.06222],[-83.04694,37.06933],[-83.04365,37.07105],[-83.04363,37.0752],[-83.04077,37.08006],[-83.0477,37.08748],[-83.04743,37.09099],[-83.05115,37.0923],[-83.05075,37.09785],[-83.04733,37.09857],[-83.04704,37.10276],[-83.05457,37.10369],[-83.05433,37.10835],[-83.06078,37.11524],[-83.05882,37.12408],[-83.05385,37.12981],[-83.03561,37.15724],[-83.03826,37.16547],[-83.03336,37.16909],[-83.0281,37.16984],[-83.02268,37.17452],[-83.02111,37.17808],[-83.01674,37.17749],[-83.01288,37.18395],[-83.00956,37.18636],[-83.00938,37.18954],[-83.00014,37.19571],[-83.0036,37.19957],[-83.00616,37.20578],[-83.01427,37.20452],[-83.01487,37.20867],[-83.02097,37.20992],[-83.02902,37.20829],[-83.03236,37.21097],[-83.03298,37.21683],[-83.04046,37.21756],[-83.0437,37.21569],[-83.05246,37.2148],[-83.05431,37.21582],[-83.0566,37.22285],[-83.06748,37.23143],[-83.06843,37.24141],[-83.06638,37.24439],[-83.07036,37.24852],[-83.0775,37.24736],[-83.08252,37.24773],[-83.08284,37.24289],[-83.09123,37.24214],[-83.09217,37.23846],[-83.10156,37.23544],[-83.10752,37.23611],[-83.11652,37.24067],[-83.12706,37.23753],[-83.1204,37.24693],[-83.12103,37.25172],[-83.12585,37.25609],[-83.1216,37.25937],[-83.12595,37.26438],[-83.12725,37.2684],[-83.12399,37.27583],[-83.12411,37.28068],[-83.1198,37.28383],[-83.12308,37.28793],[-83.12019,37.29136],[-83.11963,37.29505],[-83.11562,37.29518],[-83.11045,37.29896],[-83.111,37.30581],[-83.11637,37.30722],[-83.11623,37.31021],[-83.11014,37.32077],[-83.11694,37.32851],[-83.1107,37.33189],[-83.10986,37.3362],[-83.11212,37.33879],[-83.11193,37.34251],[-83.13471,37.45718],[-83.09314,37.4981],[-83.09204,37.50217],[-83.09474,37.50803],[-83.09447,37.51845],[-83.09016,37.51749],[-83.08993,37.52175],[-83.0842,37.52198],[-83.08087,37.51807],[-83.07759,37.51893],[-83.07096,37.51685],[-83.06886,37.52167],[-83.06501,37.52565],[-83.05567,37.52036],[-83.0502,37.52531],[-83.04244,37.51988],[-83.03795,37.51514],[-83.03649,37.51097],[-83.03096,37.50627],[-83.02477,37.50713],[-83.02014,37.50556],[-83.0139,37.50854],[-83.01213,37.50565],[-83.00468,37.50347],[-82.99023,37.50217],[-82.98536,37.50652],[-82.9804,37.50127],[-82.97429,37.49796],[-82.96559,37.50076],[-82.95665,37.50005],[-82.94854,37.50317],[-82.95476,37.50663],[-82.95044,37.51239],[-82.95752,37.51438],[-82.95993,37.51825],[-82.96562,37.51823],[-82.96853,37.52094],[-82.97814,37.52044],[-82.98322,37.52189],[-82.98874,37.52514],[-82.99695,37.52833],[-83.0029,37.5394],[-83.00107,37.54545],[-83.00784,37.55022],[-83.01131,37.54951],[-83.01691,37.55272],[-83.01838,37.5554],[-83.01299,37.55974],[-83.01799,37.56796],[-83.01282,37.57028],[-83.00977,37.57673],[-83.01338,37.5815],[-83.0185,37.58512],[-83.02105,37.58289],[-83.02739,37.58969],[-83.03875,37.5843],[-83.04319,37.59124],[-83.04784,37.59042],[-83.05337,37.59524],[-83.05737,37.59319],[-83.06004,37.59559],[-83.05689,37.59851],[-83.05971,37.60156],[-83.06281,37.61126],[-83.06611,37.60767],[-83.07198,37.60951],[-83.07158,37.61544],[-83.07425,37.62073],[-83.08047,37.6206],[-83.08094,37.62539],[-83.08387,37.62982],[-83.09133,37.63045],[-83.09134,37.62528],[-83.0943,37.62106],[-83.10269,37.62108],[-83.10883,37.61773],[-83.11467,37.6114],[-83.12023,37.61328],[-83.12556,37.60745],[-83.13435,37.60654],[-83.13667,37.61172],[-83.14198,37.6191],[-83.15033,37.62585],[-83.152,37.63174],[-83.15658,37.62922],[-83.16099,37.63338],[-83.16827,37.63512],[-83.18108,37.64379],[-83.18493,37.64327],[-83.18695,37.63975],[-83.19279,37.64219],[-83.19597,37.64761],[-83.20054,37.64425],[-83.20554,37.64475],[-83.21023,37.64964],[-83.21756,37.64884],[-83.22821,37.65594],[-83.23334,37.66157],[-83.23746,37.66788],[-83.24644,37.66673],[-83.24869,37.66962]]]},"properties":{"STATEFP":"21","SLDLST":"084","AFFGEOID":"620L800US21084","GEOID":"21084","NAME":"84","NAMELSAD":"State House District 84","STUSPS":"KY","STATE_NAME":"Kentucky","LSAD":"LL","LSY":"2022","ALAND":2666515638,"AWATER":17144708}},
{"type":"Feature","geometry":{"type":"Polygon","coordinates":[[[-84.6186,37.24042],[-84.62797,37.23534],[-84.6515,37.22849],[-84.67698,37.21661],[-84.68515,37.21066],[-84.67229,37.20369],[-84.66602,37.20169],[-84.65763,37.19656],[-84.64214,37.19103],[-84.64809,37.18176],[-84.64917,37.17222],[-84.65129,37.16701],[-84.6605,37.16236],[-84.67168,37.15407],[-84.67174,37.14762],[-84.66339,37.14845],[-84.65235,37.14751],[-84.63861,37.14249],[-84.6336,37.12731],[-84.62695,37.11693],[-84.62112,37.1161],[-84.6193,37.11231],[-84.62274,37.109],[-84.63111,37.10634],[-84.63835,37.10542],[-84.63648,37.1021],[-84.62618,37.1041],[-84.62392,37.10205],[-84.61679,37.08954],[-84.61715,37.08283],[-84.62638,37.07951],[-84.62394,37.0732],[-84.634,37.06721],[-84.63687,37.06296],[-84.63483,37.05807],[-84.62354,37.0585],[-84.62563,37.05136],[-84.62735,37.03326],[-84.62644,37.02681],[-84.62779,37.01503],[-84.62329,37.01044],[-84.61382,37.00386],[-84.60848,37.00281],[-84.60436,36.99626],[-84.5998,36.99735],[-84.59172,36.99466],[-84.58526,36.99107],[-84.58069,36.9902],[-84.57693,36.99298],[-84.57238,37.00608],[-84.56975,37.00854],[-84.5658,37.0084],[-84.55073,36.9973],[-84.5482,36.99355],[-84.5497,36.98812],[-84.55522,36.98228],[-84.56218,36.9772],[-84.56309,36.97482],[-84.56026,36.97104],[-84.55391,36.96747],[-84.54973,36.96754],[-84.55915,36.95266],[-84.56256,36.93592],[-84.55745,36.91864],[-84.55492,36.91519],[-84.54879,36.91265],[-84.54717,36.90766],[-84.54332,36.90289],[-84.54295,36.89854],[-84.53539,36.89043],[-84.53164,36.89007],[-84.41682,36.94692],[-84.39742,36.94937],[-84.38657,36.9515],[-84.38242,36.9532],[-84.36817,36.9626],[-84.3634,36.96255],[-84.35802,36.9594],[-84.35988,36.95429],[-84.36759,36.95005],[-84.36821,36.94559],[-84.36406,36.94184],[-84.35907,36.93987],[-84.34587,36.9395],[-84.33663,36.94186],[-84.32451,36.94619],[-84.31366,36.94218],[-84.30811,36.94301],[-84.30194,36.9466],[-84.29742,36.94593],[-84.29071,36.94968],[-84.2855,36.9561],[-84.27759,36.95638],[-84.27615,36.96177],[-84.26734,36.96067],[-84.26356,36.96233],[-84.26438,36.96684],[-84.25979,36.96864],[-84.25558,36.97517],[-84.2486,36.97495],[-84.24218,36.98035],[-84.22976,36.98631],[-84.22602,36.99153],[-84.21862,36.9956],[-84.21773,37.00337],[-84.21263,37.00721],[-84.2127,37.01043],[-84.20698,37.0117],[-84.20651,37.01705],[-84.20139,37.01774],[-84.193,37.01293],[-84.18944,37.01465],[-84.18754,37.01909],[-84.17904,37.01952],[-84.17919,37.0223],[-84.1731,37.0259],[-84.16718,37.02748],[-84.15975,37.02494],[-84.15481,37.02791],[-84.15033,37.02819],[-84.15059,37.03202],[-84.14833,37.03685],[-84.16016,37.04123],[-84.16186,37.04519],[-84.16084,37.05221],[-84.14685,37.0514],[-84.14445,37.05433],[-84.14044,37.05448],[-84.10891,37.06763],[-84.10293,37.06778],[-84.09486,37.07254],[-84.0927,37.06871],[-84.08434,37.06336],[-84.0762,37.06813],[-84.08332,37.07905],[-84.08847,37.08107],[-84.08509,37.08462],[-84.08253,37.09141],[-84.08424,37.09574],[-84.07735,37.0967],[-84.06594,37.09461],[-84.07544,37.11358],[-84.07514,37.11972],[-84.08565,37.13086],[-84.09419,37.13542],[-84.1018,37.14223],[-84.10342,37.145],[-84.10435,37.16009],[-84.10806,37.15487],[-84.11757,37.15511],[-84.12075,37.16433],[-84.1234,37.16633],[-84.12739,37.16851],[-84.13343,37.16748],[-84.13713,37.1631],[-84.14154,37.16428],[-84.14656,37.16079],[-84.15135,37.1618],[-84.15278,37.15594],[-84.15607,37.15236],[-84.16715,37.14985],[-84.16484,37.14762],[-84.16532,37.14009],[-84.1676,37.13673],[-84.17281,37.13417],[-84.17287,37.12582],[-84.28003,37.10147],[-84.29072,37.11038],[-84.29296,37.11356],[-84.2887,37.1153],[-84.28171,37.11431],[-84.27903,37.11966],[-84.28753,37.12344],[-84.29389,37.12113],[-84.29699,37.12226],[-84.28941,37.12956],[-84.29228,37.13546],[-84.29133,37.14027],[-84.29372,37.14433],[-84.29183,37.14933],[-84.28908,37.15174],[-84.29208,37.16091],[-84.30047,37.16394],[-84.36241,37.21409],[-84.36593,37.21029],[-84.37303,37.20714],[-84.39082,37.20474],[-84.4037,37.20395],[-84.41428,37.20478],[-84.42515,37.20753],[-84.44919,37.20809],[-84.45639,37.1929],[-84.45552,37.18478],[-84.45606,37.17561],[-84.46902,37.17522],[-84.47578,37.17803],[-84.48643,37.18577],[-84.4953,37.19402],[-84.50924,37.19183],[-84.50915,37.18803],[-84.50499,37.18164],[-84.51061,37.1696],[-84.51423,37.16472],[-84.52684,37.15665],[-84.5322,37.1542],[-84.54284,37.15541],[-84.54734,37.15393],[-84.54887,37.15652],[-84.57138,37.16203],[-84.5898,37.16273],[-84.59255,37.164],[-84.59287,37.1683],[-84.5957,37.16931],[-84.59638,37.17657],[-84.59872,37.18067],[-84.6097,37.18574],[-84.61098,37.18842],[-84.60725,37.19919],[-84.59935,37.20635],[-84.59378,37.21342],[-84.59634,37.21739],[-84.60442,37.22159],[-84.61076,37.22688],[-84.6154,37.23278],[-84.6186,37.24042]]]},"properties":{"STATEFP":"21","SLDLST":"085","AFFGEOID":"620L800US21085","GEOID":"21085","NAME":"85","NAMELSAD":"State House District 85","STUSPS":"KY","STATE_NAME":"Kentucky","LSAD":"LL","LSY":"2022","ALAND":1044971171,"AWATER":21858592}},
{"type":"Feature","geometry":{"type":"Polygon","coordinates":[[[-87.81341,37.35065],[-87.81497,37.34822],[-87.81482,37.34261],[-87.82267,37.3454],[-87.82241,37.34181],[-87.82864,37.34211],[-87.83375,37.3399],[-87.8368,37.33113],[-87.84596,37.32572],[-87.85071,37.32164],[-87.85173,37.31867],[-87.8436,37.31531],[-87.83761,37.30984],[-87.83208,37.31024],[-87.82935,37.30656],[-87.82385,37.30386],[-87.81886,37.30432],[-87.81784,37.30905],[-87.82094,37.31635],[-87.82022,37.31793],[-87.80968,37.31727],[-87.8063,37.32099],[-87.80316,37.31826],[-87.79581,37.31912],[-87.79707,37.31591],[-87.80271,37.31088],[-87.80159,37.30409],[-87.80652,37.2999],[-87.80695,37.29332],[-87.80036,37.29152],[-87.79742,37.29282],[-87.79351,37.28932],[-87.79548,37.28648],[-87.7929,37.2825],[-87.79655,37.27707],[-87.7942,37.26923],[-87.79762,37.26815],[-87.79699,37.26121],[-87.794,37.25798],[-87.78907,37.25893],[-87.78698,37.25477],[-87.79435,37.255],[-87.79837,37.24882],[-87.79755,37.24583],[-87.80391,37.2432],[-87.79631,37.2334],[-87.78895,37.23247],[-87.78631,37.22914],[-87.78791,37.22438],[-87.78664,37.22063],[-87.78051,37.22419],[-87.77459,37.21886],[-87.77154,37.21413],[-87.76754,37.21705],[-87.76103,37.21614],[-87.7601,37.21353],[-87.7659,37.21156],[-87.76949,37.20889],[-87.77772,37.20638],[-87.7733,37.20297],[-87.77469,37.19813],[-87.76396,37.19489],[-87.75716,37.20403],[-87.75753,37.20796],[-87.74797,37.2092],[-87.74561,37.20541],[-87.74751,37.20378],[-87.7471,37.19284],[-87.74523,37.18919],[-87.74134,37.19099],[-87.73702,37.19077],[-87.7328,37.1878],[-87.72992,37.18316],[-87.72907,37.17824],[-87.72527,37.17958],[-87.71994,37.17528],[-87.71368,37.17869],[-87.70568,37.16725],[-87.69949,37.16504],[-87.69839,37.15856],[-87.69007,37.15477],[-87.68635,37.15588],[-87.68014,37.15124],[-87.68062,37.14924],[-87.66829,37.14973],[-87.65009,37.1471],[-87.62232,37.13524],[-87.54997,37.11362],[-87.52161,37.10534],[-87.5145,37.10698],[-87.51095,37.11065],[-87.51015,37.11471],[-87.50301,37.11627],[-87.49723,37.11886],[-87.49455,37.12311],[-87.49083,37.12583],[-87.48518,37.12691],[-87.45644,37.1288],[-87.37467,37.13368],[-87.36956,37.13719],[-87.36236,37.13941],[-87.35967,37.14446],[-87.35701,37.14546],[-87.3602,37.14997],[-87.35964,37.15693],[-87.35373,37.15752],[-87.35169,37.15931],[-87.34464,37.1562],[-87.34311,37.15752],[-87.33374,37.15719],[-87.33363,37.16149],[-87.33044,37.16474],[-87.32436,37.16553],[-87.32232,37.16781],[-87.32342,37.1715],[-87.31763,37.17606],[-87.31383,37.17704],[-87.31254,37.17989],[-87.31419,37.18524],[-87.31205,37.18988],[-87.30884,37.19105],[-87.30788,37.19461],[-87.31163,37.19682],[-87.33042,37.19996],[-87.33128,37.20478],[-87.33652,37.20988],[-87.34052,37.20935],[-87.34574,37.21233],[-87.34307,37.21616],[-87.34681,37.21903],[-87.34683,37.22347],[-87.34932,37.22695],[-87.35614,37.22999],[-87.35591,37.23658],[-87.36826,37.23877],[-87.3653,37.24164],[-87.3688,37.24644],[-87.36507,37.24959],[-87.37302,37.25048],[-87.37979,37.25342],[-87.3873,37.25542],[-87.38883,37.2614],[-87.38516,37.26696],[-87.38703,37.27361],[-87.38433,37.27906],[-87.37748,37.2857],[-87.38396,37.29083],[-87.38074,37.29201],[-87.37629,37.29679],[-87.37197,37.29923],[-87.37519,37.30432],[-87.37799,37.30511],[-87.37769,37.31214],[-87.36676,37.31854],[-87.36311,37.3169],[-87.36137,37.31304],[-87.35594,37.31441],[-87.35519,37.31087],[-87.34519,37.30986],[-87.34327,37.3134],[-87.33963,37.31496],[-87.34315,37.31894],[-87.34358,37.32541],[-87.33943,37.32448],[-87.33707,37.33004],[-87.33822,37.33599],[-87.33041,37.34407],[-87.32256,37.34388],[-87.31737,37.34776],[-87.32005,37.35117],[-87.31188,37.36369],[-87.3064,37.36626],[-87.30254,37.36557],[-87.29959,37.36831],[-87.30098,37.3747],[-87.30745,37.37388],[-87.30996,37.37679],[-87.30398,37.38329],[-87.29763,37.38484],[-87.29538,37.3871],[-87.29596,37.39182],[-87.30053,37.39016],[-87.30212,37.39374],[-87.30519,37.39491],[-87.30814,37.40037],[-87.31148,37.40187],[-87.31917,37.4008],[-87.32037,37.39803],[-87.32854,37.39846],[-87.32971,37.40822],[-87.33218,37.41158],[-87.33537,37.4119],[-87.35109,37.42493],[-87.35262,37.42752],[-87.35134,37.4375],[-87.35514,37.44631],[-87.35588,37.46037],[-87.3583,37.46569],[-87.35733,37.47122],[-87.35441,37.47669],[-87.35411,37.48065],[-87.36166,37.48805],[-87.35688,37.49539],[-87.35963,37.50228],[-87.35794,37.50707],[-87.35002,37.51414],[-87.3494,37.51867],[-87.35346,37.52402],[-87.35456,37.52837],[-87.36005,37.53281],[-87.3653,37.53278],[-87.36663,37.53484],[-87.36216,37.53971],[-87.35961,37.54613],[-87.3609,37.55024],[-87.36898,37.55866],[-87.37515,37.56999],[-87.49662,37.489],[-87.49867,37.48706],[-87.59357,37.46196],[-87.65853,37.42878],[-87.74922,37.38285],[-87.81341,37.35065]]]},"properties":{"STATEFP":"21","SLDLST":"004","AFFGEOID":"620L800US21004","GEOID":"21004","NAME":"4","NAMELSAD":"State House District 4","STUSPS":"KY","STATE_NAME":"Kentucky","LSAD":"LL","LSY":"2022","ALAND":1404258119,"AWATER":31671289}},
{"type":"Feature","geometry":{"type":"Polygon","coordinates":[[[-84.20536,37.87012],[-84.20607,37.86716],[-84.20216,37.86547],[-84.20577,37.8558],[-84.21811,37.85657],[-84.21899,37.84935],[-84.21792,37.84442],[-84.22091,37.83596],[-84.22116,37.82916],[-84.21895,37.82358],[-84.22348,37.81815],[-84.22224,37.81209],[-84.23456,37.81237],[-84.2413,37.81506],[-84.26181,37.8102],[-84.26137,37.80376],[-84.25929,37.79891],[-84.25923,37.79481],[-84.26269,37.78894],[-84.26588,37.79128],[-84.27468,37.79338],[-84.28016,37.79686],[-84.28275,37.78895],[-84.28599,37.78719],[-84.29103,37.78742],[-84.29673,37.78038],[-84.297,37.77284],[-84.30428,37.77186],[-84.30311,37.76534],[-84.31008,37.76436],[-84.31404,37.77262],[-84.30818,37.78252],[-84.31423,37.78445],[-84.31018,37.79173],[-84.3196,37.79452],[-84.32675,37.78099],[-84.32517,37.77853],[-84.31926,37.77613],[-84.32069,37.77319],[-84.31918,37.76643],[-84.32052,37.76307],[-84.31749,37.76033],[-84.31155,37.75102],[-84.30629,37.74945],[-84.30252,37.75089],[-84.28678,37.74419],[-84.28591,37.74014],[-84.27686,37.73592],[-84.27295,37.73101],[-84.26976,37.72211],[-84.26967,37.71786],[-84.25132,37.71858],[-84.25218,37.72701],[-84.24986,37.72972],[-84.2438,37.72713],[-84.24349,37.73082],[-84.24801,37.73346],[-84.24884,37.7413],[-84.25709,37.7438],[-84.2669,37.74234],[-84.26813,37.75233],[-84.26985,37.75513],[-84.28135,37.76901],[-84.28398,37.77089],[-84.27955,37.77715],[-84.27066,37.77461],[-84.275,37.77046],[-84.27168,37.76854],[-84.26895,37.77366],[-84.26596,37.7728],[-84.25151,37.77646],[-84.2543,37.76796],[-84.25761,37.76405],[-84.24556,37.76118],[-84.23404,37.76774],[-84.22892,37.7679],[-84.21632,37.77633],[-84.21206,37.77779],[-84.20108,37.77702],[-84.20061,37.78432],[-84.1987,37.78897],[-84.1983,37.79432],[-84.18778,37.79232],[-84.17996,37.79237],[-84.17245,37.79118],[-84.16807,37.78868],[-84.16052,37.78977],[-84.15693,37.78545],[-84.16284,37.7832],[-84.1605,37.7786],[-84.16195,37.77371],[-84.15887,37.77168],[-84.15028,37.7695],[-84.14526,37.76403],[-84.14518,37.76045],[-84.14006,37.75655],[-84.1403,37.75428],[-84.13001,37.75403],[-84.12054,37.75626],[-84.10697,37.75712],[-84.09787,37.76057],[-84.08819,37.76688],[-84.08191,37.76726],[-84.0881,37.76133],[-84.08949,37.75625],[-84.08687,37.75272],[-84.08108,37.74908],[-84.08201,37.74245],[-84.08619,37.73868],[-84.09669,37.73509],[-84.09554,37.73118],[-84.09228,37.72784],[-84.09166,37.72445],[-84.09699,37.7219],[-84.09902,37.7179],[-84.09282,37.71396],[-84.09592,37.71098],[-84.0936,37.70675],[-84.09177,37.695],[-84.09284,37.68652],[-84.09733,37.68328],[-84.10063,37.67824],[-84.09707,37.67553],[-84.09665,37.67082],[-84.08931,37.66689],[-84.09609,37.66167],[-84.11245,37.65616],[-84.11316,37.65066],[-84.11582,37.65082],[-84.11904,37.64717],[-84.12662,37.6454],[-84.12695,37.64242],[-84.11252,37.60565],[-84.09036,37.56623],[-84.04502,37.56357],[-83.99351,37.57342],[-83.96524,37.58142],[-83.93985,37.57317],[-83.92519,37.56111],[-83.90557,37.54286],[-83.8581,37.60921],[-83.8612,37.60902],[-83.86581,37.61227],[-83.86637,37.61479],[-83.85933,37.6213],[-83.84355,37.63096],[-83.83246,37.63626],[-83.81687,37.6331],[-83.80812,37.63604],[-83.8066,37.64158],[-83.80898,37.64411],[-83.8144,37.64471],[-83.82318,37.6602],[-83.82409,37.66297],[-83.81968,37.66708],[-83.81021,37.66756],[-83.80283,37.67303],[-83.8023,37.67751],[-83.79077,37.68184],[-83.78738,37.68646],[-83.78078,37.68781],[-83.77494,37.69718],[-83.77039,37.69665],[-83.76987,37.7002],[-83.7653,37.70218],[-83.76035,37.70242],[-83.75978,37.70612],[-83.7496,37.71485],[-83.73973,37.7173],[-83.7329,37.71749],[-83.72649,37.71622],[-83.72025,37.71722],[-83.71221,37.72014],[-83.70797,37.71646],[-83.65218,37.79542],[-83.63106,37.82537],[-83.63799,37.8265],[-83.64322,37.82595],[-83.64764,37.83353],[-83.65125,37.8353],[-83.65656,37.8322],[-83.66342,37.83535],[-83.66127,37.83989],[-83.66487,37.84287],[-83.66804,37.84882],[-83.66846,37.85229],[-83.67403,37.85271],[-83.67741,37.8565],[-83.7487,37.89513],[-83.75637,37.89987],[-83.75905,37.90466],[-83.75676,37.90766],[-83.7561,37.91417],[-83.76265,37.91729],[-83.76997,37.91781],[-83.77498,37.91497],[-83.77652,37.91132],[-83.78082,37.91076],[-83.78237,37.90809],[-83.80109,37.90547],[-83.81249,37.90328],[-83.82066,37.90373],[-83.82244,37.90572],[-83.82829,37.90638],[-83.83245,37.90278],[-83.83794,37.906],[-83.8437,37.90593],[-83.84418,37.90286],[-83.85264,37.90276],[-83.86631,37.90674],[-83.87866,37.90506],[-83.88624,37.91651],[-83.90816,37.91672],[-83.91447,37.91951],[-83.95988,37.93377],[-83.96631,37.93077],[-83.97196,37.92924],[-83.97729,37.92941],[-83.97582,37.92468],[-83.97958,37.92285],[-83.98527,37.92235],[-83.99177,37.91778],[-83.99258,37.91438],[-83.98973,37.91288],[-83.99228,37.90717],[-83.99012,37.8998],[-83.9941,37.89119],[-83.9983,37.88737],[-83.99599,37.88288],[-83.99656,37.87812],[-84.00033,37.87528],[-84.00035,37.87072],[-84.00585,37.8641],[-84.0062,37.86066],[-84.01462,37.85819],[-84.01804,37.8631],[-84.01905,37.86892],[-84.02316,37.87066],[-84.02737,37.86945],[-84.02032,37.85654],[-84.01159,37.85572],[-84.0136,37.85153],[-84.00197,37.83759],[-84.00528,37.83357],[-84.01704,37.83282],[-84.02026,37.83487],[-84.01912,37.84183],[-84.02585,37.83722],[-84.03548,37.83415],[-84.03956,37.83372],[-84.04308,37.84161],[-84.04936,37.83797],[-84.05212,37.8416],[-84.0537,37.84711],[-84.05901,37.84792],[-84.05689,37.84324],[-84.05744,37.83543],[-84.0599,37.83301],[-84.06687,37.83031],[-84.06745,37.82306],[-84.0723,37.82186],[-84.07603,37.82418],[-84.07761,37.8339],[-84.07661,37.83732],[-84.08003,37.84452],[-84.0774,37.8513],[-84.08849,37.86069],[-84.09546,37.86108],[-84.10111,37.85798],[-84.10738,37.85056],[-84.11024,37.84998],[-84.11588,37.85268],[-84.12126,37.86031],[-84.12822,37.86716],[-84.13366,37.86795],[-84.14684,37.8671],[-84.15269,37.86573],[-84.1618,37.86133],[-84.16795,37.86301],[-84.17198,37.8748],[-84.18071,37.87834],[-84.18685,37.87923],[-84.19731,37.8751],[-84.20536,37.87012]]]},"properties":{"STATEFP":"21","SLDLST":"091","AFFGEOID":"620L800US21091","GEOID":"21091","NAME":"91","NAMELSAD":"State House District 91","STUSPS":"KY","STATE_NAME":"Kentucky","LSAD":"LL","LSY":"2022","ALAND":1272300196,"AWATER":12251326}},
{"type":"Feature","geometry":{"type":"Polygon","coordinates":[[[-83.00465,37.85925],[-83.01425,37.86354],[-83.0215,37.86792],[-83.02239,37.87495],[-83.03172,37.88097],[-83.03443,37.88626],[-83.03976,37.88425],[-83.04055,37.87836],[-83.04461,37.87826],[-83.04253,37.87226],[-83.05679,37.87015],[-83.06339,37.87299],[-83.07482,37.88123],[-83.07458,37.88347],[-83.08508,37.88724],[-83.08941,37.89034],[-83.10032,37.89045],[-83.10689,37.89433],[-83.10992,37.89226],[-83.12648,37.89468],[-83.13132,37.89271],[-83.11328,37.86412],[-83.15564,37.84162],[-83.17394,37.83167],[-83.17378,37.82895],[-83.17722,37.8253],[-83.17845,37.82148],[-83.18197,37.81943],[-83.19226,37.81707],[-83.199,37.81976],[-83.20785,37.8191],[-83.21334,37.81182],[-83.21674,37.8098],[-83.2183,37.80306],[-83.22569,37.79593],[-83.22352,37.79163],[-83.23291,37.79227],[-83.23522,37.78927],[-83.24034,37.78855],[-83.24222,37.78558],[-83.24734,37.78543],[-83.25006,37.77883],[-83.25859,37.77445],[-83.26131,37.77453],[-83.26452,37.76932],[-83.27064,37.76917],[-83.27039,37.76685],[-83.24386,37.74477],[-83.24238,37.73832],[-83.25164,37.73465],[-83.25024,37.72933],[-83.25367,37.7246],[-83.26071,37.72589],[-83.26266,37.71917],[-83.26217,37.71266],[-83.26072,37.70747],[-83.25512,37.70736],[-83.24999,37.70325],[-83.24924,37.70092],[-83.2436,37.69915],[-83.25005,37.6926],[-83.2516,37.68896],[-83.25744,37.68546],[-83.25836,37.68029],[-83.25551,37.67536],[-83.24922,37.67225],[-83.24869,37.66962],[-83.24644,37.66673],[-83.23746,37.66788],[-83.23334,37.66157],[-83.22821,37.65594],[-83.21756,37.64884],[-83.21023,37.64964],[-83.20554,37.64475],[-83.20054,37.64425],[-83.19597,37.64761],[-83.19279,37.64219],[-83.18695,37.63975],[-83.18493,37.64327],[-83.18108,37.64379],[-83.16827,37.63512],[-83.16099,37.63338],[-83.15658,37.62922],[-83.152,37.63174],[-83.15033,37.62585],[-83.14198,37.6191],[-83.13667,37.61172],[-83.13435,37.60654],[-83.12556,37.60745],[-83.12023,37.61328],[-83.11467,37.6114],[-83.10883,37.61773],[-83.10269,37.62108],[-83.0943,37.62106],[-83.09134,37.62528],[-83.09133,37.63045],[-83.08387,37.62982],[-83.08094,37.62539],[-83.08047,37.6206],[-83.07425,37.62073],[-83.07158,37.61544],[-83.07198,37.60951],[-83.06611,37.60767],[-83.06281,37.61126],[-83.05971,37.60156],[-83.05689,37.59851],[-83.06004,37.59559],[-83.05737,37.59319],[-83.05337,37.59524],[-83.04784,37.59042],[-83.04319,37.59124],[-83.03875,37.5843],[-83.02739,37.58969],[-83.02105,37.58289],[-83.0185,37.58512],[-83.01338,37.5815],[-83.00977,37.57673],[-83.01282,37.57028],[-83.01799,37.56796],[-83.01299,37.55974],[-83.01838,37.5554],[-83.01691,37.55272],[-83.01131,37.54951],[-83.00784,37.55022],[-83.00107,37.54545],[-83.0029,37.5394],[-82.99695,37.52833],[-82.98874,37.52514],[-82.98322,37.52189],[-82.97814,37.52044],[-82.96853,37.52094],[-82.96562,37.51823],[-82.95993,37.51825],[-82.95752,37.51438],[-82.95044,37.51239],[-82.95476,37.50663],[-82.94854,37.50317],[-82.95665,37.50005],[-82.96559,37.50076],[-82.97429,37.49796],[-82.9804,37.50127],[-82.98536,37.50652],[-82.99023,37.50217],[-83.00468,37.50347],[-83.01213,37.50565],[-83.0139,37.50854],[-83.02014,37.50556],[-83.02477,37.50713],[-83.03096,37.50627],[-83.03649,37.51097],[-83.03795,37.51514],[-83.04244,37.51988],[-83.0502,37.52531],[-83.05567,37.52036],[-83.06501,37.52565],[-83.06886,37.52167],[-83.07096,37.51685],[-83.07759,37.51893],[-83.08087,37.51807],[-83.0842,37.52198],[-83.08993,37.52175],[-83.09016,37.51749],[-83.09447,37.51845],[-83.09474,37.50803],[-83.09204,37.50217],[-83.09314,37.4981],[-83.13471,37.45718],[-83.11193,37.34251],[-83.11212,37.33879],[-83.10986,37.3362],[-83.1107,37.33189],[-83.11694,37.32851],[-83.11014,37.32077],[-83.11623,37.31021],[-83.11637,37.30722],[-83.111,37.30581],[-83.11045,37.29896],[-83.11562,37.29518],[-83.11963,37.29505],[-83.12019,37.29136],[-83.12308,37.28793],[-83.1198,37.28383],[-83.12411,37.28068],[-83.12399,37.27583],[-83.12725,37.2684],[-83.12595,37.26438],[-83.1216,37.25937],[-83.12585,37.25609],[-83.12103,37.25172],[-83.1204,37.24693],[-83.12706,37.23753],[-83.11652,37.24067],[-83.10752,37.23611],[-83.10156,37.23544],[-83.09217,37.23846],[-83.09123,37.24214],[-83.08284,37.24289],[-83.08252,37.24773],[-83.0775,37.24736],[-83.07036,37.24852],[-83.06638,37.24439],[-83.06843,37.24141],[-83.06748,37.23143],[-83.0566,37.22285],[-83.05431,37.21582],[-83.05246,37.2148],[-83.0437,37.21569],[-83.04046,37.21756],[-83.03298,37.21683],[-83.03236,37.21097],[-83.02902,37.20829],[-83.02097,37.20992],[-83.01487,37.20867],[-83.01427,37.20452],[-83.00616,37.20578],[-83.0036,37.19957],[-83.00014,37.19571],[-82.99526,37.19082],[-82.98778,37.19085],[-82.98449,37.18772],[-82.98572,37.18219],[-82.98493,37.17752],[-82.98209,37.17435],[-82.97743,37.17343],[-82.9728,37.1787],[-82.9632,37.18174],[-82.95878,37.18684],[-82.95831,37.19003],[-82.95302,37.19088],[-82.9486,37.19324],[-82.94305,37.19042],[-82.94045,37.19245],[-82.94014,37.19628],[-82.935,37.19926],[-82.93184,37.20274],[-82.92529,37.20189],[-82.91994,37.2025],[-82.90914,37.20624],[-82.90549,37.21217],[-82.90116,37.21146],[-82.89758,37.21451],[-82.89396,37.21486],[-82.89056,37.22389],[-82.88657,37.22544],[-82.88405,37.22984],[-82.87986,37.22946],[-82.87538,37.23204],[-82.87473,37.24214],[-82.87004,37.24412],[-82.86863,37.24747],[-82.86386,37.25031],[-82.85833,37.25011],[-82.85232,37.2558],[-82.84883,37.25448],[-82.84384,37.2571],[-82.83254,37.25878],[-82.82988,37.26319],[-82.82546,37.26295],[-82.8221,37.26802],[-82.81986,37.26871],[-82.81418,37.26484],[-82.80781,37.26717],[-82.80167,37.26123],[-82.79627,37.26187],[-82.79011,37.26499],[-82.78492,37.26358],[-82.77784,37.26373],[-82.77492,37.26615],[-82.7661,37.26335],[-82.76329,37.26454],[-82.76042,37.26917],[-82.75769,37.26964],[-82.75061,37.26591],[-82.74709,37.26601],[-82.74173,37.27207],[-82.73269,37.2715],[-82.72336,37.26381],[-82.72602,37.25882],[-82.72425,37.25693],[-82.71357,37.25706],[-82.71024,37.25957],[-82.69989,37.25543],[-82.69935,37.24817],[-82.70485,37.24564],[-82.70291,37.2419],[-82.69608,37.24258],[-82.69119,37.24121],[-82.6912,37.23855],[-82.69455,37.23418],[-82.6919,37.23172],[-82.68638,37.23215],[-82.68224,37.22813],[-82.67924,37.22977],[-82.67202,37.22732],[-82.66694,37.23029],[-82.66447,37.2353],[-82.66055,37.23677],[-82.65397,37.23563],[-82.6525,37.23911],[-82.6433,37.24515],[-82.63696,37.24467],[-82.63484,37.24848],[-82.62892,37.2478],[-82.62186,37.24045],[-82.6126,37.23476],[-82.60206,37.22974],[-82.60129,37.2337],[-82.59633,37.23422],[-82.59067,37.23278],[-82.58612,37.2342],[-82.59316,37.24268],[-82.59696,37.24884],[-82.59214,37.25291],[-82.59377,37.25715],[-82.5878,37.26239],[-82.58818,37.26653],[-82.59189,37.2725],[-82.59558,37.2728],[-82.60046,37.27638],[-82.60045,37.28343],[-82.59678,37.29153],[-82.58544,37.2939],[-82.58048,37.28952],[-82.57493,37.29259],[-82.5728,37.29655],[-82.56835,37.29963],[-82.56453,37.29868],[-82.55913,37.29219],[-82.55232,37.29418],[-82.54982,37.29326],[-82.54008,37.29322],[-82.54016,37.2883],[-82.52628,37.28786],[-82.52218,37.28342],[-82.5116,37.27979],[-82.50583,37.28679],[-82.50087,37.28715],[-82.49507,37.28284],[-82.49393,37.28032],[-82.48797,37.28021],[-82.48299,37.28557],[-82.48001,37.28662],[-82.47972,37.29047],[-82.48201,37.29244],[-82.47636,37.29936],[-82.4728,37.30103],[-82.46622,37.29951],[-82.46192,37.30117],[-82.45551,37.3012],[-82.44529,37.29954],[-82.44478,37.2974],[-82.43664,37.29882],[-82.43402,37.30237],[-82.42973,37.30373],[-82.42741,37.31093],[-82.41856,37.31233],[-82.41885,37.31523],[-82.4149,37.31774],[-82.41804,37.32078],[-82.4176,37.32414],[-82.41198,37.32542],[-82.4096,37.33134],[-82.41422,37.33856],[-82.40609,37.34565],[-82.40383,37.34893],[-82.39694,37.35092],[-82.39402,37.35328],[-82.39341,37.36025],[-82.38433,37.3609],[-82.37932,37.3666],[-82.37904,37.3704],[-82.37058,37.37221],[-82.36821,37.374],[-82.36682,37.3808],[-82.35999,37.38659],[-82.35513,37.38658],[-82.34779,37.38864],[-82.34021,37.38041],[-82.33728,37.37984],[-82.32347,37.38686],[-82.31939,37.39202],[-82.32122,37.39376],[-82.31723,37.40065],[-82.31696,37.40451],[-82.3196,37.40773],[-82.32242,37.40581],[-82.3221,37.40004],[-82.32637,37.39872],[-82.33018,37.40127],[-82.33516,37.40226],[-82.33707,37.40496],[-82.33452,37.40939],[-82.33748,37.41411],[-82.34354,37.40855],[-82.34916,37.4072],[-82.35197,37.41098],[-82.35047,37.41776],[-82.35765,37.41804],[-82.36253,37.41953],[-82.36836,37.42365],[-82.37156,37.43106],[-82.37576,37.42835],[-82.37808,37.42219],[-82.38348,37.42183],[-82.3837,37.42599],[-82.3874,37.42815],[-82.39186,37.42664],[-82.39208,37.41796],[-82.39664,37.41639],[-82.40088,37.4181],[-82.40633,37.42613],[-82.40488,37.43214],[-82.40613,37.43373],[-82.41419,37.43504],[-82.40801,37.44038],[-82.40622,37.44516],[-82.40112,37.44913],[-82.40219,37.45586],[-82.39811,37.46745],[-82.39052,37.46548],[-82.38187,37.47261],[-82.37828,37.47463],[-82.38284,37.47896],[-82.38284,37.48166],[-82.38858,37.48777],[-82.38528,37.49127],[-82.39228,37.49648],[-82.39828,37.49678],[-82.39827,37.50063],[-82.39209,37.5045],[-82.39127,37.50721],[-82.39349,37.51472],[-82.40135,37.51447],[-82.40631,37.51831],[-82.40848,37.52493],[-82.41399,37.53153],[-82.42125,37.52792],[-82.4314,37.52711],[-82.43456,37.52801],[-82.44252,37.52542],[-82.44457,37.53105],[-82.45523,37.54166],[-82.45936,37.5486],[-82.46403,37.55271],[-82.47708,37.55369],[-82.48366,37.55276],[-82.48697,37.54969],[-82.47984,37.54393],[-82.48141,37.53895],[-82.48845,37.53728],[-82.48967,37.53431],[-82.4944,37.53354],[-82.4977,37.52949],[-82.49861,37.52519],[-82.50183,37.52291],[-82.49468,37.51695],[-82.49407,37.51189],[-82.48825,37.51098],[-82.48417,37.50742],[-82.48934,37.50391],[-82.49109,37.492],[-82.49357,37.49035],[-82.49986,37.49047],[-82.50561,37.48873],[-82.51258,37.48381],[-82.51503,37.47957],[-82.52041,37.47399],[-82.52731,37.47406],[-82.53644,37.47271],[-82.53662,37.46906],[-82.53417,37.46623],[-82.52835,37.46436],[-82.52022,37.46377],[-82.51806,37.46013],[-82.51901,37.45747],[-82.5255,37.45305],[-82.52674,37.44265],[-82.52087,37.44115],[-82.5269,37.43106],[-82.52492,37.4284],[-82.53368,37.42061],[-82.53732,37.42622],[-82.53867,37.43235],[-82.5368,37.43618],[-82.53775,37.44245],[-82.52966,37.4486],[-82.52811,37.45634],[-82.53126,37.4596],[-82.53553,37.45722],[-82.539,37.45743],[-82.5452,37.46443],[-82.5524,37.46904],[-82.56263,37.47072],[-82.56718,37.46869],[-82.57223,37.47347],[-82.57929,37.47283],[-82.58233,37.47515],[-82.58712,37.47305],[-82.58456,37.46708],[-82.58805,37.46352],[-82.58737,37.45958],[-82.59045,37.45715],[-82.58854,37.44657],[-82.59145,37.44419],[-82.59261,37.43979],[-82.59882,37.43967],[-82.60194,37.43702],[-82.59942,37.43326],[-82.59955,37.42922],[-82.60424,37.42496],[-82.60639,37.41913],[-82.60346,37.41578],[-82.60461,37.41028],[-82.61015,37.41022],[-82.61261,37.40842],[-82.61286,37.39969],[-82.61737,37.39936],[-82.6218,37.39332],[-82.61874,37.38837],[-82.62856,37.38073],[-82.63303,37.37931],[-82.63832,37.38144],[-82.64839,37.3797],[-82.65363,37.3803],[-82.65779,37.3751],[-82.66329,37.37301],[-82.66617,37.37003],[-82.66365,37.36692],[-82.66378,37.36066],[-82.65736,37.358],[-82.65198,37.35146],[-82.65862,37.34522],[-82.66326,37.34252],[-82.661,37.33718],[-82.6658,37.32728],[-82.66529,37.3237],[-82.66984,37.3213],[-82.67029,37.3161],[-82.67229,37.31289],[-82.67237,37.30684],[-82.68067,37.30602],[-82.68387,37.30848],[-82.6903,37.30579],[-82.69348,37.30622],[-82.70069,37.29961],[-82.69935,37.29574],[-82.70024,37.29051],[-82.70476,37.2878],[-82.71226,37.28619],[-82.71325,37.2888],[-82.72571,37.28879],[-82.72817,37.29341],[-82.72496,37.30131],[-82.72654,37.30458],[-82.73101,37.30562],[-82.74007,37.30208],[-82.74334,37.3064],[-82.74821,37.30623],[-82.75235,37.30804],[-82.751,37.31499],[-82.74817,37.31679],[-82.75161,37.32595],[-82.75491,37.32692],[-82.75413,37.3338],[-82.75222,37.33702],[-82.75464,37.3389],[-82.7555,37.34354],[-82.75883,37.34421],[-82.7627,37.34848],[-82.76432,37.35238],[-82.76214,37.35682],[-82.76395,37.35896],[-82.75813,37.36403],[-82.75755,37.36897],[-82.75225,37.37095],[-82.75476,37.37368],[-82.75657,37.38025],[-82.75646,37.38568],[-82.75416,37.38996],[-82.75456,37.39497],[-82.75154,37.39997],[-82.75759,37.40323],[-82.76086,37.41114],[-82.75585,37.4136],[-82.75833,37.41672],[-82.76405,37.42027],[-82.76307,37.42555],[-82.7676,37.42778],[-82.77042,37.42546],[-82.77862,37.42511],[-82.78193,37.42946],[-82.78723,37.42874],[-82.79535,37.42609],[-82.79656,37.41811],[-82.80135,37.41837],[-82.81052,37.41153],[-82.81575,37.41114],[-82.8253,37.41489],[-82.8306,37.41207],[-82.83548,37.41445],[-82.8333,37.42168],[-82.83692,37.42302],[-82.83545,37.42998],[-82.83185,37.43171],[-82.8315,37.43641],[-82.82539,37.43867],[-82.83006,37.44902],[-82.82629,37.45099],[-82.82636,37.454],[-82.82957,37.45903],[-82.82873,37.46275],[-82.83147,37.46699],[-82.92785,37.48093],[-82.92774,37.48413],[-82.92107,37.49081],[-82.91646,37.48857],[-82.90955,37.4915],[-82.91059,37.49922],[-82.9071,37.50386],[-82.90357,37.50467],[-82.90211,37.50786],[-82.89618,37.50893],[-82.89737,37.5146],[-82.8916,37.51908],[-82.89438,37.52193],[-82.89203,37.52676],[-82.89242,37.53243],[-82.87908,37.5354],[-82.87872,37.54013],[-82.88543,37.54115],[-82.88992,37.54412],[-82.88807,37.55469],[-82.8909,37.55629],[-82.88885,37.56462],[-82.89614,37.56703],[-82.89836,37.57212],[-82.90215,37.57693],[-82.89713,37.58041],[-82.89654,37.58849],[-82.90405,37.59476],[-82.90246,37.59954],[-82.90625,37.60659],[-82.90575,37.61893],[-82.90249,37.62128],[-82.90177,37.62699],[-82.90653,37.63091],[-82.90465,37.63955],[-82.90762,37.64308],[-82.91089,37.64292],[-82.91255,37.64635],[-82.90892,37.64921],[-82.91242,37.6536],[-82.91911,37.65396],[-82.92255,37.65674],[-82.92725,37.65636],[-82.92751,37.65947],[-82.93605,37.66496],[-82.93766,37.6687],[-82.94222,37.66911],[-82.94143,37.67401],[-82.94587,37.67794],[-82.94267,37.69781],[-82.94076,37.71634],[-82.94826,37.71987],[-82.94809,37.72383],[-82.95058,37.79473],[-82.9832,37.81064],[-82.98772,37.81409],[-82.98974,37.81782],[-82.98406,37.82585],[-82.98682,37.82982],[-82.98152,37.83541],[-82.98646,37.83871],[-82.98411,37.84151],[-83.00465,37.85925]]]},"properties":{"STATEFP":"21","SLDLST":"092","AFFGEOID":"620L800US21092","GEOID":"21092","NAME":"92","NAMELSAD":"State House District 92","STUSPS":"KY","STATE_NAME":"Kentucky","LSAD":"LL","LSY":"2022","ALAND":2267603085,"AWATER":8041231}},
{"type":"Feature","geometry":{"type":"Polygon","coordinates":[[[-82.98901,37.96397],[-82.98709,37.96242],[-82.98744,37.95585],[-82.98477,37.95123],[-82.98124,37.95001],[-82.98155,37.94052],[-82.97714,37.93921],[-82.97535,37.93079],[-82.96838,37.92403],[-82.96884,37.91994],[-82.97307,37.91408],[-82.97006,37.91114],[-82.96148,37.91261],[-82.96123,37.90643],[-82.9643,37.9033],[-82.96333,37.89729],[-82.96632,37.89352],[-82.97035,37.89781],[-82.97722,37.89345],[-82.98186,37.89888],[-82.98766,37.89688],[-82.98816,37.8915],[-82.98301,37.88401],[-82.98378,37.87587],[-82.98922,37.86959],[-82.99223,37.87128],[-82.99923,37.86797],[-83.00465,37.85925],[-82.98411,37.84151],[-82.98646,37.83871],[-82.98152,37.83541],[-82.98682,37.82982],[-82.98406,37.82585],[-82.98974,37.81782],[-82.98772,37.81409],[-82.9832,37.81064],[-82.95058,37.79473],[-82.94809,37.72383],[-82.94826,37.71987],[-82.94076,37.71634],[-82.93808,37.71756],[-82.93277,37.71636],[-82.92717,37.71936],[-82.92235,37.71565],[-82.91539,37.71287],[-82.91199,37.71017],[-82.90348,37.70687],[-82.90115,37.7032],[-82.89748,37.70836],[-82.89176,37.70869],[-82.88509,37.71566],[-82.88076,37.71637],[-82.87626,37.71931],[-82.87083,37.72914],[-82.86674,37.73115],[-82.8621,37.72767],[-82.84555,37.72952],[-82.79155,37.74443],[-82.78541,37.74589],[-82.77565,37.74206],[-82.76698,37.74193],[-82.76385,37.74931],[-82.76317,37.75623],[-82.75582,37.75172],[-82.75252,37.75187],[-82.74707,37.74821],[-82.73919,37.74768],[-82.73718,37.74487],[-82.72321,37.74908],[-82.7206,37.74438],[-82.7132,37.74455],[-82.70828,37.73952],[-82.70306,37.73908],[-82.7012,37.73698],[-82.69622,37.73809],[-82.68496,37.73534],[-82.68728,37.73172],[-82.68405,37.72882],[-82.68072,37.72977],[-82.67205,37.72553],[-82.66631,37.72738],[-82.6634,37.72563],[-82.65372,37.72663],[-82.64415,37.72422],[-82.64106,37.71937],[-82.63687,37.71686],[-82.63304,37.7172],[-82.62914,37.71222],[-82.62472,37.71025],[-82.62168,37.70494],[-82.61683,37.70685],[-82.59772,37.7],[-82.59018,37.69262],[-82.58506,37.69193],[-82.58347,37.69412],[-82.57656,37.69448],[-82.57533,37.68794],[-82.57003,37.68973],[-82.56477,37.689],[-82.56356,37.68484],[-82.56528,37.68171],[-82.57042,37.68054],[-82.58193,37.68007],[-82.5836,37.67724],[-82.59011,37.68089],[-82.59791,37.67872],[-82.6008,37.6736],[-82.60585,37.675],[-82.60971,37.67422],[-82.61454,37.67032],[-82.61205,37.66556],[-82.61295,37.66096],[-82.60209,37.65947],[-82.60275,37.653],[-82.60607,37.64956],[-82.59828,37.64223],[-82.59116,37.64085],[-82.59286,37.63555],[-82.58991,37.63209],[-82.59402,37.63005],[-82.59402,37.62757],[-82.58884,37.62581],[-82.58804,37.62291],[-82.58117,37.62235],[-82.57903,37.61896],[-82.58566,37.60777],[-82.58412,37.60381],[-82.56972,37.59944],[-82.56237,37.59628],[-82.57748,37.57427],[-82.57683,37.57128],[-82.56361,37.56451],[-82.57051,37.56318],[-82.56501,37.55633],[-82.5603,37.55839],[-82.55543,37.56237],[-82.54497,37.56283],[-82.54432,37.55857],[-82.53969,37.55825],[-82.53735,37.55593],[-82.5265,37.55153],[-82.52155,37.55045],[-82.51485,37.55291],[-82.50916,37.55251],[-82.4944,37.53354],[-82.48967,37.53431],[-82.48845,37.53728],[-82.48141,37.53895],[-82.47984,37.54393],[-82.48697,37.54969],[-82.48366,37.55276],[-82.47708,37.55369],[-82.46403,37.55271],[-82.45936,37.5486],[-82.45523,37.54166],[-82.44457,37.53105],[-82.44252,37.52542],[-82.43456,37.52801],[-82.4314,37.52711],[-82.42125,37.52792],[-82.41399,37.53153],[-82.40848,37.52493],[-82.40631,37.51831],[-82.40135,37.51447],[-82.39349,37.51472],[-82.39127,37.50721],[-82.39209,37.5045],[-82.39827,37.50063],[-82.39828,37.49678],[-82.39228,37.49648],[-82.38528,37.49127],[-82.38858,37.48777],[-82.38284,37.48166],[-82.38284,37.47896],[-82.37828,37.47463],[-82.38187,37.47261],[-82.39052,37.46548],[-82.39811,37.46745],[-82.40219,37.45586],[-82.40112,37.44913],[-82.40622,37.44516],[-82.40801,37.44038],[-82.41419,37.43504],[-82.40613,37.43373],[-82.40488,37.43214],[-82.40633,37.42613],[-82.40088,37.4181],[-82.39664,37.41639],[-82.39208,37.41796],[-82.39186,37.42664],[-82.3874,37.42815],[-82.3837,37.42599],[-82.38348,37.42183],[-82.37808,37.42219],[-82.37576,37.42835],[-82.37156,37.43106],[-82.36836,37.42365],[-82.36253,37.41953],[-82.35765,37.41804],[-82.35047,37.41776],[-82.35197,37.41098],[-82.34916,37.4072],[-82.34354,37.40855],[-82.33748,37.41411],[-82.33452,37.40939],[-82.33707,37.40496],[-82.33516,37.40226],[-82.33018,37.40127],[-82.32637,37.39872],[-82.3221,37.40004],[-82.32242,37.40581],[-82.3196,37.40773],[-82.31349,37.40849],[-82.30889,37.41299],[-82.31172,37.41761],[-82.30918,37.42019],[-82.30412,37.42004],[-82.30211,37.4174],[-82.30253,37.41281],[-82.30014,37.41098],[-82.2943,37.41119],[-82.28884,37.40635],[-82.29254,37.41987],[-82.29509,37.42369],[-82.28772,37.4269],[-82.28638,37.43154],[-82.27709,37.44425],[-82.27778,37.4498],[-82.26607,37.4549],[-82.25794,37.45489],[-82.25524,37.45935],[-82.25004,37.45924],[-82.24697,37.45647],[-82.2435,37.46071],[-82.23662,37.46378],[-82.23521,37.46803],[-82.22549,37.47086],[-82.22723,37.47544],[-82.228,37.48324],[-82.23542,37.48293],[-82.22679,37.5029],[-82.23057,37.50395],[-82.23687,37.50317],[-82.23988,37.50649],[-82.24894,37.50862],[-82.25454,37.51323],[-82.26026,37.51005],[-82.2682,37.51631],[-82.27426,37.51125],[-82.27776,37.51073],[-82.28028,37.51365],[-82.28554,37.5159],[-82.29315,37.51551],[-82.29529,37.51955],[-82.30231,37.52275],[-82.30347,37.52582],[-82.30004,37.53092],[-82.30396,37.53378],[-82.30331,37.54214],[-82.29659,37.54717],[-82.29091,37.54874],[-82.28586,37.55377],[-82.28496,37.56003],[-82.27946,37.5648],[-82.27373,37.56814],[-82.2696,37.57913],[-82.25977,37.58343],[-82.25602,37.58933],[-82.25609,37.59572],[-82.26082,37.5956],[-82.26378,37.60024],[-82.26516,37.60556],[-82.27211,37.60723],[-82.27326,37.60497],[-82.28279,37.60392],[-82.28671,37.60225],[-82.29445,37.60324],[-82.29736,37.6076],[-82.29587,37.61118],[-82.30191,37.61049],[-82.3099,37.6127],[-82.31223,37.61814],[-82.31803,37.6269],[-82.31225,37.63008],[-82.3056,37.63114],[-82.30659,37.64139],[-82.30394,37.64504],[-82.29614,37.64488],[-82.29655,37.64785],[-82.29216,37.65113],[-82.29334,37.65423],[-82.29806,37.65563],[-82.29684,37.6594],[-82.29759,37.66525],[-82.30031,37.668],[-82.29904,37.67101],[-82.30216,37.67562],[-82.30387,37.67839],[-82.29612,37.68617],[-82.3015,37.69078],[-82.30196,37.69622],[-82.29732,37.69982],[-82.29663,37.7024],[-82.30095,37.70614],[-82.30724,37.70767],[-82.31066,37.7133],[-82.3117,37.71877],[-82.3162,37.72154],[-82.3183,37.73305],[-82.32683,37.73626],[-82.33379,37.74155],[-82.33403,37.74323],[-82.32748,37.74937],[-82.32141,37.75127],[-82.321,37.75688],[-82.3173,37.7602],[-82.31078,37.76269],[-82.3152,37.76552],[-82.32736,37.76223],[-82.33399,37.76508],[-82.33165,37.76816],[-82.32351,37.77223],[-82.3237,37.77503],[-82.32972,37.7757],[-82.33598,37.7745],[-82.33889,37.77686],[-82.33838,37.78043],[-82.34046,37.78606],[-82.34849,37.78677],[-82.35427,37.7931],[-82.36389,37.795],[-82.36556,37.79832],[-82.36997,37.80175],[-82.37617,37.80203],[-82.37813,37.80433],[-82.37958,37.81091],[-82.38526,37.81741],[-82.38921,37.81721],[-82.39698,37.80901],[-82.40165,37.81009],[-82.4022,37.81268],[-82.39844,37.82165],[-82.39968,37.82994],[-82.40894,37.83664],[-82.41212,37.84389],[-82.41955,37.8458],[-82.42059,37.84786],[-82.41476,37.85551],[-82.42391,37.86024],[-82.42244,37.86393],[-82.40899,37.86577],[-82.40967,37.86893],[-82.41684,37.86963],[-82.41905,37.87284],[-82.4192,37.88208],[-82.42264,37.88667],[-82.43211,37.88991],[-82.43532,37.89683],[-82.43812,37.90021],[-82.44733,37.90386],[-82.45233,37.9087],[-82.45999,37.90954],[-82.46288,37.91483],[-82.46768,37.9142],[-82.46895,37.91096],[-82.46823,37.90357],[-82.47106,37.89937],[-82.47632,37.90315],[-82.47423,37.90805],[-82.47553,37.91195],[-82.47932,37.91483],[-82.48739,37.91668],[-82.48809,37.91956],[-82.481,37.9243],[-82.48189,37.92679],[-82.49467,37.92679],[-82.49727,37.92762],[-82.5022,37.93305],[-82.50039,37.93652],[-82.4919,37.93574],[-82.48992,37.93923],[-82.49672,37.94162],[-82.49771,37.94549],[-82.50443,37.94811],[-82.53487,37.96279],[-82.5439,37.95703],[-82.54888,37.95935],[-82.55121,37.95743],[-82.55524,37.95951],[-82.566,37.95226],[-82.57013,37.95624],[-82.57358,37.95289],[-82.58086,37.95407],[-82.58093,37.94844],[-82.57805,37.94514],[-82.58245,37.94314],[-82.58276,37.93779],[-82.58012,37.93395],[-82.58419,37.92903],[-82.59025,37.93144],[-82.59294,37.92831],[-82.59372,37.92208],[-82.60141,37.92178],[-82.60251,37.91942],[-82.59875,37.91577],[-82.60132,37.91281],[-82.59421,37.90865],[-82.59868,37.90442],[-82.59887,37.89874],[-82.59648,37.89752],[-82.59561,37.89068],[-82.60126,37.88785],[-82.60416,37.88921],[-82.60932,37.88748],[-82.60871,37.88481],[-82.61239,37.87927],[-82.67693,37.89233],[-82.73658,37.91633],[-82.7789,37.9392],[-82.83158,37.96787],[-82.87522,37.97762],[-82.9396,37.99898],[-82.94172,37.9981],[-82.94794,38.00043],[-82.95204,38.00032],[-82.95275,37.99706],[-82.96583,37.99395],[-82.97072,37.99098],[-82.97021,37.98834],[-82.97331,37.98504],[-82.97641,37.98497],[-82.97808,37.97452],[-82.98144,37.96979],[-82.98889,37.96639],[-82.98901,37.96397]]]},"properties":{"STATEFP":"21","SLDLST":"097","AFFGEOID":"620L800US21097","GEOID":"21097","NAME":"97","NAMELSAD":"State House District 97","STUSPS":"KY","STATE_NAME":"Kentucky","LSAD":"LL","LSY":"2022","ALAND":1886038098,"AWATER":10385176}},
{"type":"Feature","geometry":{"type":"Polygon","coordinates":[[[-87.02088,37.72091],[-87.02875,37.71504],[-87.05042,37.70541],[-87.02995,37.70016],[-87.02876,37.69869],[-87.01397,37.69578],[-87.00243,37.67521],[-87.00711,37.66405],[-87.01135,37.66487],[-87.0191,37.65878],[-87.0124,37.64802],[-87.01953,37.64927],[-87.02809,37.63671],[-87.03578,37.62822],[-87.04363,37.63047],[-87.05351,37.62934],[-87.05799,37.62748],[-87.0805,37.62931],[-87.08319,37.62848],[-87.09454,37.62959],[-87.096,37.63238],[-87.10161,37.63336],[-87.10288,37.63627],[-87.10933,37.63637],[-87.11071,37.63819],[-87.11752,37.63785],[-87.11912,37.63604],[-87.13355,37.63431],[-87.13334,37.62838],[-87.13683,37.62038],[-87.15531,37.62802],[-87.1622,37.62434],[-87.1589,37.58807],[-87.15982,37.587],[-87.15631,37.58579],[-87.14898,37.58017],[-87.13882,37.57563],[-87.10878,37.57116],[-87.10565,37.5692],[-87.09553,37.56693],[-87.07673,37.5679],[-87.0679,37.56889],[-87.0649,37.57259],[-87.05741,37.57074],[-87.04844,37.56602],[-87.04299,37.5643],[-87.03826,37.5608],[-87.04938,37.55186],[-87.10311,37.4809],[-87.10727,37.47954],[-87.11334,37.47151],[-87.11727,37.47238],[-87.11789,37.47825],[-87.12029,37.47977],[-87.12094,37.48425],[-87.12427,37.48695],[-87.12872,37.48524],[-87.13046,37.48185],[-87.12363,37.47521],[-87.12118,37.46969],[-87.11464,37.46565],[-87.10701,37.46359],[-87.10484,37.46155],[-87.10274,37.44553],[-87.10446,37.43587],[-87.10042,37.42803],[-87.10123,37.42093],[-87.0998,37.41604],[-87.09825,37.41191],[-87.0983,37.40411],[-87.0968,37.39648],[-87.09966,37.38838],[-87.09406,37.37811],[-87.09516,37.37593],[-87.11039,37.36694],[-87.11644,37.36479],[-87.12376,37.36081],[-87.12505,37.35536],[-87.13721,37.34128],[-87.13698,37.33552],[-87.13419,37.33246],[-87.12883,37.33338],[-87.1211,37.32588],[-87.11246,37.3243],[-87.10258,37.32862],[-87.09966,37.33255],[-87.09792,37.33868],[-87.09128,37.34796],[-87.09004,37.35521],[-87.08737,37.35984],[-87.07059,37.37047],[-87.05189,37.36947],[-87.04063,37.36673],[-87.03057,37.36331],[-87.02255,37.35865],[-87.01615,37.35314],[-87.01202,37.34573],[-87.0055,37.33747],[-86.99947,37.33309],[-86.99558,37.32706],[-86.98863,37.32459],[-86.98585,37.32091],[-86.98596,37.31657],[-86.98901,37.31055],[-86.98829,37.30269],[-86.98247,37.29521],[-86.98093,37.28634],[-86.98401,37.27448],[-86.98267,37.26963],[-86.97949,37.26716],[-86.97154,37.25796],[-86.96607,37.2572],[-86.96311,37.26089],[-86.95845,37.26086],[-86.95484,37.25762],[-86.95524,37.25279],[-86.95369,37.24994],[-86.94848,37.24638],[-86.94701,37.24059],[-86.94312,37.2377],[-86.93756,37.23727],[-86.93369,37.2401],[-86.92322,37.24149],[-86.91752,37.23655],[-86.91232,37.23744],[-86.90954,37.23449],[-86.91539,37.23358],[-86.9201,37.23016],[-86.91927,37.22519],[-86.91045,37.22355],[-86.90544,37.22053],[-86.89927,37.21231],[-86.88921,37.2179],[-86.88546,37.2226],[-86.8856,37.23029],[-86.88355,37.23513],[-86.87187,37.24661],[-86.86184,37.25191],[-86.8534,37.2505],[-86.84988,37.25736],[-86.84835,37.26284],[-86.84294,37.26503],[-86.8421,37.26933],[-86.8347,37.27442],[-86.82937,37.28137],[-86.83061,37.28556],[-86.82438,37.29342],[-86.81725,37.29375],[-86.80825,37.29139],[-86.81884,37.30528],[-86.82142,37.31938],[-86.81717,37.32762],[-86.81273,37.33055],[-86.80117,37.33445],[-86.79416,37.33373],[-86.78956,37.33067],[-86.77526,37.32593],[-86.77337,37.32296],[-86.77432,37.31876],[-86.7706,37.30992],[-86.75953,37.3041],[-86.74899,37.311],[-86.61209,37.39512],[-86.62944,37.44693],[-86.65928,37.53326],[-86.66206,37.53708],[-86.66188,37.54193],[-86.66727,37.54647],[-86.66898,37.54972],[-86.66489,37.55665],[-86.64697,37.55557],[-86.64346,37.55937],[-86.64271,37.56325],[-86.63599,37.56615],[-86.63169,37.56465],[-86.62532,37.56589],[-86.62013,37.55397],[-86.60898,37.55069],[-86.60962,37.54359],[-86.60231,37.54069],[-86.59797,37.53777],[-86.59825,37.5449],[-86.59014,37.54879],[-86.58124,37.54736],[-86.57695,37.5538],[-86.58776,37.55711],[-86.59435,37.56034],[-86.59281,37.56436],[-86.5961,37.56442],[-86.60292,37.56973],[-86.60875,37.57794],[-86.61486,37.58146],[-86.62023,37.58711],[-86.61965,37.59157],[-86.62522,37.59677],[-86.62507,37.60403],[-86.62973,37.6097],[-86.63942,37.619],[-86.64064,37.61907],[-86.63893,37.66188],[-86.62232,37.65501],[-86.67787,37.79284],[-86.66609,37.8358],[-86.6586,37.83883],[-86.6553,37.84251],[-86.65827,37.84414],[-86.66164,37.84971],[-86.66249,37.85695],[-86.66123,37.86276],[-86.65837,37.86938],[-86.64873,37.88604],[-86.64475,37.89481],[-86.64414,37.90237],[-86.64551,37.90653],[-86.65009,37.91062],[-86.66089,37.91306],[-86.67304,37.9149],[-86.68093,37.91501],[-86.68601,37.91308],[-86.69199,37.90853],[-86.70782,37.89837],[-86.71846,37.89312],[-86.72225,37.89265],[-86.73146,37.89434],[-86.73472,37.89659],[-86.75099,37.91289],[-86.76473,37.93241],[-86.77551,37.94941],[-86.77991,37.95546],[-86.77857,37.9573],[-86.78717,37.9688],[-86.79051,37.98005],[-86.79551,37.98945],[-86.80313,37.99248],[-86.81527,37.99888],[-86.82349,37.99894],[-86.83516,37.99375],[-86.84903,37.99002],[-86.85595,37.98729],[-86.86322,37.9825],[-86.87587,37.97077],[-86.87936,37.96927],[-86.88648,37.96307],[-86.89029,37.95743],[-86.90198,37.94645],[-86.91795,37.93724],[-86.92582,37.93511],[-86.93336,37.93494],[-86.94463,37.93353],[-86.96478,37.93238],[-86.968,37.933],[-86.97896,37.9302],[-87.0033,37.9224],[-87.01237,37.91871],[-87.03417,37.90626],[-87.04016,37.90122],[-87.0452,37.89433],[-87.04589,37.88757],[-87.04341,37.87994],[-87.04329,37.86855],[-87.04751,37.85875],[-87.05446,37.83532],[-87.02642,37.82322],[-87.02652,37.82597],[-87.02219,37.83091],[-87.01439,37.83314],[-87.00985,37.83023],[-87.00691,37.83319],[-86.96949,37.81776],[-86.95981,37.81188],[-86.95622,37.80456],[-86.95697,37.80176],[-86.95118,37.7962],[-86.95318,37.79035],[-86.9588,37.78504],[-86.95199,37.77886],[-86.94575,37.77872],[-86.9559,37.76362],[-86.95846,37.75762],[-86.94843,37.75422],[-86.94572,37.7508],[-86.9225,37.74617],[-86.92662,37.73543],[-86.93312,37.71635],[-86.93444,37.71444],[-86.94464,37.71579],[-86.98751,37.72556],[-86.99217,37.7253],[-87.02088,37.72091]]]},"properties":{"STATEFP":"21","SLDLST":"014","AFFGEOID":"620L800US21014","GEOID":"21014","NAME":"14","NAMELSAD":"State House District 14","STUSPS":"KY","STATE_NAME":"Kentucky","LSAD":"LL","LSY":"2022","ALAND":2485369524,"AWATER":66994187}},
{"type":"Feature","geometry":{"type":"Polygon","coordinates":[[[-86.76329,36.64891],[-86.71379,36.64934],[-86.58991,36.65249],[-86.56414,36.63347],[-86.55129,36.63799],[-86.55005,36.64482],[-86.54339,36.64389],[-86.54378,36.64054],[-86.50777,36.65245],[-86.4735,36.65167],[-86.4685,36.65184],[-86.37499,36.6498],[-86.35907,36.64985],[-86.33305,36.64878],[-86.29336,36.64536],[-86.19757,36.63936],[-86.08194,36.63385],[-86.08067,36.63394],[-86.03277,36.63037],[-85.97292,36.62852],[-85.96219,36.64413],[-85.9553,36.65036],[-85.95066,36.65102],[-85.9494,36.66165],[-85.95609,36.67053],[-85.96426,36.69108],[-85.97744,36.71588],[-85.97691,36.72272],[-85.98288,36.74156],[-85.99386,36.74924],[-86.00231,36.75871],[-86.00707,36.76034],[-86.03073,36.76438],[-86.03465,36.75993],[-86.03731,36.76018],[-86.04074,36.76744],[-86.05129,36.77241],[-86.05287,36.77481],[-86.0472,36.7789],[-86.03871,36.77808],[-86.0347,36.78038],[-86.03631,36.78579],[-86.04008,36.7878],[-86.03922,36.79084],[-86.04712,36.79512],[-86.05212,36.79445],[-86.05111,36.8016],[-86.04745,36.80449],[-86.04743,36.8079],[-86.05072,36.80941],[-86.05618,36.80915],[-86.06996,36.80578],[-86.07178,36.80817],[-86.06841,36.8125],[-86.06604,36.82285],[-86.06357,36.82568],[-86.05569,36.83006],[-86.05889,36.83522],[-86.07209,36.84435],[-86.07802,36.8547],[-86.07546,36.86426],[-86.07781,36.86672],[-86.07659,36.8724],[-86.07247,36.8715],[-86.07021,36.87729],[-86.07682,36.88125],[-86.07784,36.89233],[-86.0681,36.89433],[-86.06453,36.89704],[-86.06662,36.90031],[-86.07042,36.90192],[-86.07846,36.90239],[-86.08845,36.89987],[-86.0974,36.90081],[-86.10254,36.89591],[-86.10792,36.88759],[-86.1087,36.88289],[-86.10494,36.87653],[-86.0988,36.87094],[-86.09753,36.8677],[-86.10049,36.86422],[-86.10642,36.86506],[-86.10988,36.86829],[-86.10945,36.87204],[-86.11375,36.87557],[-86.11532,36.88105],[-86.12502,36.89559],[-86.12907,36.89639],[-86.1369,36.89469],[-86.1413,36.89229],[-86.14711,36.89696],[-86.14302,36.90081],[-86.13541,36.9023],[-86.13475,36.9053],[-86.14193,36.91353],[-86.13985,36.92041],[-86.1351,36.92978],[-86.1366,36.93206],[-86.14706,36.92984],[-86.15047,36.92681],[-86.15243,36.91711],[-86.14953,36.91508],[-86.14897,36.91156],[-86.15777,36.90649],[-86.16442,36.90689],[-86.16882,36.90847],[-86.17523,36.91278],[-86.17621,36.91515],[-86.17251,36.9183],[-86.16462,36.92072],[-86.16055,36.92423],[-86.16086,36.93],[-86.16674,36.93402],[-86.17044,36.93502],[-86.17896,36.92768],[-86.18024,36.92516],[-86.18903,36.92168],[-86.19309,36.92462],[-86.19572,36.92899],[-86.20142,36.93532],[-86.20585,36.93294],[-86.21015,36.92762],[-86.21038,36.92492],[-86.20753,36.91831],[-86.20397,36.91674],[-86.20326,36.91347],[-86.20793,36.90709],[-86.21272,36.9037],[-86.21666,36.90561],[-86.22057,36.91169],[-86.22631,36.91263],[-86.22896,36.90745],[-86.23293,36.90621],[-86.23576,36.90216],[-86.23463,36.89852],[-86.23991,36.89888],[-86.24004,36.89522],[-86.24682,36.89696],[-86.25023,36.89613],[-86.25214,36.89157],[-86.25664,36.89123],[-86.26652,36.89337],[-86.26906,36.88918],[-86.26774,36.88618],[-86.26346,36.88565],[-86.26419,36.87777],[-86.2634,36.87313],[-86.33103,36.82708],[-86.34074,36.83285],[-86.35147,36.83586],[-86.35425,36.83858],[-86.34855,36.84611],[-86.34998,36.84836],[-86.35571,36.84927],[-86.36018,36.84686],[-86.3632,36.84219],[-86.36697,36.84745],[-86.36557,36.84978],[-86.35949,36.85277],[-86.35828,36.85897],[-86.36339,36.85929],[-86.36131,36.86546],[-86.36606,36.86789],[-86.36998,36.87292],[-86.37456,36.87579],[-86.37991,36.87671],[-86.38526,36.87415],[-86.39478,36.87574],[-86.39373,36.87934],[-86.38802,36.88225],[-86.37841,36.8819],[-86.37475,36.88391],[-86.37597,36.88908],[-86.38315,36.8882],[-86.3919,36.89029],[-86.39495,36.89453],[-86.39097,36.89553],[-86.38167,36.89474],[-86.37972,36.89679],[-86.38295,36.90306],[-86.38676,36.90496],[-86.39214,36.90283],[-86.39686,36.90807],[-86.39631,36.91108],[-86.40871,36.91109],[-86.42933,36.91596],[-86.43445,36.91196],[-86.44002,36.91415],[-86.44426,36.9066],[-86.44962,36.90515],[-86.44886,36.89423],[-86.45257,36.8795],[-86.46074,36.87112],[-86.46211,36.8593],[-86.46133,36.85589],[-86.4614,36.84564],[-86.46628,36.83474],[-86.4686,36.82643],[-86.47287,36.81712],[-86.5482,36.8264],[-86.58329,36.83028],[-86.61159,36.88306],[-86.6324,36.88293],[-86.65589,36.87626],[-86.67537,36.85519],[-86.69072,36.8443],[-86.70427,36.80973],[-86.71642,36.79534],[-86.7403,36.75574],[-86.75134,36.72712],[-86.75328,36.70746],[-86.76329,36.64891]]]},"properties":{"STATEFP":"21","SLDLST":"022","AFFGEOID":"620L800US21022","GEOID":"21022","NAME":"22","NAMELSAD":"State House District 22","STUSPS":"KY","STATE_NAME":"Kentucky","LSAD":"LL","LSY":"2022","ALAND":1596477802,"AWATER":28066719}},
{"type":"Feature","geometry":{"type":"Polygon","coordinates":[[[-85.99901,37.99998],[-85.98233,37.91025],[-85.96996,37.88373],[-85.96135,37.87342],[-85.95608,37.86184],[-85.94541,37.86147],[-85.94563,37.85598],[-85.94379,37.85292],[-85.93461,37.84797],[-85.93107,37.8474],[-85.92338,37.83784],[-85.91686,37.83494],[-85.91458,37.8317],[-85.90536,37.82912],[-85.90469,37.82651],[-85.90576,37.818],[-85.91175,37.8143],[-85.91746,37.81496],[-85.9199,37.81805],[-85.9275,37.81683],[-85.9249,37.81386],[-85.92057,37.79858],[-85.91277,37.78895],[-85.90931,37.78201],[-85.90117,37.78207],[-85.8957,37.78589],[-85.89516,37.78815],[-85.90585,37.79051],[-85.90027,37.79242],[-85.89728,37.78868],[-85.89095,37.7902],[-85.88425,37.79518],[-85.88525,37.80053],[-85.87289,37.80271],[-85.8702,37.80012],[-85.86574,37.80617],[-85.86126,37.8085],[-85.8587,37.80478],[-85.8462,37.80588],[-85.84411,37.80047],[-85.84425,37.79502],[-85.84642,37.79205],[-85.83333,37.79168],[-85.82995,37.79384],[-85.8291,37.80378],[-85.82727,37.80639],[-85.81968,37.80639],[-85.80978,37.80278],[-85.80157,37.802],[-85.8027,37.80684],[-85.79947,37.81017],[-85.78565,37.80908],[-85.78173,37.81284],[-85.77545,37.81382],[-85.7704,37.81059],[-85.7641,37.81129],[-85.7579,37.81577],[-85.76061,37.81857],[-85.7578,37.82183],[-85.75015,37.82674],[-85.75005,37.82347],[-85.74485,37.82282],[-85.74123,37.8204],[-85.74242,37.81598],[-85.73646,37.8216],[-85.73321,37.83449],[-85.72851,37.83622],[-85.72968,37.84001],[-85.72795,37.847],[-85.72242,37.85571],[-85.72894,37.85531],[-85.7334,37.85707],[-85.73441,37.85983],[-85.74042,37.85951],[-85.74502,37.86133],[-85.75275,37.86777],[-85.75172,37.88429],[-85.75824,37.88844],[-85.75364,37.89144],[-85.75903,37.89317],[-85.76108,37.89913],[-85.75756,37.90382],[-85.76028,37.91017],[-85.76273,37.90951],[-85.76409,37.91618],[-85.76608,37.9182],[-85.76577,37.93813],[-85.76447,37.94221],[-85.75943,37.94807],[-85.76015,37.96399],[-85.75368,37.96419],[-85.74834,37.96938],[-85.74755,37.97172],[-85.74896,37.98056],[-85.74339,37.98099],[-85.74313,37.99334],[-85.74121,37.99279],[-85.74324,37.98312],[-85.74138,37.98151],[-85.73519,37.96972],[-85.73122,37.96367],[-85.70873,37.96389],[-85.71118,37.9722],[-85.71787,37.97583],[-85.71715,37.98515],[-85.71058,37.98218],[-85.69689,37.98712],[-85.67878,37.99747],[-85.67187,38.00316],[-85.67284,38.00735],[-85.70024,37.99723],[-85.70654,37.99099],[-85.71583,37.99092],[-85.72407,37.99364],[-85.73222,37.99871],[-85.73756,37.99875],[-85.74075,38.00284],[-85.74166,38.00868],[-85.73717,38.00737],[-85.73254,38.00801],[-85.7273,38.00591],[-85.72103,38.00556],[-85.70761,38.00842],[-85.70901,38.00434],[-85.69947,38.00964],[-85.69692,38.0125],[-85.69674,38.02194],[-85.69474,38.02314],[-85.68894,38.03484],[-85.68308,38.03955],[-85.6708,38.03882],[-85.65946,38.03455],[-85.65608,38.03674],[-85.64691,38.03808],[-85.63287,38.03851],[-85.625,38.0403],[-85.61877,38.03951],[-85.61351,38.05022],[-85.60826,38.05265],[-85.60727,38.05565],[-85.602,38.05418],[-85.59215,38.04968],[-85.57014,38.03774],[-85.56755,38.04262],[-85.56229,38.04257],[-85.55942,38.03944],[-85.55193,38.04307],[-85.55983,38.04656],[-85.55555,38.05322],[-85.56753,38.05972],[-85.56052,38.06946],[-85.55586,38.0728],[-85.5544,38.06731],[-85.54973,38.07345],[-85.55091,38.07614],[-85.55727,38.07384],[-85.643,38.08131],[-85.65545,38.08238],[-85.66231,38.08017],[-85.68258,38.07627],[-85.69463,38.08003],[-85.69931,38.08617],[-85.71258,38.08731],[-85.74562,38.07814],[-85.87697,38.04182],[-85.8828,38.04055],[-85.88349,38.03758],[-85.89757,38.02973],[-85.90305,38.02951],[-85.90639,38.02519],[-85.91279,38.02065],[-85.91537,38.01394],[-85.91387,38.01084],[-85.92297,38.00836],[-85.93464,37.99722],[-85.94504,38.00243],[-85.94711,38.00509],[-85.97292,38.00257],[-85.97742,38.00339],[-85.99901,37.99998]]]},"properties":{"STATEFP":"21","SLDLST":"026","AFFGEOID":"620L800US21026","GEOID":"21026","NAME":"26","NAMELSAD":"State House District 26","STUSPS":"KY","STATE_NAME":"Kentucky","LSAD":"LL","LSY":"2022","ALAND":595508849,"AWATER":7763306}},
{"type":"Feature","geometry":{"type":"Polygon","coordinates":[[[-85.55091,38.07614],[-85.54973,38.07345],[-85.5544,38.06731],[-85.55586,38.0728],[-85.56052,38.06946],[-85.56753,38.05972],[-85.55555,38.05322],[-85.55983,38.04656],[-85.55193,38.04307],[-85.55942,38.03944],[-85.56229,38.04257],[-85.56755,38.04262],[-85.57014,38.03774],[-85.59215,38.04968],[-85.602,38.05418],[-85.60727,38.05565],[-85.60826,38.05265],[-85.61351,38.05022],[-85.61877,38.03951],[-85.625,38.0403],[-85.63287,38.03851],[-85.64691,38.03808],[-85.65608,38.03674],[-85.65946,38.03455],[-85.6708,38.03882],[-85.68308,38.03955],[-85.68894,38.03484],[-85.69474,38.02314],[-85.69674,38.02194],[-85.69692,38.0125],[-85.69947,38.00964],[-85.70901,38.00434],[-85.70761,38.00842],[-85.72103,38.00556],[-85.7273,38.00591],[-85.73254,38.00801],[-85.73717,38.00737],[-85.74166,38.00868],[-85.74075,38.00284],[-85.73756,37.99875],[-85.73222,37.99871],[-85.72407,37.99364],[-85.71583,37.99092],[-85.70654,37.99099],[-85.70024,37.99723],[-85.67284,38.00735],[-85.67187,38.00316],[-85.67878,37.99747],[-85.69689,37.98712],[-85.71058,37.98218],[-85.71715,37.98515],[-85.71787,37.97583],[-85.71118,37.9722],[-85.70873,37.96389],[-85.73122,37.96367],[-85.73519,37.96972],[-85.74138,37.98151],[-85.74324,37.98312],[-85.74121,37.99279],[-85.74313,37.99334],[-85.74339,37.98099],[-85.74896,37.98056],[-85.74755,37.97172],[-85.74834,37.96938],[-85.75368,37.96419],[-85.76015,37.96399],[-85.75943,37.94807],[-85.76447,37.94221],[-85.76577,37.93813],[-85.76608,37.9182],[-85.76409,37.91618],[-85.76273,37.90951],[-85.76028,37.91017],[-85.75756,37.90382],[-85.76108,37.89913],[-85.75903,37.89317],[-85.75364,37.89144],[-85.75824,37.88844],[-85.75172,37.88429],[-85.75275,37.86777],[-85.74502,37.86133],[-85.74042,37.85951],[-85.73441,37.85983],[-85.7334,37.85707],[-85.72894,37.85531],[-85.72242,37.85571],[-85.72795,37.847],[-85.72968,37.84001],[-85.72851,37.83622],[-85.73321,37.83449],[-85.73646,37.8216],[-85.74242,37.81598],[-85.73778,37.81179],[-85.73148,37.81224],[-85.72137,37.81018],[-85.72099,37.80777],[-85.70639,37.81413],[-85.70255,37.81421],[-85.69885,37.81123],[-85.69298,37.81524],[-85.69123,37.81851],[-85.68742,37.81792],[-85.68223,37.81971],[-85.67934,37.81721],[-85.67475,37.82344],[-85.66242,37.82478],[-85.65266,37.82904],[-85.65349,37.83273],[-85.64325,37.83403],[-85.63311,37.84386],[-85.62982,37.8453],[-85.6267,37.85005],[-85.6204,37.85043],[-85.61027,37.8589],[-85.61103,37.8649],[-85.61331,37.87003],[-85.60801,37.86925],[-85.59874,37.87218],[-85.59257,37.87609],[-85.58832,37.87576],[-85.58126,37.88103],[-85.57972,37.88348],[-85.5848,37.89355],[-85.58445,37.9037],[-85.58568,37.90773],[-85.57522,37.91692],[-85.57276,37.916],[-85.56561,37.92013],[-85.56533,37.9249],[-85.56077,37.923],[-85.55573,37.92398],[-85.54907,37.92824],[-85.54292,37.94036],[-85.52995,37.94723],[-85.52524,37.95275],[-85.52396,37.95719],[-85.52788,37.96259],[-85.53415,37.96523],[-85.4892,37.99065],[-85.51688,38.01127],[-85.51192,38.01288],[-85.46923,38.09622],[-85.46287,38.09588],[-85.45187,38.10231],[-85.44708,38.10155],[-85.43804,38.10193],[-85.43483,38.10575],[-85.43047,38.10725],[-85.42883,38.11838],[-85.48026,38.10001],[-85.51589,38.08877],[-85.55091,38.07614]]]},"properties":{"STATEFP":"21","SLDLST":"049","AFFGEOID":"620L800US21049","GEOID":"21049","NAME":"49","NAMELSAD":"State House District 49","STUSPS":"KY","STATE_NAME":"Kentucky","LSAD":"LL","LSY":"2022","ALAND":419514054,"AWATER":4759288}},
{"type":"Feature","geometry":{"type":"Polygon","coordinates":[[[-85.03017,37.63127],[-85.03447,37.5967],[-85.03967,37.54523],[-85.04351,37.50009],[-85.04266,37.46101],[-85.0445,37.41912],[-85.04665,37.41354],[-85.04983,37.41258],[-85.05522,37.41676],[-85.06121,37.41825],[-85.07063,37.41375],[-85.07724,37.41188],[-85.0805,37.40853],[-85.08252,37.40059],[-85.08732,37.39767],[-85.0911,37.39725],[-85.09545,37.39945],[-85.10618,37.39734],[-85.11026,37.39413],[-85.11178,37.39074],[-85.11896,37.38477],[-85.1271,37.38654],[-85.13116,37.38427],[-85.13289,37.37947],[-85.1332,37.37203],[-85.13124,37.36506],[-85.1325,37.35982],[-85.13536,37.35518],[-85.1399,37.3536],[-85.14531,37.33832],[-85.14908,37.337],[-85.1526,37.33116],[-85.15652,37.31907],[-85.16517,37.3104],[-85.14743,37.30443],[-85.11209,37.28209],[-85.0569,37.25704],[-85.05356,37.19675],[-85.04332,37.18603],[-84.97047,37.11294],[-84.95441,37.10227],[-84.91656,37.10728],[-84.90111,37.1163],[-84.88248,37.12815],[-84.80934,37.17503],[-84.72071,37.23833],[-84.721,37.24347],[-84.71838,37.24533],[-84.71998,37.24958],[-84.71595,37.25265],[-84.71993,37.25784],[-84.71896,37.26006],[-84.72078,37.26848],[-84.71996,37.27169],[-84.72306,37.27434],[-84.72287,37.28298],[-84.72416,37.28668],[-84.71733,37.29217],[-84.71364,37.29387],[-84.71204,37.29847],[-84.7064,37.29954],[-84.70682,37.30222],[-84.72283,37.36004],[-84.73584,37.36636],[-84.7961,37.39056],[-84.8085,37.39927],[-84.85082,37.42714],[-84.86013,37.46735],[-84.85792,37.48407],[-84.85709,37.52852],[-84.84743,37.54834],[-84.78336,37.5767],[-84.74731,37.58553],[-84.75286,37.58854],[-84.75683,37.58836],[-84.75537,37.5961],[-84.74613,37.59758],[-84.74447,37.59403],[-84.74699,37.58561],[-84.72367,37.59134],[-84.6961,37.60772],[-84.69589,37.60971],[-84.68828,37.61251],[-84.68928,37.61437],[-84.69591,37.61642],[-84.69556,37.61903],[-84.6903,37.62243],[-84.68381,37.62099],[-84.67662,37.62398],[-84.67491,37.62102],[-84.67717,37.6182],[-84.67306,37.61589],[-84.66617,37.6175],[-84.66207,37.62411],[-84.65838,37.61775],[-84.65467,37.62342],[-84.6544,37.62741],[-84.6583,37.6345],[-84.66453,37.63311],[-84.66606,37.63976],[-84.65952,37.64244],[-84.65425,37.64083],[-84.65255,37.64359],[-84.65183,37.64968],[-84.65567,37.65398],[-84.65928,37.65473],[-84.66596,37.65288],[-84.66839,37.64718],[-84.67229,37.64582],[-84.67815,37.64603],[-84.67891,37.6424],[-84.67248,37.64061],[-84.67904,37.63681],[-84.68618,37.63974],[-84.69404,37.64112],[-84.69029,37.64675],[-84.67887,37.65285],[-84.67886,37.65515],[-84.68331,37.6594],[-84.6889,37.65875],[-84.69337,37.66456],[-84.70084,37.66148],[-84.70362,37.66444],[-84.69822,37.66851],[-84.68535,37.67291],[-84.68032,37.67597],[-84.68525,37.68172],[-84.68262,37.68414],[-84.68579,37.68761],[-84.69192,37.68533],[-84.69706,37.68163],[-84.7011,37.68226],[-84.70379,37.68741],[-84.69822,37.69453],[-84.70003,37.69741],[-84.70427,37.69763],[-84.71557,37.69528],[-84.72239,37.6928],[-84.72687,37.69683],[-84.7346,37.69501],[-84.7437,37.69839],[-84.73898,37.70615],[-84.73392,37.70854],[-84.73381,37.71075],[-84.73992,37.71353],[-84.74489,37.71308],[-84.79357,37.71725],[-84.80787,37.70461],[-84.8988,37.69268],[-84.99983,37.68018],[-85.02502,37.67885],[-85.03017,37.63127]]]},"properties":{"STATEFP":"21","SLDLST":"054","AFFGEOID":"620L800US21054","GEOID":"21054","NAME":"54","NAMELSAD":"State House District 54","STUSPS":"KY","STATE_NAME":"Kentucky","LSAD":"LL","LSY":"2022","ALAND":1617689847,"AWATER":10328693}},
{"type":"Feature","geometry":{"type":"Polygon","coordinates":[[[-85.40178,37.73066],[-85.39687,37.72425],[-85.39379,37.71686],[-85.39091,37.71343],[-85.38141,37.70716],[-85.37809,37.70217],[-85.37394,37.69983],[-85.37501,37.69543],[-85.36935,37.68738],[-85.37194,37.68442],[-85.37128,37.68107],[-85.3739,37.67361],[-85.3656,37.66742],[-85.35964,37.66763],[-85.35429,37.66195],[-85.35301,37.65823],[-85.34933,37.65566],[-85.34525,37.65534],[-85.3407,37.65142],[-85.33081,37.65278],[-85.32331,37.65072],[-85.31124,37.65178],[-85.25695,37.63091],[-85.20695,37.63109],[-85.12335,37.63109],[-85.03017,37.63127],[-85.02502,37.67885],[-84.99983,37.68018],[-84.8988,37.69268],[-84.80787,37.70461],[-84.79357,37.71725],[-84.74489,37.71308],[-84.74501,37.71618],[-84.73873,37.71865],[-84.73333,37.71803],[-84.72674,37.7138],[-84.72428,37.7162],[-84.73017,37.72543],[-84.7279,37.72881],[-84.72331,37.72591],[-84.71737,37.72442],[-84.70952,37.72426],[-84.70218,37.72539],[-84.69674,37.72283],[-84.68948,37.72696],[-84.69805,37.73061],[-84.70591,37.73162],[-84.7058,37.73625],[-84.69609,37.73919],[-84.69044,37.73499],[-84.68833,37.73622],[-84.68856,37.74175],[-84.69148,37.74485],[-84.70171,37.74535],[-84.70518,37.74827],[-84.70318,37.75527],[-84.6959,37.75705],[-84.69382,37.76282],[-84.70192,37.76685],[-84.71017,37.76601],[-84.71577,37.76999],[-84.71167,37.77445],[-84.71041,37.78114],[-84.70383,37.78541],[-84.70332,37.79096],[-84.70541,37.79313],[-84.71189,37.79333],[-84.7098,37.80008],[-84.71643,37.79956],[-84.71656,37.80222],[-84.71344,37.80642],[-84.71475,37.81222],[-84.71692,37.81539],[-84.71148,37.81656],[-84.70566,37.81945],[-84.69897,37.82602],[-84.69572,37.82787],[-84.68331,37.83023],[-84.67974,37.82976],[-84.67589,37.82624],[-84.67544,37.81753],[-84.67778,37.81243],[-84.67982,37.80269],[-84.67913,37.79601],[-84.67721,37.79071],[-84.67326,37.7862],[-84.6688,37.78377],[-84.66269,37.78302],[-84.6569,37.78392],[-84.65114,37.78773],[-84.64923,37.79192],[-84.65071,37.79482],[-84.65711,37.80109],[-84.66032,37.80604],[-84.6595,37.80917],[-84.64917,37.80966],[-84.64208,37.80679],[-84.61657,37.80397],[-84.60946,37.80043],[-84.60749,37.79524],[-84.60849,37.7928],[-84.61567,37.79169],[-84.62608,37.79703],[-84.63129,37.79682],[-84.64248,37.79189],[-84.64475,37.78834],[-84.64292,37.77811],[-84.63808,37.77354],[-84.63452,37.77267],[-84.6281,37.77409],[-84.6119,37.76671],[-84.60459,37.75909],[-84.6055,37.7553],[-84.61621,37.74832],[-84.61414,37.74523],[-84.60672,37.74308],[-84.6041,37.74399],[-84.60161,37.74936],[-84.59642,37.75339],[-84.59065,37.75416],[-84.58521,37.75061],[-84.5892,37.74275],[-84.58723,37.73533],[-84.57917,37.73072],[-84.57031,37.72871],[-84.56267,37.73682],[-84.55966,37.74404],[-84.55537,37.74923],[-84.54929,37.75204],[-84.5412,37.75365],[-84.53853,37.75639],[-84.53919,37.76472],[-84.5382,37.76786],[-84.53121,37.77104],[-84.52564,37.7695],[-84.52313,37.77205],[-84.522,37.77802],[-84.51025,37.78245],[-84.49596,37.78525],[-84.48515,37.79689],[-84.48244,37.80214],[-84.47629,37.80199],[-84.4738,37.79726],[-84.46772,37.79638],[-84.46203,37.80343],[-84.46344,37.80821],[-84.4734,37.82234],[-84.4777,37.82524],[-84.48341,37.83453],[-84.48512,37.84064],[-84.48324,37.8465],[-84.47726,37.85259],[-84.48666,37.85428],[-84.48767,37.85224],[-84.49904,37.85491],[-84.5019,37.86001],[-84.50975,37.8586],[-84.51525,37.86164],[-84.51369,37.86348],[-84.5164,37.86883],[-84.52499,37.87235],[-84.52711,37.86896],[-84.53611,37.87065],[-84.53544,37.87271],[-84.54945,37.87763],[-84.55132,37.87422],[-84.55693,37.87518],[-84.5592,37.86515],[-84.55438,37.86557],[-84.54924,37.85589],[-84.55551,37.85322],[-84.55478,37.84928],[-84.56096,37.84532],[-84.55457,37.84078],[-84.55428,37.83455],[-84.55862,37.83593],[-84.56574,37.84035],[-84.5689,37.84776],[-84.58007,37.85065],[-84.58403,37.85319],[-84.57571,37.87326],[-84.58116,37.87551],[-84.59387,37.87633],[-84.5974,37.87737],[-84.59766,37.87237],[-84.6115,37.87156],[-84.62035,37.87228],[-84.61902,37.87505],[-84.62416,37.8749],[-84.63431,37.86448],[-84.64189,37.86402],[-84.64175,37.85938],[-84.64539,37.85428],[-84.66454,37.85505],[-84.67239,37.86142],[-84.67663,37.86748],[-84.67173,37.87104],[-84.67498,37.87535],[-84.68855,37.87171],[-84.69472,37.8655],[-84.69908,37.86652],[-84.70189,37.86076],[-84.71479,37.86252],[-84.7207,37.86219],[-84.73548,37.85675],[-84.74463,37.8509],[-84.76074,37.84702],[-84.7652,37.84784],[-84.7706,37.85239],[-84.77405,37.85731],[-84.77151,37.86553],[-84.7617,37.86825],[-84.75877,37.87036],[-84.75905,37.87427],[-84.76583,37.88175],[-84.76592,37.88901],[-84.77063,37.89131],[-84.78067,37.89074],[-84.78262,37.89474],[-84.78069,37.8985],[-84.77585,37.90181],[-84.77411,37.90558],[-84.781,37.90824],[-84.78698,37.90307],[-84.79239,37.89375],[-84.79246,37.88892],[-84.79499,37.88684],[-84.80012,37.88925],[-84.80184,37.895],[-84.80119,37.90062],[-84.79585,37.90791],[-84.79499,37.91456],[-84.79991,37.91875],[-84.80478,37.91817],[-84.81428,37.91264],[-84.82014,37.91232],[-84.82645,37.91646],[-84.82589,37.92123],[-84.82102,37.92687],[-84.80956,37.93188],[-84.79854,37.93289],[-84.79661,37.93576],[-84.8073,37.94405],[-84.81582,37.94404],[-84.81964,37.94749],[-84.81982,37.95094],[-84.8157,37.95434],[-84.80741,37.95694],[-84.79471,37.96596],[-84.79633,37.97009],[-84.85494,37.95145],[-84.85719,37.94894],[-84.88375,37.93989],[-84.89243,37.94362],[-84.88973,37.94675],[-84.89558,37.94771],[-84.90214,37.93843],[-84.90501,37.94103],[-84.91007,37.94088],[-84.90938,37.94927],[-84.91536,37.94963],[-84.91809,37.94719],[-84.92228,37.94729],[-84.92162,37.95307],[-84.93308,37.95419],[-84.94804,37.94896],[-84.94862,37.94469],[-84.95627,37.94608],[-84.95738,37.93724],[-84.96824,37.93473],[-84.97335,37.93551],[-84.97721,37.92881],[-84.97719,37.92017],[-84.97914,37.91516],[-84.98657,37.91226],[-84.98719,37.90566],[-84.99327,37.90737],[-84.99554,37.90375],[-85.0007,37.90733],[-85.00114,37.90095],[-85.00745,37.89767],[-85.00617,37.89306],[-85.00798,37.89097],[-85.01349,37.89209],[-85.01469,37.895],[-85.02117,37.89356],[-85.0201,37.89106],[-85.02231,37.88648],[-85.02769,37.8888],[-85.02874,37.89216],[-85.0355,37.89168],[-85.03524,37.88844],[-85.04509,37.89184],[-85.04841,37.89583],[-85.05463,37.89406],[-85.05959,37.89043],[-85.06719,37.89653],[-85.06853,37.89549],[-85.06602,37.8889],[-85.07577,37.88853],[-85.07957,37.89122],[-85.08514,37.89191],[-85.08844,37.88765],[-85.10354,37.89122],[-85.10691,37.8939],[-85.10778,37.90385],[-85.10619,37.90925],[-85.11562,37.91391],[-85.1251,37.91615],[-85.12745,37.91421],[-85.12773,37.90761],[-85.13169,37.90454],[-85.13158,37.89978],[-85.13363,37.89861],[-85.14398,37.90191],[-85.14399,37.89837],[-85.13917,37.89698],[-85.13876,37.89158],[-85.14313,37.89234],[-85.14751,37.89101],[-85.14897,37.89672],[-85.1528,37.89766],[-85.15384,37.89472],[-85.15382,37.88558],[-85.15883,37.88638],[-85.16035,37.88976],[-85.16598,37.89078],[-85.1688,37.88786],[-85.17218,37.88783],[-85.17599,37.89097],[-85.1814,37.89243],[-85.18645,37.89117],[-85.18488,37.88784],[-85.18751,37.88364],[-85.19307,37.88646],[-85.19415,37.88935],[-85.19018,37.89315],[-85.19114,37.89656],[-85.19747,37.90225],[-85.19976,37.89825],[-85.19867,37.8855],[-85.19622,37.88079],[-85.19607,37.87644],[-85.20539,37.86318],[-85.1971,37.85823],[-85.19629,37.85554],[-85.20099,37.85416],[-85.20341,37.84713],[-85.20803,37.85063],[-85.2156,37.85249],[-85.21812,37.85578],[-85.21385,37.85831],[-85.21362,37.86131],[-85.21625,37.87133],[-85.21919,37.86691],[-85.22386,37.86301],[-85.22687,37.85517],[-85.23192,37.85596],[-85.23404,37.86868],[-85.23922,37.86835],[-85.23845,37.86339],[-85.24427,37.86305],[-85.24656,37.86558],[-85.25177,37.86744],[-85.2555,37.86577],[-85.2554,37.8592],[-85.24651,37.85392],[-85.24303,37.84831],[-85.2462,37.84708],[-85.25829,37.84881],[-85.26427,37.84434],[-85.26803,37.84451],[-85.27087,37.84791],[-85.27458,37.84841],[-85.27855,37.85335],[-85.28065,37.84875],[-85.27709,37.83885],[-85.28034,37.8355],[-85.29028,37.83118],[-85.29794,37.83239],[-85.30094,37.82553],[-85.29976,37.82167],[-85.30612,37.82061],[-85.30833,37.81359],[-85.31361,37.80971],[-85.31375,37.80491],[-85.30748,37.80132],[-85.30602,37.79855],[-85.30823,37.79377],[-85.31942,37.78776],[-85.3252,37.78698],[-85.33123,37.78844],[-85.33632,37.78692],[-85.33786,37.78034],[-85.34705,37.78115],[-85.35567,37.78414],[-85.35583,37.78143],[-85.35246,37.76875],[-85.34571,37.76577],[-85.35295,37.75736],[-85.35723,37.75825],[-85.36873,37.76403],[-85.37495,37.76451],[-85.37516,37.75828],[-85.37232,37.74905],[-85.37396,37.74334],[-85.37332,37.73958],[-85.38319,37.73916],[-85.38631,37.74068],[-85.39129,37.73645],[-85.39229,37.73302],[-85.40178,37.73066]]]},"properties":{"STATEFP":"21","SLDLST":"055","AFFGEOID":"620L800US21055","GEOID":"21055","NAME":"55","NAMELSAD":"State House District 55","STUSPS":"KY","STATE_NAME":"Kentucky","LSAD":"LL","LSY":"2022","ALAND":1607409951,"AWATER":24474103}},
{"type":"Feature","geometry":{"type":"Polygon","coordinates":[[[-84.62909,38.10441],[-84.62611,38.10258],[-84.63028,38.09338],[-84.6261,38.09015],[-84.62564,38.0858],[-84.6179,38.07211],[-84.61081,38.06696],[-84.60519,38.06566],[-84.59988,38.06657],[-84.58584,38.05898],[-84.57757,38.058],[-84.56057,38.058],[-84.55675,38.05602],[-84.55281,38.0584],[-84.53926,38.06396],[-84.53112,38.0708],[-84.54527,38.08014],[-84.55177,38.07537],[-84.55621,38.0803],[-84.56315,38.08301],[-84.55643,38.08853],[-84.56356,38.09393],[-84.56604,38.09749],[-84.57533,38.10503],[-84.57096,38.1098],[-84.56265,38.10677],[-84.55753,38.11257],[-84.54923,38.11086],[-84.54794,38.11684],[-84.54472,38.1228],[-84.5286,38.11647],[-84.5156,38.11373],[-84.50705,38.11053],[-84.47251,38.09326],[-84.4664,38.08888],[-84.46218,38.09718],[-84.45047,38.09221],[-84.44732,38.09429],[-84.4425,38.08964],[-84.44039,38.08537],[-84.45052,38.07875],[-84.44089,38.07705],[-84.43162,38.07692],[-84.42286,38.0788],[-84.42086,38.0749],[-84.44487,38.0666],[-84.43305,38.0579],[-84.42999,38.05367],[-84.4368,38.0502],[-84.44597,38.04982],[-84.45003,38.04763],[-84.44877,38.0425],[-84.45409,38.0429],[-84.45432,38.03779],[-84.45246,38.02921],[-84.44554,38.02871],[-84.44158,38.03165],[-84.43911,38.02987],[-84.43307,38.03225],[-84.42671,38.03783],[-84.42862,38.04169],[-84.41222,38.04027],[-84.39698,38.03604],[-84.3969,38.03215],[-84.40427,38.02654],[-84.40439,38.02104],[-84.40831,38.01817],[-84.41104,38.0213],[-84.42308,38.00987],[-84.4202,38.00709],[-84.42344,38.00197],[-84.42035,37.99955],[-84.41256,37.99707],[-84.42101,37.99335],[-84.42402,37.98979],[-84.432,37.98909],[-84.42609,37.98403],[-84.40954,37.97422],[-84.38885,37.96278],[-84.38876,37.97811],[-84.39039,37.98417],[-84.39738,37.99615],[-84.39574,38.0001],[-84.38751,38.00751],[-84.38667,38.01042],[-84.38034,38.01717],[-84.36203,38.02982],[-84.31123,38.02848],[-84.29898,38.03083],[-84.29291,38.03078],[-84.29161,38.03571],[-84.28469,38.0401],[-84.28575,38.04569],[-84.28463,38.04906],[-84.28619,38.05481],[-84.28439,38.0647],[-84.28646,38.06703],[-84.28437,38.06917],[-84.28777,38.07322],[-84.28726,38.07559],[-84.29798,38.07998],[-84.3048,38.08575],[-84.31173,38.08676],[-84.31437,38.09301],[-84.31812,38.09289],[-84.32038,38.08911],[-84.32696,38.08472],[-84.34358,38.09104],[-84.34461,38.09494],[-84.35462,38.09837],[-84.36056,38.09871],[-84.37012,38.10522],[-84.36991,38.109],[-84.37937,38.11112],[-84.38093,38.11349],[-84.37745,38.1179],[-84.37776,38.12131],[-84.36859,38.1259],[-84.36739,38.13004],[-84.37052,38.14029],[-84.36935,38.14333],[-84.37107,38.1503],[-84.37003,38.15337],[-84.37375,38.15757],[-84.37246,38.1625],[-84.36881,38.16186],[-84.36315,38.1669],[-84.36303,38.17085],[-84.35515,38.17804],[-84.36006,38.18381],[-84.35779,38.18664],[-84.35863,38.19482],[-84.36705,38.19657],[-84.37432,38.20307],[-84.37513,38.20795],[-84.37848,38.21136],[-84.38709,38.2103],[-84.39716,38.20559],[-84.41568,38.21368],[-84.41952,38.21399],[-84.4223,38.21709],[-84.41683,38.22125],[-84.41823,38.22922],[-84.42138,38.2316],[-84.42341,38.2381],[-84.42266,38.24468],[-84.4207,38.24674],[-84.42127,38.25278],[-84.42335,38.25716],[-84.42594,38.25695],[-84.43687,38.26635],[-84.43549,38.271],[-84.43698,38.27418],[-84.44152,38.27599],[-84.44135,38.28131],[-84.44605,38.2783],[-84.45901,38.27339],[-84.46195,38.26991],[-84.46636,38.26813],[-84.49803,38.26995],[-84.50856,38.26729],[-84.51064,38.2625],[-84.51597,38.25937],[-84.50864,38.25727],[-84.51137,38.24853],[-84.50948,38.24578],[-84.51753,38.23667],[-84.52062,38.23034],[-84.53288,38.22482],[-84.53853,38.22508],[-84.5417,38.23267],[-84.55777,38.27643],[-84.56817,38.27841],[-84.56843,38.27216],[-84.56526,38.25771],[-84.56668,38.25051],[-84.56783,38.23698],[-84.56129,38.23518],[-84.55674,38.23788],[-84.55487,38.22949],[-84.55139,38.2242],[-84.54825,38.22757],[-84.54527,38.22715],[-84.54561,38.21887],[-84.54377,38.2164],[-84.54714,38.21159],[-84.54704,38.2088],[-84.54986,38.19959],[-84.54956,38.19683],[-84.54489,38.18807],[-84.55343,38.18479],[-84.56111,38.18313],[-84.55532,38.16881],[-84.55285,38.16664],[-84.54647,38.16607],[-84.54179,38.16716],[-84.53899,38.15907],[-84.6206,38.12955],[-84.62502,38.11656],[-84.62909,38.10441]]]},"properties":{"STATEFP":"21","SLDLST":"088","AFFGEOID":"620L800US21088","GEOID":"21088","NAME":"88","NAMELSAD":"State House District 88","STUSPS":"KY","STATE_NAME":"Kentucky","LSAD":"LL","LSY":"2022","ALAND":421345128,"AWATER":2537796}},
{"type":"Feature","geometry":{"type":"Polygon","coordinates":[[[-87.92709,37.9017],[-87.81989,37.76835],[-87.81496,37.7685],[-87.81109,37.77119],[-87.79947,37.77281],[-87.79203,37.77029],[-87.7972,37.76498],[-87.79933,37.76008],[-87.79046,37.7543],[-87.78709,37.75587],[-87.77897,37.75426],[-87.77907,37.7569],[-87.7833,37.76105],[-87.77753,37.76544],[-87.77269,37.76669],[-87.76819,37.76305],[-87.76183,37.76069],[-87.76611,37.75007],[-87.75399,37.73168],[-87.75565,37.72776],[-87.75426,37.71862],[-87.75454,37.71203],[-87.75095,37.67816],[-87.75478,37.67133],[-87.75025,37.66208],[-87.74346,37.65361],[-87.73777,37.64496],[-87.73454,37.63838],[-87.64418,37.64228],[-87.60229,37.64336],[-87.52413,37.64616],[-87.49533,37.64755],[-87.49414,37.64896],[-87.47684,37.66132],[-87.47281,37.66487],[-87.46489,37.66766],[-87.45388,37.66935],[-87.43844,37.67093],[-87.42668,37.66991],[-87.42053,37.67015],[-87.41301,37.67468],[-87.40855,37.68356],[-87.40529,37.68961],[-87.39846,37.69812],[-87.3961,37.70248],[-87.3939,37.71027],[-87.39534,37.72017],[-87.39409,37.724],[-87.38726,37.73002],[-87.37873,37.73489],[-87.37076,37.73781],[-87.33956,37.73913],[-87.32077,37.74252],[-87.30098,37.75359],[-87.28978,37.76108],[-87.28471,37.76986],[-87.27161,37.78012],[-87.274,37.78426],[-87.29391,37.78383],[-87.29852,37.78658],[-87.29833,37.79258],[-87.30029,37.79614],[-87.30641,37.79582],[-87.31048,37.79901],[-87.30829,37.80371],[-87.30287,37.80894],[-87.30326,37.81171],[-87.30738,37.81521],[-87.31551,37.81617],[-87.31928,37.81905],[-87.3234,37.81924],[-87.30294,37.89771],[-87.31975,37.90552],[-87.33354,37.90834],[-87.33586,37.9074],[-87.34493,37.91116],[-87.35274,37.91609],[-87.35634,37.91972],[-87.36367,37.92224],[-87.37341,37.93116],[-87.37345,37.93224],[-87.38543,37.93767],[-87.39579,37.94018],[-87.40224,37.94268],[-87.41332,37.94471],[-87.42415,37.94432],[-87.42831,37.94505],[-87.4378,37.94422],[-87.45046,37.94145],[-87.46551,37.93369],[-87.48245,37.92226],[-87.49689,37.91117],[-87.50748,37.90673],[-87.5115,37.90643],[-87.52028,37.91262],[-87.53153,37.9163],[-87.55128,37.92542],[-87.56207,37.93329],[-87.5683,37.94063],[-87.57215,37.94663],[-87.5736,37.95164],[-87.57699,37.95229],[-87.57449,37.95721],[-87.5741,37.96211],[-87.57573,37.96778],[-87.57918,37.97153],[-87.58454,37.97466],[-87.59002,37.97547],[-87.59617,37.97486],[-87.60157,37.9713],[-87.6033,37.96729],[-87.60345,37.96028],[-87.60559,37.95014],[-87.6079,37.94697],[-87.61905,37.93852],[-87.61873,37.93393],[-87.62527,37.92962],[-87.62789,37.92225],[-87.62559,37.91603],[-87.6208,37.90768],[-87.61179,37.9014],[-87.59712,37.89239],[-87.58714,37.88486],[-87.58374,37.87808],[-87.58392,37.87248],[-87.58804,37.86898],[-87.59027,37.85858],[-87.6066,37.83867],[-87.6154,37.83197],[-87.62501,37.82908],[-87.63581,37.82702],[-87.64586,37.8259],[-87.65517,37.82604],[-87.66652,37.82746],[-87.6724,37.82913],[-87.67919,37.83632],[-87.6819,37.84641],[-87.68163,37.85592],[-87.66682,37.87985],[-87.66438,37.88674],[-87.66684,37.89576],[-87.67176,37.8998],[-87.67913,37.90295],[-87.68705,37.90305],[-87.71067,37.8939],[-87.72363,37.89206],[-87.73812,37.8947],[-87.76259,37.89074],[-87.78173,37.87882],[-87.78641,37.87656],[-87.79518,37.87527],[-87.80754,37.87523],[-87.82977,37.87642],[-87.83886,37.88017],[-87.84644,37.88799],[-87.84649,37.89353],[-87.85724,37.90065],[-87.86166,37.90948],[-87.86609,37.91517],[-87.87254,37.921],[-87.88332,37.92624],[-87.89247,37.92793],[-87.89806,37.92751],[-87.90479,37.92489],[-87.92174,37.90789],[-87.92709,37.9017]]]},"properties":{"STATEFP":"21","SLDLST":"011","AFFGEOID":"620L800US21011","GEOID":"21011","NAME":"11","NAMELSAD":"State House District 11","STUSPS":"KY","STATE_NAME":"Kentucky","LSAD":"LL","LSY":"2022","ALAND":1130168820,"AWATER":75607038}},
{"type":"Feature","geometry":{"type":"Polygon","coordinates":[[[-87.81341,37.35065],[-87.8184,37.35403],[-87.82487,37.35183],[-87.82789,37.35299],[-87.82822,37.3589],[-87.81996,37.36603],[-87.81146,37.36409],[-87.80537,37.37131],[-87.80842,37.37495],[-88.00376,37.26512],[-88.05248,37.23766],[-88.05163,37.23404],[-88.05419,37.22952],[-88.06117,37.23155],[-88.06752,37.23059],[-88.07486,37.22734],[-88.07887,37.22674],[-88.08106,37.22335],[-88.08949,37.22207],[-88.08946,37.21877],[-88.08313,37.21686],[-88.08047,37.21213],[-88.08307,37.20862],[-88.08957,37.2068],[-88.08885,37.19972],[-88.08614,37.19746],[-88.08373,37.19215],[-88.08358,37.18412],[-88.08882,37.17941],[-88.09578,37.17968],[-88.07667,37.17659],[-88.06639,37.1774],[-88.04228,37.17477],[-88.01184,37.12623],[-87.99777,37.10428],[-87.97508,37.06739],[-87.94618,37.03528],[-87.877,36.96012],[-87.87185,36.93734],[-87.86427,36.93021],[-87.85554,36.92593],[-87.85283,36.92074],[-87.83884,36.90968],[-87.83221,36.89629],[-87.83203,36.89345],[-87.83604,36.86661],[-87.83557,36.86456],[-87.84072,36.85687],[-87.84636,36.85307],[-87.8502,36.8458],[-87.84417,36.84105],[-87.84036,36.8345],[-87.83526,36.82865],[-87.82623,36.82316],[-87.82616,36.81976],[-87.81923,36.81843],[-87.81532,36.8192],[-87.80977,36.80294],[-87.80719,36.79958],[-87.80555,36.79349],[-87.80693,36.77942],[-87.80305,36.77092],[-87.80359,36.75475],[-87.79891,36.74307],[-87.79834,36.73416],[-87.80647,36.71818],[-87.80336,36.71872],[-87.80124,36.71158],[-87.80235,36.70372],[-87.79667,36.70171],[-87.79436,36.69766],[-87.7969,36.67734],[-87.79275,36.67621],[-87.79597,36.66903],[-87.80272,36.66957],[-87.80465,36.65698],[-87.79765,36.6546],[-87.79693,36.64807],[-87.80015,36.64705],[-87.80029,36.63983],[-87.7975,36.63474],[-87.74477,36.63615],[-87.69419,36.63707],[-87.68275,36.70337],[-87.67804,36.70145],[-87.68051,36.69762],[-87.67669,36.69603],[-87.6779,36.69089],[-87.6743,36.68822],[-87.6765,36.68267],[-87.67931,36.68298],[-87.6804,36.66948],[-87.68397,36.66727],[-87.67448,36.66429],[-87.67576,36.65661],[-87.66933,36.65684],[-87.66705,36.65405],[-87.6667,36.647],[-87.65128,36.6476],[-87.64929,36.64558],[-87.63751,36.64528],[-87.63435,36.64775],[-87.62575,36.64781],[-87.6231,36.64527],[-87.59356,36.64516],[-87.59298,36.64833],[-87.58574,36.64866],[-87.57694,36.64599],[-87.57109,36.64642],[-87.56746,36.65357],[-87.56469,36.65015],[-87.55735,36.6524],[-87.55068,36.65179],[-87.54849,36.65629],[-87.5411,36.65388],[-87.52478,36.65209],[-87.52375,36.65573],[-87.51824,36.65481],[-87.51672,36.66481],[-87.52128,36.66526],[-87.51898,36.67719],[-87.51991,36.67812],[-87.51678,36.68978],[-87.51073,36.68929],[-87.51109,36.68571],[-87.50547,36.6838],[-87.50126,36.68533],[-87.49334,36.68542],[-87.49072,36.69103],[-87.48645,36.69332],[-87.48258,36.71645],[-87.48605,36.72265],[-87.48536,36.7269],[-87.48899,36.72818],[-87.49529,36.73482],[-87.52599,36.75289],[-87.52516,36.75868],[-87.52682,36.76646],[-87.52652,36.773],[-87.5223,36.78314],[-87.51617,36.79351],[-87.51401,36.79854],[-87.52573,36.80484],[-87.52526,36.80898],[-87.52843,36.81616],[-87.52715,36.82986],[-87.53354,36.82972],[-87.52597,36.83708],[-87.53699,36.84547],[-87.53771,36.85341],[-87.53316,36.85302],[-87.529,36.84977],[-87.52523,36.85114],[-87.52421,36.85444],[-87.51939,36.86017],[-87.51135,36.86064],[-87.51018,36.85582],[-87.506,36.85175],[-87.51173,36.84794],[-87.50521,36.84483],[-87.49553,36.84195],[-87.4874,36.84119],[-87.48354,36.84191],[-87.48575,36.84669],[-87.48116,36.84887],[-87.47807,36.84779],[-87.47611,36.85455],[-87.47084,36.85711],[-87.46828,36.8624],[-87.47816,36.8623],[-87.48126,36.86931],[-87.47688,36.87587],[-87.48326,36.87589],[-87.48185,36.88182],[-87.48074,36.89805],[-87.48661,36.89821],[-87.50346,36.89439],[-87.5133,36.89302],[-87.51537,36.90511],[-87.52018,36.91433],[-87.52304,36.91582],[-87.52754,36.92372],[-87.52827,36.93152],[-87.52769,36.93875],[-87.52205,36.95186],[-87.52194,36.95724],[-87.51714,36.95966],[-87.51411,36.97442],[-87.51143,36.97767],[-87.51786,36.98226],[-87.51829,36.98932],[-87.52059,36.99403],[-87.51977,36.99713],[-87.52556,37.0017],[-87.52506,37.00694],[-87.52768,37.00906],[-87.52614,37.01783],[-87.52831,37.02287],[-87.53203,37.02475],[-87.53436,37.03424],[-87.52893,37.03421],[-87.53293,37.04118],[-87.53819,37.04053],[-87.54466,37.03629],[-87.54582,37.04072],[-87.55116,37.03972],[-87.55444,37.04759],[-87.56238,37.05107],[-87.56395,37.05521],[-87.56143,37.05768],[-87.56109,37.06251],[-87.5652,37.06481],[-87.56969,37.0651],[-87.5699,37.06886],[-87.56629,37.07071],[-87.56683,37.07364],[-87.57444,37.07543],[-87.572,37.08243],[-87.55757,37.09071],[-87.55287,37.09195],[-87.54704,37.09746],[-87.54475,37.10131],[-87.5455,37.1075],[-87.54997,37.11362],[-87.62232,37.13524],[-87.65009,37.1471],[-87.66829,37.14973],[-87.68062,37.14924],[-87.68014,37.15124],[-87.68635,37.15588],[-87.69007,37.15477],[-87.69839,37.15856],[-87.69949,37.16504],[-87.70568,37.16725],[-87.71368,37.17869],[-87.71994,37.17528],[-87.72527,37.17958],[-87.72907,37.17824],[-87.72992,37.18316],[-87.7328,37.1878],[-87.73702,37.19077],[-87.74134,37.19099],[-87.74523,37.18919],[-87.7471,37.19284],[-87.74751,37.20378],[-87.74561,37.20541],[-87.74797,37.2092],[-87.75753,37.20796],[-87.75716,37.20403],[-87.76396,37.19489],[-87.77469,37.19813],[-87.7733,37.20297],[-87.77772,37.20638],[-87.76949,37.20889],[-87.7659,37.21156],[-87.7601,37.21353],[-87.76103,37.21614],[-87.76754,37.21705],[-87.77154,37.21413],[-87.77459,37.21886],[-87.78051,37.22419],[-87.78664,37.22063],[-87.78791,37.22438],[-87.78631,37.22914],[-87.78895,37.23247],[-87.79631,37.2334],[-87.80391,37.2432],[-87.79755,37.24583],[-87.79837,37.24882],[-87.79435,37.255],[-87.78698,37.25477],[-87.78907,37.25893],[-87.794,37.25798],[-87.79699,37.26121],[-87.79762,37.26815],[-87.7942,37.26923],[-87.79655,37.27707],[-87.7929,37.2825],[-87.79548,37.28648],[-87.79351,37.28932],[-87.79742,37.29282],[-87.80036,37.29152],[-87.80695,37.29332],[-87.80652,37.2999],[-87.80159,37.30409],[-87.80271,37.31088],[-87.79707,37.31591],[-87.79581,37.31912],[-87.80316,37.31826],[-87.8063,37.32099],[-87.80968,37.31727],[-87.82022,37.31793],[-87.82094,37.31635],[-87.81784,37.30905],[-87.81886,37.30432],[-87.82385,37.30386],[-87.82935,37.30656],[-87.83208,37.31024],[-87.83761,37.30984],[-87.8436,37.31531],[-87.85173,37.31867],[-87.85071,37.32164],[-87.84596,37.32572],[-87.8368,37.33113],[-87.83375,37.3399],[-87.82864,37.34211],[-87.82241,37.34181],[-87.82267,37.3454],[-87.81482,37.34261],[-87.81497,37.34822],[-87.81341,37.35065]]]},"properties":{"STATEFP":"21","SLDLST":"008","AFFGEOID":"620L800US21008","GEOID":"21008","NAME":"8","NAMELSAD":"State House District 8","STUSPS":"KY","STATE_NAME":"Kentucky","LSAD":"LL","LSY":"2022","ALAND":2151644926,"AWATER":18744064}},
{"type":"Feature","geometry":{"type":"Polygon","coordinates":[[[-84.10599,37.03558],[-84.10301,37.03358],[-84.10653,37.02855],[-84.10329,37.02151],[-84.11043,37.01935],[-84.11148,37.01375],[-84.10865,37.01144],[-84.10406,37.0113],[-84.11232,37.00056],[-84.11656,37.00366],[-84.12076,37.00334],[-84.12532,37.00517],[-84.13061,36.99492],[-84.12773,36.98948],[-84.11904,36.99334],[-84.11831,36.98845],[-84.12152,36.97406],[-84.11753,36.96631],[-84.1123,36.96236],[-84.10648,36.95996],[-84.10162,36.96022],[-84.10185,36.95431],[-84.09452,36.9551],[-84.09028,36.94593],[-84.09127,36.94212],[-84.0883,36.94091],[-84.08254,36.93331],[-84.08127,36.92577],[-84.08597,36.92178],[-84.08239,36.90882],[-84.08536,36.90482],[-84.08123,36.90079],[-84.08233,36.89919],[-84.07517,36.89225],[-84.07045,36.89059],[-84.06683,36.87778],[-84.06783,36.87427],[-84.06559,36.86985],[-84.05975,36.86861],[-84.06548,36.86354],[-84.06518,36.85343],[-84.05466,36.85106],[-84.05261,36.85567],[-84.04897,36.85219],[-84.03951,36.84869],[-84.04013,36.84155],[-84.04376,36.83951],[-84.03877,36.83331],[-84.03663,36.83402],[-84.03005,36.82795],[-84.03006,36.82433],[-84.0268,36.82226],[-84.02751,36.81864],[-84.01588,36.81357],[-84.00795,36.81682],[-84.00049,36.81129],[-83.99928,36.80595],[-83.99964,36.80086],[-83.99513,36.80144],[-83.98367,36.80084],[-83.97794,36.79662],[-83.9809,36.79075],[-83.98044,36.78534],[-83.97665,36.78285],[-83.97679,36.77896],[-83.9823,36.77547],[-83.98683,36.77014],[-83.98768,36.76462],[-83.98606,36.76045],[-83.98216,36.75874],[-83.97689,36.76285],[-83.96855,36.76092],[-83.95967,36.74938],[-83.95853,36.72725],[-83.8775,36.68726],[-83.87966,36.68981],[-83.87704,36.69515],[-83.87165,36.69936],[-83.87395,36.70358],[-83.8719,36.70957],[-83.86564,36.71471],[-83.85994,36.71106],[-83.85565,36.70552],[-83.84616,36.70812],[-83.83942,36.71404],[-83.83733,36.71886],[-83.83326,36.71956],[-83.83017,36.7233],[-83.83337,36.72594],[-83.82988,36.73205],[-83.83235,36.73466],[-83.8289,36.74326],[-83.81946,36.74352],[-83.80917,36.7481],[-83.80889,36.75362],[-83.81112,36.75683],[-83.80861,36.76171],[-83.79996,36.76558],[-83.79931,36.7696],[-83.7963,36.77259],[-83.79825,36.7852],[-83.79431,36.79132],[-83.79211,36.79208],[-83.78985,36.79716],[-83.78616,36.80068],[-83.78121,36.80269],[-83.77526,36.79822],[-83.76753,36.80304],[-83.76414,36.80207],[-83.75404,36.80535],[-83.75254,36.79988],[-83.74559,36.79989],[-83.74376,36.79645],[-83.73873,36.80144],[-83.73815,36.80852],[-83.73248,36.8126],[-83.7274,36.81441],[-83.72125,36.82068],[-83.71474,36.82055],[-83.71017,36.82468],[-83.70759,36.83014],[-83.70955,36.83402],[-83.70585,36.83613],[-83.69887,36.83458],[-83.68794,36.83546],[-83.69177,36.83892],[-83.68912,36.8432],[-83.68898,36.84761],[-83.68544,36.84907],[-83.68288,36.85458],[-83.66711,36.85682],[-83.66327,36.86425],[-83.65234,36.86271],[-83.64241,36.86625],[-83.64381,36.87107],[-83.64058,36.87491],[-83.64289,36.878],[-83.63481,36.88667],[-83.63076,36.88815],[-83.62586,36.88467],[-83.6202,36.88419],[-83.61752,36.88878],[-83.6098,36.8963],[-83.60417,36.89708],[-83.59972,36.90099],[-83.597,36.89911],[-83.58912,36.90508],[-83.58109,36.90467],[-83.58034,36.90861],[-83.57452,36.91283],[-83.5739,36.91555],[-83.57578,36.92245],[-83.57205,36.92688],[-83.56761,36.92846],[-83.56674,36.93242],[-83.57009,36.93487],[-83.56982,36.93953],[-83.57342,36.94047],[-83.57864,36.93783],[-83.58382,36.94125],[-83.5875,36.94942],[-83.59074,36.95172],[-83.58952,36.95579],[-83.59526,36.95545],[-83.60627,36.95276],[-83.61145,36.95548],[-83.61233,36.95971],[-83.61633,36.96211],[-83.62406,36.95862],[-83.63434,36.96211],[-83.64108,36.95952],[-83.6448,36.963],[-83.64842,36.96375],[-83.65512,36.97229],[-83.66073,36.97651],[-83.66607,36.97693],[-83.67012,36.97507],[-83.67331,36.97624],[-83.67372,36.98095],[-83.67908,36.97964],[-83.68305,36.98353],[-83.68633,36.98162],[-83.69356,36.98345],[-83.69527,36.98674],[-83.70009,36.98658],[-83.70518,36.99256],[-83.70901,36.99194],[-83.71072,36.9963],[-83.71992,36.99525],[-83.72142,37.00303],[-83.72854,37.0022],[-83.73442,37.00414],[-83.73616,37.00649],[-83.73296,37.01305],[-83.73262,37.01658],[-83.73921,37.02048],[-83.74492,37.0257],[-83.75066,37.02651],[-83.75967,37.02043],[-83.76476,37.02156],[-83.76586,37.01858],[-83.7749,37.01524],[-83.7765,37.02009],[-83.78033,37.023],[-83.77915,37.0298],[-83.77557,37.03098],[-83.77413,37.0371],[-83.78011,37.03708],[-83.78576,37.03446],[-83.79145,37.03457],[-83.797,37.03699],[-83.79741,37.0336],[-83.80471,37.03297],[-83.80693,37.03083],[-83.81531,37.02689],[-83.8227,37.02602],[-83.83162,37.03108],[-83.83097,37.03353],[-83.82542,37.0393],[-83.82932,37.03985],[-83.83398,37.04334],[-83.83817,37.04008],[-83.84396,37.0433],[-83.84691,37.04234],[-83.85618,37.04246],[-83.85604,37.04746],[-83.85784,37.05343],[-83.87131,37.05492],[-83.8716,37.0583],[-83.87778,37.0631],[-83.88449,37.06175],[-83.88439,37.06721],[-83.88772,37.07512],[-83.88584,37.0774],[-83.88044,37.07759],[-83.87492,37.08263],[-83.87296,37.08046],[-83.86576,37.08699],[-83.86253,37.09136],[-83.86745,37.09708],[-83.86674,37.10404],[-83.87301,37.108],[-83.87491,37.10728],[-83.8829,37.10902],[-83.88095,37.114],[-83.88567,37.11877],[-83.89185,37.11698],[-83.8977,37.11393],[-83.89804,37.11209],[-83.90476,37.11098],[-83.90502,37.09281],[-83.9082,37.08753],[-83.92019,37.08589],[-83.92274,37.08387],[-83.9231,37.07981],[-83.92587,37.07338],[-83.9205,37.06703],[-83.92036,37.05651],[-83.92987,37.05227],[-83.93282,37.05255],[-83.93795,37.05778],[-83.93863,37.06345],[-83.94207,37.06419],[-83.9508,37.0561],[-83.95938,37.05358],[-83.95269,37.07123],[-83.95682,37.07441],[-83.96334,37.07648],[-83.97009,37.07291],[-83.97536,37.07285],[-83.97611,37.06884],[-83.98343,37.0664],[-83.98559,37.07111],[-83.99469,37.0661],[-83.99386,37.06398],[-83.99869,37.05948],[-84.00199,37.06082],[-84.0079,37.05513],[-84.02058,37.05579],[-84.02282,37.05426],[-84.03093,37.05438],[-84.03517,37.05141],[-84.03739,37.05259],[-84.04294,37.04536],[-84.05218,37.0495],[-84.05951,37.04716],[-84.09262,37.04056],[-84.1,37.03752],[-84.10333,37.03822],[-84.10599,37.03558]]]},"properties":{"STATEFP":"21","SLDLST":"086","AFFGEOID":"620L800US21086","GEOID":"21086","NAME":"86","NAMELSAD":"State House District 86","STUSPS":"KY","STATE_NAME":"Kentucky","LSAD":"LL","LSY":"2022","ALAND":1172166233,"AWATER":4957565}},
{"type":"Feature","geometry":{"type":"MultiPolygon","coordinates":[[[[-88.57395,37.08291],[-88.57424,37.08416],[-88.58379,37.092],[-88.58945,37.099],[-88.60114,37.10708],[-88.61144,37.11274],[-88.62589,37.11946],[-88.6306,37.121],[-88.63798,37.12131],[-88.64487,37.12284],[-88.68777,37.13938],[-88.70255,37.14265],[-88.72022,37.14064],[-88.7321,37.14396],[-88.73794,37.14651],[-88.74606,37.15156],[-88.75307,37.1547],[-88.76536,37.16266],[-88.77595,37.16878],[-88.78695,37.17858],[-88.79737,37.18485],[-88.80572,37.1886],[-88.82093,37.1922],[-88.83505,37.19649],[-88.86953,37.20971],[-88.91618,37.22399],[-88.92299,37.22491],[-88.93406,37.22772],[-88.9344,37.22479],[-88.95315,37.22481],[-88.96602,37.22634],[-88.97471,37.22971],[-88.98326,37.22869],[-89.00097,37.2244],[-89.00593,37.22188],[-89.014,37.21609],[-89.02998,37.21114],[-89.03757,37.20393],[-89.04126,37.20288],[-89.05804,37.18877],[-89.07622,37.17513],[-89.08653,37.1656],[-89.09293,37.15644],[-89.09667,37.1462],[-89.10359,37.13212],[-89.11069,37.12205],[-89.12507,37.10881],[-89.14285,37.09902],[-89.14746,37.09891],[-89.15244,37.09004],[-89.15565,37.08773],[-89.16809,37.07422],[-89.17572,37.06207],[-89.18137,37.0463],[-89.18251,37.03728],[-89.18085,37.02684],[-89.17897,37.02093],[-89.17359,37.01141],[-89.16645,37.00334],[-89.16067,37.00005],[-89.13844,36.98509],[-89.13268,36.9822],[-89.12507,36.9835],[-89.1183,36.98188],[-89.1095,36.97656],[-89.10288,36.9697],[-89.09959,36.96454],[-89.09884,36.95785],[-89.10077,36.94397],[-89.10214,36.93915],[-89.10938,36.92007],[-89.11757,36.88736],[-89.1267,36.87207],[-89.13194,36.85744],[-89.13797,36.84735],[-89.15351,36.8466],[-89.15947,36.84251],[-89.16684,36.84253],[-89.17342,36.83981],[-89.17815,36.83459],[-89.17889,36.83137],[-89.17857,36.81655],[-89.17923,36.81291],[-89.17742,36.80727],[-89.17107,36.79812],[-89.16088,36.79091],[-89.15589,36.78913],[-89.12892,36.78768],[-89.12353,36.78531],[-89.12044,36.78207],[-89.11685,36.77561],[-89.11656,36.76756],[-89.1192,36.7598],[-89.12243,36.75484],[-89.12613,36.75173],[-89.13552,36.75196],[-89.14231,36.75537],[-89.15699,36.75597],[-89.16689,36.75963],[-89.17954,36.75613],[-89.18452,36.75364],[-89.19155,36.74722],[-89.19781,36.73941],[-89.1998,36.73422],[-89.20105,36.72577],[-89.19948,36.71605],[-89.19604,36.71202],[-89.18436,36.70124],[-89.17484,36.69396],[-89.16952,36.68888],[-89.16802,36.68551],[-89.16872,36.67189],[-89.15908,36.66635],[-89.1646,36.66013],[-89.17474,36.65042],[-89.18775,36.64112],[-89.19765,36.62894],[-89.2009,36.61818],[-89.20261,36.60158],[-89.21356,36.58012],[-89.21745,36.57616],[-89.22732,36.56938],[-89.23654,36.56682],[-89.25832,36.56495],[-89.26806,36.56891],[-89.27893,36.5777],[-89.29464,36.59373],[-89.3015,36.60414],[-89.3134,36.62012],[-89.31815,36.62506],[-89.32673,36.63219],[-89.33405,36.63225],[-89.34375,36.63099],[-89.35651,36.62844],[-89.36555,36.62506],[-89.371,36.62084],[-89.37545,36.61572],[-89.37801,36.6081],[-89.38064,36.59113],[-89.38276,36.5836],[-89.39591,36.55965],[-89.39868,36.54233],[-89.40565,36.52817],[-89.41728,36.49901],[-89.39104,36.49908],[-89.38008,36.50042],[-89.35659,36.5022],[-89.30028,36.50715],[-89.27909,36.50651],[-89.21141,36.50563],[-89.11754,36.5036],[-89.03465,36.50296],[-88.96447,36.50219],[-88.89951,36.50222],[-88.88456,36.5017],[-88.87472,36.50245],[-88.83463,36.50291],[-88.81677,36.50282],[-88.81699,36.56175],[-88.81699,36.63652],[-88.81629,36.68289],[-88.81676,36.69628],[-88.81959,36.75591],[-88.81724,36.76775],[-88.81323,36.77311],[-88.81315,36.85568],[-88.8129,36.94686],[-88.8217,36.96761],[-88.81087,36.97427],[-88.7999,36.97418],[-88.79314,36.98109],[-88.79141,36.98472],[-88.79105,36.99183],[-88.7845,36.99233],[-88.78421,37.00764],[-88.75888,37.0086],[-88.74857,37.00986],[-88.73791,37.0126],[-88.73583,37.01419],[-88.7229,37.01643],[-88.71382,37.02002],[-88.71013,37.02275],[-88.70157,37.0239],[-88.69958,37.02014],[-88.69265,37.01373],[-88.68981,37.00571],[-88.68629,37.00299],[-88.67531,37.00298],[-88.67529,36.9959],[-88.6664,36.99572],[-88.66652,37.01545],[-88.66551,37.01707],[-88.65526,37.01409],[-88.65479,37.01849],[-88.65546,37.03088],[-88.65423,37.04247],[-88.65744,37.04348],[-88.66345,37.03704],[-88.66933,37.03333],[-88.6746,37.03156],[-88.68297,37.03077],[-88.6823,37.03629],[-88.67669,37.03969],[-88.68401,37.04152],[-88.68746,37.0371],[-88.69782,37.0387],[-88.69449,37.04669],[-88.70452,37.0453],[-88.712,37.04126],[-88.71946,37.04824],[-88.72161,37.05847],[-88.72424,37.06298],[-88.72338,37.06575],[-88.71799,37.06716],[-88.6654,37.08315],[-88.66163,37.08381],[-88.66163,37.08881],[-88.65995,37.09281],[-88.65537,37.09151],[-88.64466,37.0867],[-88.64093,37.09165],[-88.62878,37.08944],[-88.62093,37.08874],[-88.61639,37.08695],[-88.61192,37.07985],[-88.60835,37.0813],[-88.6082,37.07332],[-88.59839,37.07728],[-88.59584,37.07322],[-88.5881,37.07599],[-88.57395,37.08291]]],[[[-89.57151,36.55257],[-89.57124,36.54734],[-89.56034,36.52544],[-89.55432,36.51702],[-89.54295,36.50496],[-89.53923,36.49793],[-89.49804,36.49789],[-89.48543,36.49749],[-89.48247,36.50213],[-89.47719,36.50707],[-89.47246,36.51374],[-89.46867,36.52129],[-89.46589,36.52995],[-89.46544,36.53616],[-89.46776,36.54685],[-89.47334,36.55992],[-89.47909,36.56821],[-89.48484,36.57182],[-89.50008,36.57631],[-89.51447,36.5778],[-89.52758,36.58115],[-89.54246,36.58057],[-89.55264,36.57718],[-89.55809,36.57351],[-89.56682,36.56422],[-89.57151,36.55257]]]]},"properties":{"STATEFP":"21","SLDLST":"001","AFFGEOID":"620L800US21001","GEOID":"21001","NAME":"1","NAMELSAD":"State House District 1","STUSPS":"KY","STATE_NAME":"Kentucky","LSAD":"LL","LSY":"2022","ALAND":2623219887,"AWATER":228149697}},
{"type":"Feature","geometry":{"type":"Polygon","coordinates":[[[-84.74059,38.35242],[-84.73792,38.30909],[-84.73777,38.2977],[-84.73029,38.2083],[-84.72411,38.19124],[-84.73068,38.18998],[-84.73158,38.18739],[-84.72744,38.1854],[-84.72144,38.1856],[-84.71873,38.17996],[-84.71416,38.17538],[-84.70754,38.17339],[-84.70319,38.17889],[-84.69571,38.17828],[-84.69267,38.18106],[-84.68844,38.18076],[-84.688,38.17691],[-84.69135,38.17515],[-84.6854,38.17065],[-84.68143,38.16924],[-84.67566,38.17216],[-84.68379,38.17494],[-84.67831,38.17931],[-84.66648,38.17592],[-84.66017,38.17908],[-84.65571,38.17947],[-84.64782,38.17661],[-84.6494,38.16897],[-84.65527,38.17101],[-84.65743,38.1674],[-84.6569,38.16132],[-84.65269,38.16038],[-84.65056,38.16265],[-84.64584,38.16326],[-84.64233,38.15747],[-84.6521,38.1584],[-84.65213,38.15179],[-84.65019,38.14936],[-84.65028,38.14482],[-84.6458,38.14545],[-84.64657,38.13467],[-84.64241,38.13576],[-84.63972,38.13136],[-84.63404,38.12599],[-84.63413,38.12179],[-84.63698,38.12056],[-84.63928,38.12802],[-84.64395,38.12604],[-84.64061,38.12347],[-84.64173,38.12016],[-84.64653,38.11922],[-84.65326,38.12101],[-84.65305,38.11646],[-84.64995,38.11235],[-84.64501,38.11663],[-84.63338,38.11088],[-84.62502,38.11656],[-84.6206,38.12955],[-84.53899,38.15907],[-84.54179,38.16716],[-84.54647,38.16607],[-84.55285,38.16664],[-84.55532,38.16881],[-84.56111,38.18313],[-84.55343,38.18479],[-84.54489,38.18807],[-84.54956,38.19683],[-84.54986,38.19959],[-84.54704,38.2088],[-84.54714,38.21159],[-84.54377,38.2164],[-84.54561,38.21887],[-84.54527,38.22715],[-84.54825,38.22757],[-84.55139,38.2242],[-84.55487,38.22949],[-84.55674,38.23788],[-84.56129,38.23518],[-84.56783,38.23698],[-84.56668,38.25051],[-84.56526,38.25771],[-84.56843,38.27216],[-84.56817,38.27841],[-84.55777,38.27643],[-84.5417,38.23267],[-84.53853,38.22508],[-84.53288,38.22482],[-84.52062,38.23034],[-84.51753,38.23667],[-84.50948,38.24578],[-84.51137,38.24853],[-84.50864,38.25727],[-84.51597,38.25937],[-84.51064,38.2625],[-84.50856,38.26729],[-84.49803,38.26995],[-84.46636,38.26813],[-84.46195,38.26991],[-84.45901,38.27339],[-84.44605,38.2783],[-84.44135,38.28131],[-84.44266,38.28324],[-84.44471,38.2851],[-84.44059,38.29617],[-84.43699,38.29625],[-84.43301,38.29906],[-84.43385,38.30416],[-84.43986,38.31512],[-84.43996,38.31926],[-84.44402,38.32057],[-84.44665,38.3244],[-84.44646,38.32862],[-84.45221,38.33148],[-84.45592,38.3365],[-84.45694,38.34263],[-84.46089,38.34843],[-84.46263,38.358],[-84.46266,38.36468],[-84.4611,38.36682],[-84.45989,38.37897],[-84.4624,38.38446],[-84.46627,38.38788],[-84.46769,38.39288],[-84.47182,38.39444],[-84.47426,38.40017],[-84.48136,38.40375],[-84.48543,38.41015],[-84.48946,38.4115],[-84.49551,38.41726],[-84.50264,38.41868],[-84.52282,38.42833],[-84.52402,38.43131],[-84.52795,38.43325],[-84.5265,38.43807],[-84.52711,38.44503],[-84.52621,38.44984],[-84.53142,38.45842],[-84.54392,38.46473],[-84.54713,38.4681],[-84.55146,38.47931],[-84.553,38.48992],[-84.55737,38.49292],[-84.56067,38.49238],[-84.58054,38.47304],[-84.62358,38.43119],[-84.64946,38.41657],[-84.70607,38.37006],[-84.74059,38.35242]]]},"properties":{"STATEFP":"21","SLDLST":"062","AFFGEOID":"620L800US21062","GEOID":"21062","NAME":"62","NAMELSAD":"State House District 62","STUSPS":"KY","STATE_NAME":"Kentucky","LSAD":"LL","LSY":"2022","ALAND":624409192,"AWATER":7005026}},
{"type":"Feature","geometry":{"type":"Polygon","coordinates":[[[-83.45285,38.3818],[-83.45356,38.37757],[-83.45693,38.37473],[-83.46339,38.3731],[-83.46422,38.3676],[-83.45809,38.36204],[-83.46328,38.35841],[-83.47021,38.35522],[-83.47687,38.35926],[-83.48198,38.35972],[-83.48882,38.35167],[-83.49927,38.34935],[-83.49849,38.34461],[-83.50142,38.34248],[-83.49579,38.33967],[-83.49466,38.33593],[-83.49799,38.33389],[-83.49071,38.32921],[-83.48809,38.3245],[-83.49535,38.3243],[-83.49542,38.32211],[-83.50154,38.3158],[-83.50532,38.30471],[-83.50364,38.2982],[-83.5054,38.29413],[-83.51428,38.29205],[-83.51244,38.28461],[-83.50795,38.27316],[-83.51631,38.266],[-83.52039,38.26772],[-83.52401,38.26012],[-83.52114,38.25749],[-83.52464,38.25479],[-83.5285,38.25541],[-83.53464,38.25417],[-83.53975,38.2449],[-83.54427,38.24465],[-83.55631,38.23729],[-83.55971,38.23125],[-83.56033,38.2209],[-83.56376,38.21692],[-83.5763,38.2138],[-83.58159,38.21827],[-83.58679,38.21828],[-83.58711,38.21488],[-83.59197,38.21031],[-83.59655,38.20957],[-83.60049,38.20347],[-83.60959,38.20155],[-83.61269,38.20303],[-83.61508,38.19317],[-83.61885,38.19257],[-83.62368,38.19463],[-83.62808,38.19173],[-83.63302,38.19263],[-83.63519,38.18753],[-83.62876,38.182],[-83.62436,38.18005],[-83.6203,38.17559],[-83.61597,38.17762],[-83.6107,38.17722],[-83.61404,38.18663],[-83.60557,38.18719],[-83.59334,38.17267],[-83.59164,38.16916],[-83.59643,38.16813],[-83.5994,38.16323],[-83.60424,38.16436],[-83.61726,38.15814],[-83.61904,38.15283],[-83.61426,38.14915],[-83.6187,38.14609],[-83.61526,38.14194],[-83.61372,38.13321],[-83.61178,38.13139],[-83.60603,38.13083],[-83.60352,38.12852],[-83.59849,38.12768],[-83.59602,38.13117],[-83.5909,38.13376],[-83.58831,38.13695],[-83.58522,38.14548],[-83.579,38.14492],[-83.57639,38.14714],[-83.56793,38.14611],[-83.56333,38.14303],[-83.55804,38.14147],[-83.55595,38.13576],[-83.55163,38.13777],[-83.54933,38.13182],[-83.55446,38.12463],[-83.55203,38.1221],[-83.55916,38.11611],[-83.55472,38.11244],[-83.54694,38.11532],[-83.54202,38.11581],[-83.53452,38.1199],[-83.52544,38.11935],[-83.51992,38.11589],[-83.51965,38.11283],[-83.51526,38.10809],[-83.52098,38.10731],[-83.52361,38.10095],[-83.52937,38.10157],[-83.52936,38.09879],[-83.53442,38.09469],[-83.53154,38.09229],[-83.52767,38.09321],[-83.51962,38.08889],[-83.52296,38.08508],[-83.51675,38.07735],[-83.51612,38.07208],[-83.51073,38.07042],[-83.50873,38.07478],[-83.50715,38.08626],[-83.50184,38.08784],[-83.49666,38.08492],[-83.49127,38.08672],[-83.48915,38.08504],[-83.47956,38.0824],[-83.47543,38.08569],[-83.47115,38.08208],[-83.46582,38.08431],[-83.46328,38.07971],[-83.46449,38.07741],[-83.46282,38.07255],[-83.46402,38.06812],[-83.46933,38.06591],[-83.47233,38.06955],[-83.48048,38.06914],[-83.48313,38.06524],[-83.48721,38.06419],[-83.48823,38.0588],[-83.49291,38.05895],[-83.4986,38.05411],[-83.49615,38.0492],[-83.48443,38.04651],[-83.47778,38.04848],[-83.47442,38.04753],[-83.46874,38.05003],[-83.46407,38.05021],[-83.46556,38.04175],[-83.46773,38.03943],[-83.47312,38.03798],[-83.47875,38.03237],[-83.4795,38.02733],[-83.47492,38.02576],[-83.4627,38.03174],[-83.45686,38.03288],[-83.45509,38.02917],[-83.46174,38.0247],[-83.46852,38.02175],[-83.46879,38.0192],[-83.46341,38.01698],[-83.45607,38.01751],[-83.45032,38.01972],[-83.45151,38.02767],[-83.45036,38.03022],[-83.43864,38.03089],[-83.43394,38.03397],[-83.44434,37.94247],[-83.49603,37.89063],[-83.49911,37.87454],[-83.50267,37.87383],[-83.50254,37.86792],[-83.49719,37.86795],[-83.492,37.86404],[-83.49508,37.86191],[-83.49097,37.85777],[-83.48422,37.85446],[-83.48426,37.84391],[-83.4753,37.84253],[-83.46462,37.84354],[-83.45532,37.84268],[-83.45584,37.84053],[-83.45236,37.83629],[-83.44617,37.83651],[-83.44033,37.83375],[-83.44365,37.82965],[-83.44177,37.82636],[-83.43646,37.82318],[-83.43305,37.81911],[-83.42749,37.81791],[-83.42226,37.81879],[-83.42188,37.81553],[-83.41602,37.8174],[-83.40897,37.81495],[-83.38644,37.81368],[-83.38503,37.80863],[-83.38506,37.80209],[-83.38318,37.79957],[-83.3786,37.80026],[-83.36438,37.79926],[-83.35954,37.7974],[-83.35199,37.79174],[-83.34958,37.79169],[-83.34737,37.78573],[-83.34236,37.78286],[-83.34012,37.78382],[-83.33548,37.77871],[-83.33215,37.78371],[-83.32744,37.7796],[-83.3283,37.77376],[-83.33192,37.76893],[-83.33409,37.76368],[-83.3341,37.75853],[-83.3273,37.75674],[-83.32643,37.75312],[-83.31747,37.75234],[-83.3151,37.74933],[-83.31174,37.74983],[-83.30919,37.74481],[-83.29288,37.74414],[-83.28706,37.74229],[-83.28827,37.73488],[-83.28223,37.73671],[-83.27988,37.73154],[-83.28166,37.72561],[-83.28125,37.71892],[-83.27313,37.71491],[-83.27245,37.71278],[-83.26531,37.71515],[-83.26217,37.71266],[-83.26266,37.71917],[-83.26071,37.72589],[-83.25367,37.7246],[-83.25024,37.72933],[-83.25164,37.73465],[-83.24238,37.73832],[-83.24386,37.74477],[-83.27039,37.76685],[-83.27064,37.76917],[-83.26452,37.76932],[-83.26131,37.77453],[-83.25859,37.77445],[-83.25006,37.77883],[-83.24734,37.78543],[-83.24222,37.78558],[-83.24034,37.78855],[-83.23522,37.78927],[-83.23291,37.79227],[-83.22352,37.79163],[-83.22569,37.79593],[-83.2183,37.80306],[-83.21674,37.8098],[-83.21334,37.81182],[-83.20785,37.8191],[-83.199,37.81976],[-83.19226,37.81707],[-83.18197,37.81943],[-83.17845,37.82148],[-83.17722,37.8253],[-83.17378,37.82895],[-83.17394,37.83167],[-83.15564,37.84162],[-83.11328,37.86412],[-83.13132,37.89271],[-83.12648,37.89468],[-83.10992,37.89226],[-83.10689,37.89433],[-83.10032,37.89045],[-83.08941,37.89034],[-83.08508,37.88724],[-83.07458,37.88347],[-83.07482,37.88123],[-83.06339,37.87299],[-83.05679,37.87015],[-83.04253,37.87226],[-83.04461,37.87826],[-83.04055,37.87836],[-83.03976,37.88425],[-83.03443,37.88626],[-83.03172,37.88097],[-83.02239,37.87495],[-83.0215,37.86792],[-83.01425,37.86354],[-83.00465,37.85925],[-82.99923,37.86797],[-82.99223,37.87128],[-82.98922,37.86959],[-82.98378,37.87587],[-82.98301,37.88401],[-82.98816,37.8915],[-82.98766,37.89688],[-82.98186,37.89888],[-82.97722,37.89345],[-82.97035,37.89781],[-82.96632,37.89352],[-82.96333,37.89729],[-82.9643,37.9033],[-82.96123,37.90643],[-82.96148,37.91261],[-82.97006,37.91114],[-82.97307,37.91408],[-82.96884,37.91994],[-82.96838,37.92403],[-82.97535,37.93079],[-82.97714,37.93921],[-82.98155,37.94052],[-82.98124,37.95001],[-82.98477,37.95123],[-82.98744,37.95585],[-82.98709,37.96242],[-82.98901,37.96397],[-82.9927,37.96132],[-82.99846,37.96394],[-82.99889,37.9678],[-83.00414,37.96655],[-83.01081,37.96993],[-83.01606,37.97422],[-83.01388,37.97922],[-83.02207,37.98219],[-83.02224,37.9879],[-83.02522,37.99141],[-83.01921,37.9993],[-83.02413,38.0039],[-83.02047,38.00809],[-83.01268,38.00929],[-83.01401,38.01672],[-83.01009,38.01668],[-83.00251,38.02386],[-83.00033,38.02888],[-83.00224,38.0346],[-82.99764,38.03836],[-82.99097,38.03893],[-82.98359,38.04329],[-82.9848,38.04523],[-82.98123,38.05],[-82.97551,38.04831],[-82.97019,38.05153],[-82.96592,38.05202],[-82.96178,38.04928],[-82.95601,38.0496],[-82.9492,38.05606],[-82.95131,38.05968],[-82.94648,38.06086],[-82.94199,38.06416],[-82.9433,38.06877],[-82.94082,38.07182],[-82.942,38.07759],[-82.93085,38.08334],[-82.92777,38.08655],[-82.92982,38.0889],[-82.92489,38.09303],[-82.92176,38.09237],[-82.91706,38.09909],[-82.90753,38.09573],[-82.90766,38.10007],[-82.905,38.10398],[-82.89837,38.10326],[-82.89653,38.10726],[-82.88892,38.11185],[-82.89189,38.11506],[-82.89185,38.12046],[-82.89613,38.12017],[-82.90137,38.13184],[-82.90675,38.13303],[-82.9069,38.13861],[-82.90521,38.14301],[-82.90894,38.14571],[-82.90783,38.15672],[-82.91265,38.15887],[-82.9161,38.16238],[-82.91781,38.16963],[-82.91496,38.17224],[-82.92422,38.17352],[-82.92481,38.17511],[-82.94269,38.16979],[-82.94501,38.16833],[-82.95002,38.1721],[-82.95698,38.17456],[-82.97174,38.1736],[-82.97573,38.172],[-82.97831,38.17477],[-82.98239,38.17569],[-82.98966,38.17973],[-82.99043,38.18431],[-82.98895,38.18896],[-83.0008,38.19255],[-83.00709,38.19225],[-83.00957,38.19401],[-83.01194,38.19918],[-83.01147,38.20575],[-83.02383,38.19695],[-83.02879,38.19567],[-83.03628,38.19962],[-83.03982,38.19969],[-83.04352,38.19522],[-83.04754,38.19347],[-83.04857,38.1904],[-83.04666,38.18695],[-83.0518,38.18244],[-83.05577,38.18474],[-83.05308,38.18955],[-83.05478,38.19156],[-83.06016,38.19163],[-83.06256,38.19767],[-83.07157,38.20443],[-83.07584,38.20656],[-83.07711,38.21084],[-83.08457,38.22001],[-83.08368,38.22272],[-83.09208,38.22798],[-83.10168,38.22609],[-83.10623,38.23355],[-83.1111,38.23573],[-83.11605,38.2362],[-83.11847,38.23327],[-83.13501,38.24204],[-83.15504,38.25879],[-83.15471,38.2608],[-83.15896,38.26446],[-83.16638,38.26615],[-83.17571,38.26685],[-83.17756,38.26109],[-83.18562,38.25823],[-83.18585,38.25256],[-83.19091,38.2501],[-83.19769,38.24885],[-83.2029,38.25025],[-83.2026,38.2457],[-83.20996,38.24222],[-83.21576,38.23724],[-83.21902,38.23234],[-83.2168,38.22978],[-83.22008,38.22749],[-83.22321,38.22151],[-83.22263,38.21154],[-83.22091,38.20985],[-83.23257,38.19876],[-83.23327,38.19309],[-83.23928,38.19309],[-83.24588,38.1914],[-83.25419,38.19426],[-83.26308,38.19068],[-83.26669,38.19385],[-83.2732,38.19523],[-83.27393,38.20205],[-83.27968,38.20283],[-83.28649,38.20605],[-83.28537,38.21299],[-83.28862,38.21549],[-83.2926,38.21059],[-83.29978,38.20913],[-83.29731,38.21807],[-83.30666,38.22524],[-83.30832,38.23295],[-83.30646,38.23374],[-83.31272,38.24402],[-83.30789,38.25225],[-83.31196,38.25269],[-83.31885,38.26052],[-83.31892,38.26497],[-83.3166,38.26782],[-83.32088,38.26995],[-83.32353,38.27764],[-83.32675,38.27788],[-83.33179,38.2822],[-83.33491,38.28695],[-83.32628,38.29018],[-83.33002,38.29601],[-83.33474,38.29977],[-83.33234,38.30209],[-83.33581,38.30464],[-83.33543,38.30868],[-83.34135,38.31952],[-83.35186,38.3223],[-83.35634,38.32187],[-83.35896,38.32435],[-83.35772,38.32755],[-83.36431,38.32937],[-83.36301,38.33976],[-83.368,38.34817],[-83.37258,38.34925],[-83.37714,38.35553],[-83.37822,38.36253],[-83.38268,38.36472],[-83.39235,38.36656],[-83.39237,38.3694],[-83.40116,38.37952],[-83.40037,38.38176],[-83.40331,38.38998],[-83.41197,38.39628],[-83.41693,38.39616],[-83.42851,38.38821],[-83.43277,38.38942],[-83.44067,38.38804],[-83.44674,38.3806],[-83.45285,38.3818]]]},"properties":{"STATEFP":"21","SLDLST":"099","AFFGEOID":"620L800US21099","GEOID":"21099","NAME":"99","NAMELSAD":"State House District 99","STUSPS":"KY","STATE_NAME":"Kentucky","LSAD":"LL","LSY":"2022","ALAND":2318827105,"AWATER":26084097}},
{"type":"Feature","geometry":{"type":"Polygon","coordinates":[[[-88.57395,37.08291],[-88.5881,37.07599],[-88.59584,37.07322],[-88.59839,37.07728],[-88.6082,37.07332],[-88.60835,37.0813],[-88.61192,37.07985],[-88.61639,37.08695],[-88.62093,37.08874],[-88.62878,37.08944],[-88.64093,37.09165],[-88.64466,37.0867],[-88.65537,37.09151],[-88.65995,37.09281],[-88.66163,37.08881],[-88.66163,37.08381],[-88.6654,37.08315],[-88.71799,37.06716],[-88.72338,37.06575],[-88.72424,37.06298],[-88.72161,37.05847],[-88.71946,37.04824],[-88.712,37.04126],[-88.70452,37.0453],[-88.69449,37.04669],[-88.69782,37.0387],[-88.68746,37.0371],[-88.68401,37.04152],[-88.67669,37.03969],[-88.6823,37.03629],[-88.68297,37.03077],[-88.6746,37.03156],[-88.66933,37.03333],[-88.66345,37.03704],[-88.65744,37.04348],[-88.65268,37.05008],[-88.64586,37.04711],[-88.64633,37.04374],[-88.638,37.0437],[-88.6368,37.05186],[-88.63312,37.05596],[-88.63619,37.05775],[-88.63546,37.06167],[-88.62843,37.05966],[-88.62617,37.05643],[-88.62092,37.05693],[-88.61382,37.05314],[-88.60979,37.05286],[-88.61067,37.04329],[-88.61105,37.02886],[-88.60774,37.00585],[-88.60529,37.00403],[-88.59881,37.00593],[-88.59675,37.00817],[-88.58889,37.00218],[-88.56558,36.99707],[-88.56301,36.99603],[-88.55814,36.99824],[-88.55359,37.00283],[-88.53736,36.9956],[-88.52797,36.99325],[-88.51281,36.99414],[-88.50239,36.9875],[-88.48506,36.98108],[-88.48525,37.00111],[-88.48307,37.01167],[-88.48296,37.02257],[-88.47195,37.02472],[-88.46206,37.02815],[-88.4489,37.03493],[-88.4377,37.04594],[-88.42652,37.05008],[-88.41277,37.05309],[-88.39376,37.05569],[-88.38125,37.05861],[-88.37046,37.06328],[-88.36216,37.06395],[-88.35164,37.06157],[-88.33929,37.06122],[-88.3239,37.05484],[-88.31313,37.05157],[-88.30522,37.04643],[-88.29358,37.03242],[-88.28107,37.02294],[-88.27426,37.01711],[-88.26656,37.00643],[-88.25746,36.99727],[-88.25025,36.99209],[-88.24037,36.98191],[-88.22274,36.99163],[-88.20922,36.99998],[-88.2115,37.00408],[-88.22094,37.01678],[-88.22677,37.0276],[-88.22688,37.03805],[-88.22519,37.0454],[-88.22251,37.04964],[-88.21629,37.05623],[-88.22219,37.07089],[-88.23114,37.08158],[-88.23234,37.08614],[-88.22907,37.09067],[-88.21754,37.09485],[-88.21543,37.10182],[-88.21707,37.11091],[-88.21601,37.11799],[-88.21365,37.12554],[-88.21091,37.13043],[-88.19352,37.14726],[-88.18729,37.15454],[-88.18987,37.16637],[-88.19577,37.17322],[-88.20336,37.17703],[-88.20865,37.17819],[-88.22034,37.18301],[-88.21659,37.18793],[-88.21747,37.1904],[-88.21029,37.19714],[-88.21094,37.20002],[-88.2048,37.20359],[-88.20576,37.20566],[-88.2035,37.21015],[-88.2002,37.20979],[-88.19625,37.21948],[-88.19981,37.22406],[-88.20042,37.22721],[-88.20531,37.2268],[-88.20095,37.23528],[-88.21898,37.27315],[-88.26736,37.31732],[-88.29363,37.33538],[-88.29639,37.34102],[-88.29576,37.34681],[-88.29396,37.34947],[-88.30052,37.35301],[-88.30485,37.36248],[-88.30155,37.36671],[-88.30417,37.37015],[-88.29945,37.37794],[-88.3103,37.38204],[-88.30794,37.38678],[-88.31333,37.38809],[-88.31285,37.39194],[-88.31793,37.3967],[-88.32354,37.3938],[-88.3246,37.39772],[-88.3281,37.39974],[-88.33208,37.39461],[-88.34736,37.39707],[-88.35447,37.39703],[-88.3585,37.40482],[-88.36547,37.40166],[-88.37121,37.40273],[-88.37751,37.40983],[-88.38767,37.41648],[-88.39734,37.42164],[-88.40881,37.42522],[-88.41311,37.42447],[-88.42598,37.41944],[-88.43933,37.41642],[-88.456,37.40848],[-88.47022,37.39625],[-88.47659,37.38688],[-88.47852,37.37505],[-88.48211,37.36462],[-88.48261,37.35492],[-88.48446,37.34561],[-88.48695,37.3396],[-88.50057,37.31782],[-88.50509,37.30786],[-88.5115,37.29853],[-88.51466,37.29095],[-88.51594,37.28404],[-88.50959,37.2734],[-88.50694,37.26666],[-88.50933,37.26213],[-88.50078,37.25358],[-88.49238,37.24844],[-88.48498,37.24077],[-88.47973,37.22961],[-88.47175,37.22016],[-88.46698,37.21703],[-88.45876,37.21354],[-88.45065,37.20705],[-88.44776,37.20353],[-88.43953,37.18174],[-88.43778,37.18001],[-88.43149,37.1603],[-88.4281,37.15776],[-88.4244,37.15243],[-88.42478,37.1499],[-88.4347,37.12642],[-88.44354,37.10919],[-88.44091,37.10764],[-88.44466,37.10051],[-88.44477,37.09526],[-88.44938,37.08761],[-88.46059,37.0743],[-88.48218,37.06737],[-88.49014,37.06831],[-88.50429,37.06558],[-88.52144,37.06558],[-88.53158,37.06719],[-88.54587,37.07057],[-88.56462,37.07719],[-88.56684,37.0755],[-88.57325,37.08],[-88.57395,37.08291]]]},"properties":{"STATEFP":"21","SLDLST":"003","AFFGEOID":"620L800US21003","GEOID":"21003","NAME":"3","NAMELSAD":"State House District 3","STUSPS":"KY","STATE_NAME":"Kentucky","LSAD":"LL","LSY":"2022","ALAND":915275510,"AWATER":80811310}},
{"type":"Feature","geometry":{"type":"Polygon","coordinates":[[[-85.29595,36.62584],[-85.29063,36.62645],[-85.27629,36.62651],[-85.19537,36.6255],[-85.09613,36.62248],[-85.08642,36.62191],[-85.02463,36.61935],[-84.98645,36.61667],[-84.97488,36.61555],[-84.97912,36.62071],[-84.9894,36.61915],[-84.99106,36.62196],[-84.99946,36.62456],[-84.99933,36.63134],[-85.00334,36.6336],[-85.00439,36.6429],[-84.99812,36.64754],[-84.999,36.65223],[-84.99814,36.6631],[-85.00148,36.66598],[-85.00524,36.66612],[-85.00629,36.67087],[-85.00136,36.67695],[-85.00705,36.68061],[-85.00534,36.68307],[-85.00979,36.68634],[-85.01111,36.6901],[-85.01493,36.68864],[-85.0185,36.68987],[-85.02048,36.69435],[-85.01887,36.70128],[-85.02148,36.70386],[-85.01762,36.70699],[-85.01505,36.71574],[-85.02,36.71795],[-85.01733,36.72812],[-85.0041,36.75624],[-85.02638,36.80691],[-85.05917,36.8331],[-85.06431,36.85874],[-85.01806,36.88731],[-84.97698,36.90933],[-84.96899,36.91168],[-84.96088,36.91634],[-84.95563,36.92637],[-84.95502,36.93792],[-84.95279,36.94943],[-84.95043,36.95547],[-84.94339,36.96053],[-84.93819,36.9614],[-84.92883,36.95996],[-84.92147,36.95684],[-84.91357,36.95097],[-84.90786,36.94545],[-84.83571,36.99761],[-84.78379,36.97848],[-84.77024,36.95785],[-84.76096,36.96014],[-84.75016,36.96191],[-84.73074,36.96654],[-84.71375,36.97331],[-84.70485,36.98331],[-84.70117,36.98881],[-84.70166,36.99249],[-84.7058,36.99549],[-84.70699,37.00107],[-84.71084,37.00653],[-84.70144,37.00637],[-84.70817,37.01348],[-84.70552,37.01818],[-84.70762,37.0223],[-84.70085,37.02542],[-84.69671,37.02593],[-84.69337,37.03034],[-84.68708,37.02746],[-84.66989,37.03309],[-84.66657,37.03762],[-84.65633,37.04268],[-84.6529,37.04014],[-84.65358,37.03744],[-84.64673,37.02885],[-84.64342,37.03162],[-84.63447,37.0333],[-84.62735,37.03326],[-84.62563,37.05136],[-84.62354,37.0585],[-84.63483,37.05807],[-84.63687,37.06296],[-84.634,37.06721],[-84.62394,37.0732],[-84.62638,37.07951],[-84.61715,37.08283],[-84.61679,37.08954],[-84.62392,37.10205],[-84.62618,37.1041],[-84.63648,37.1021],[-84.63835,37.10542],[-84.63111,37.10634],[-84.62274,37.109],[-84.6193,37.11231],[-84.62112,37.1161],[-84.62695,37.11693],[-84.6336,37.12731],[-84.63861,37.14249],[-84.65235,37.14751],[-84.66339,37.14845],[-84.67174,37.14762],[-84.67168,37.15407],[-84.6605,37.16236],[-84.65129,37.16701],[-84.64917,37.17222],[-84.64809,37.18176],[-84.64214,37.19103],[-84.65763,37.19656],[-84.66602,37.20169],[-84.67229,37.20369],[-84.68515,37.21066],[-84.68943,37.2141],[-84.69511,37.22943],[-84.70373,37.24293],[-84.70812,37.24717],[-84.72071,37.23833],[-84.80934,37.17503],[-84.88248,37.12815],[-84.90111,37.1163],[-84.91656,37.10728],[-84.95441,37.10227],[-84.97047,37.11294],[-85.04332,37.18603],[-85.08964,37.12555],[-85.09961,37.11447],[-85.13362,37.0735],[-85.16619,37.03327],[-85.18398,37.01809],[-85.20583,36.99686],[-85.21062,36.98003],[-85.23203,36.92507],[-85.27495,36.8979],[-85.24783,36.87762],[-85.24579,36.87503],[-85.2452,36.87018],[-85.24616,36.86139],[-85.24168,36.85584],[-85.23671,36.85333],[-85.22713,36.85124],[-85.2154,36.85447],[-85.2391,36.76983],[-85.24646,36.74396],[-85.29595,36.62584]]]},"properties":{"STATEFP":"21","SLDLST":"083","AFFGEOID":"620L800US21083","GEOID":"21083","NAME":"83","NAMELSAD":"State House District 83","STUSPS":"KY","STATE_NAME":"Kentucky","LSAD":"LL","LSY":"2022","ALAND":1644247395,"AWATER":114742586}},
{"type":"Feature","geometry":{"type":"Polygon","coordinates":[[[-84.10293,37.06778],[-84.1001,37.06222],[-84.1013,37.05525],[-84.10479,37.05301],[-84.10272,37.04889],[-84.10324,37.03965],[-84.10599,37.03558],[-84.10333,37.03822],[-84.1,37.03752],[-84.09262,37.04056],[-84.05951,37.04716],[-84.05218,37.0495],[-84.04294,37.04536],[-84.03739,37.05259],[-84.03517,37.05141],[-84.03093,37.05438],[-84.02282,37.05426],[-84.02058,37.05579],[-84.0079,37.05513],[-84.00199,37.06082],[-83.99869,37.05948],[-83.99386,37.06398],[-83.99469,37.0661],[-83.98559,37.07111],[-83.98343,37.0664],[-83.97611,37.06884],[-83.97536,37.07285],[-83.97009,37.07291],[-83.96334,37.07648],[-83.95682,37.07441],[-83.95269,37.07123],[-83.95938,37.05358],[-83.9508,37.0561],[-83.94207,37.06419],[-83.93863,37.06345],[-83.93795,37.05778],[-83.93282,37.05255],[-83.92987,37.05227],[-83.92036,37.05651],[-83.9205,37.06703],[-83.92587,37.07338],[-83.9231,37.07981],[-83.92274,37.08387],[-83.92019,37.08589],[-83.9082,37.08753],[-83.90502,37.09281],[-83.90476,37.11098],[-83.89804,37.11209],[-83.8977,37.11393],[-83.89185,37.11698],[-83.88567,37.11877],[-83.88095,37.114],[-83.8829,37.10902],[-83.87491,37.10728],[-83.87301,37.108],[-83.86674,37.10404],[-83.86745,37.09708],[-83.86253,37.09136],[-83.86576,37.08699],[-83.87296,37.08046],[-83.87492,37.08263],[-83.88044,37.07759],[-83.88584,37.0774],[-83.88772,37.07512],[-83.88439,37.06721],[-83.88449,37.06175],[-83.87778,37.0631],[-83.8716,37.0583],[-83.87131,37.05492],[-83.85784,37.05343],[-83.85604,37.04746],[-83.85618,37.04246],[-83.84691,37.04234],[-83.84396,37.0433],[-83.83817,37.04008],[-83.83398,37.04334],[-83.82932,37.03985],[-83.82542,37.0393],[-83.83097,37.03353],[-83.83162,37.03108],[-83.8227,37.02602],[-83.81531,37.02689],[-83.80693,37.03083],[-83.80471,37.03297],[-83.79741,37.0336],[-83.797,37.03699],[-83.79145,37.03457],[-83.78576,37.03446],[-83.78011,37.03708],[-83.77413,37.0371],[-83.77557,37.03098],[-83.77915,37.0298],[-83.78033,37.023],[-83.7765,37.02009],[-83.7749,37.01524],[-83.76586,37.01858],[-83.76476,37.02156],[-83.75967,37.02043],[-83.75066,37.02651],[-83.74492,37.0257],[-83.73921,37.02048],[-83.73262,37.01658],[-83.73296,37.01305],[-83.73616,37.00649],[-83.73442,37.00414],[-83.72854,37.0022],[-83.72142,37.00303],[-83.71992,36.99525],[-83.71072,36.9963],[-83.70901,36.99194],[-83.70518,36.99256],[-83.70009,36.98658],[-83.69527,36.98674],[-83.69356,36.98345],[-83.68633,36.98162],[-83.68305,36.98353],[-83.67908,36.97964],[-83.67372,36.98095],[-83.67331,36.97624],[-83.67012,36.97507],[-83.66607,36.97693],[-83.66073,36.97651],[-83.65512,36.97229],[-83.64842,36.96375],[-83.6448,36.963],[-83.64108,36.95952],[-83.63434,36.96211],[-83.62406,36.95862],[-83.61633,36.96211],[-83.61233,36.95971],[-83.61145,36.95548],[-83.60627,36.95276],[-83.59526,36.95545],[-83.58952,36.95579],[-83.53085,36.94304],[-83.52069,36.93755],[-83.51338,36.9374],[-83.50908,36.93851],[-83.51152,36.92825],[-83.50948,36.92338],[-83.50468,36.92469],[-83.50151,36.9236],[-83.49952,36.91982],[-83.49425,36.91962],[-83.49022,36.91578],[-83.48942,36.9113],[-83.49806,36.90915],[-83.49899,36.90617],[-83.50349,36.90578],[-83.50411,36.89816],[-83.4999,36.89541],[-83.48981,36.89541],[-83.4878,36.89316],[-83.47995,36.89444],[-83.4767,36.89648],[-83.47395,36.8921],[-83.46605,36.88946],[-83.46373,36.88639],[-83.45624,36.88327],[-83.45362,36.89111],[-83.44709,36.88973],[-83.434,36.89423],[-83.43297,36.88878],[-83.42369,36.88982],[-83.42034,36.88897],[-83.40861,36.89022],[-83.40535,36.89241],[-83.4003,36.89867],[-83.39609,36.89911],[-83.39677,36.90539],[-83.40141,36.90682],[-83.40001,36.90982],[-83.40244,36.91612],[-83.39966,36.92096],[-83.39407,36.91923],[-83.38623,36.92226],[-83.38456,36.92591],[-83.32392,36.94071],[-83.29167,36.95219],[-83.27768,36.96096],[-83.26002,36.96895],[-83.23975,36.98551],[-83.23283,36.99526],[-83.23034,37.00274],[-83.22588,37.00571],[-83.22125,37.00312],[-83.21456,37.00543],[-83.21066,37.00325],[-83.20212,37.0046],[-83.19792,37.0122],[-83.19552,37.00915],[-83.188,37.00573],[-83.18226,37.01179],[-83.1821,37.02112],[-83.18539,37.0213],[-83.18616,37.02626],[-83.18476,37.02947],[-83.18689,37.03435],[-83.1783,37.03845],[-83.17848,37.04391],[-83.18183,37.04517],[-83.1816,37.04918],[-83.17463,37.05217],[-83.18084,37.05643],[-83.17719,37.06299],[-83.16794,37.0645],[-83.16572,37.06737],[-83.16602,37.07117],[-83.17014,37.07567],[-83.17033,37.07899],[-83.17648,37.08059],[-83.17518,37.08462],[-83.1683,37.08796],[-83.17134,37.09117],[-83.16721,37.09485],[-83.16919,37.10244],[-83.17265,37.10446],[-83.18244,37.10695],[-83.18469,37.11226],[-83.19403,37.1091],[-83.19652,37.11067],[-83.19599,37.11721],[-83.20075,37.11726],[-83.20203,37.12228],[-83.20619,37.12393],[-83.20557,37.12893],[-83.20945,37.12901],[-83.21468,37.13138],[-83.21551,37.13421],[-83.22533,37.13561],[-83.2267,37.13906],[-83.2182,37.14411],[-83.21931,37.14899],[-83.22661,37.15066],[-83.22689,37.15455],[-83.22313,37.15854],[-83.21915,37.16013],[-83.2161,37.15745],[-83.21231,37.16003],[-83.21183,37.1651],[-83.20731,37.16696],[-83.20192,37.16673],[-83.20552,37.17604],[-83.20812,37.17466],[-83.21454,37.17608],[-83.21696,37.18021],[-83.22392,37.18015],[-83.22757,37.18459],[-83.23265,37.18455],[-83.23477,37.18658],[-83.23527,37.19143],[-83.24363,37.19492],[-83.24926,37.19518],[-83.25503,37.20423],[-83.26318,37.20023],[-83.27405,37.20218],[-83.28347,37.20981],[-83.287,37.21727],[-83.29225,37.21766],[-83.29377,37.21446],[-83.2989,37.21462],[-83.30378,37.21873],[-83.30452,37.22307],[-83.30911,37.22476],[-83.30848,37.22863],[-83.31109,37.22984],[-83.32462,37.22556],[-83.32542,37.23101],[-83.33012,37.23093],[-83.33244,37.23532],[-83.33715,37.23765],[-83.33218,37.24146],[-83.33288,37.24441],[-83.33929,37.25033],[-83.33597,37.25394],[-83.34223,37.2575],[-83.34416,37.26062],[-83.34138,37.26762],[-83.33773,37.27318],[-83.34155,37.27773],[-83.34508,37.27921],[-83.34531,37.28313],[-83.35349,37.28417],[-83.35323,37.28761],[-83.35545,37.29095],[-83.35177,37.29568],[-83.35372,37.29817],[-83.35943,37.30017],[-83.36657,37.30052],[-83.37244,37.29556],[-83.37431,37.29736],[-83.3728,37.30219],[-83.3745,37.30541],[-83.38134,37.30439],[-83.38737,37.30553],[-83.38783,37.30896],[-83.39578,37.30967],[-83.39791,37.31656],[-83.4018,37.31473],[-83.4097,37.31424],[-83.41923,37.30998],[-83.42064,37.30656],[-83.42914,37.30331],[-83.43174,37.30036],[-83.42988,37.29453],[-83.43237,37.29021],[-83.43922,37.29304],[-83.44237,37.28746],[-83.45164,37.28972],[-83.45425,37.28817],[-83.46099,37.29385],[-83.47182,37.29125],[-83.48376,37.27905],[-83.48683,37.27198],[-83.4846,37.26805],[-83.47644,37.26564],[-83.4829,37.26265],[-83.48432,37.25856],[-83.48373,37.25173],[-83.49294,37.24955],[-83.49612,37.24392],[-83.50012,37.24488],[-83.50223,37.23768],[-83.50789,37.23588],[-83.51092,37.24108],[-83.50971,37.24737],[-83.51277,37.25177],[-83.51126,37.25507],[-83.51593,37.25677],[-83.52103,37.25528],[-83.52691,37.25853],[-83.53281,37.25643],[-83.5347,37.26079],[-83.53736,37.26189],[-83.54144,37.26779],[-83.54749,37.26595],[-83.54937,37.26801],[-83.55379,37.26629],[-83.56163,37.26835],[-83.56331,37.26525],[-83.56751,37.26754],[-83.56558,37.2709],[-83.56553,37.27538],[-83.57151,37.27681],[-83.5757,37.28142],[-83.5741,37.28843],[-83.58079,37.29162],[-83.58284,37.29465],[-83.58981,37.29119],[-83.59215,37.29352],[-83.59728,37.29225],[-83.59903,37.29556],[-83.60255,37.29581],[-83.60425,37.29905],[-83.60933,37.30128],[-83.60883,37.30853],[-83.61314,37.30663],[-83.61661,37.30793],[-83.61797,37.31473],[-83.62238,37.31478],[-83.6219,37.32442],[-83.62542,37.32875],[-83.6296,37.32768],[-83.63276,37.33054],[-83.63174,37.33478],[-83.63857,37.34417],[-83.6462,37.34656],[-83.65348,37.35221],[-83.65356,37.35811],[-83.66814,37.35523],[-83.67413,37.34753],[-83.67482,37.34039],[-83.67855,37.33706],[-83.68834,37.33678],[-83.71797,37.33882],[-83.78497,37.34872],[-83.78203,37.3432],[-83.78549,37.33763],[-83.78437,37.33436],[-83.79012,37.33399],[-83.79226,37.33015],[-83.79664,37.32975],[-83.82169,37.33126],[-83.86319,37.30657],[-83.88198,37.30693],[-83.88167,37.3026],[-83.87837,37.29958],[-83.88039,37.29462],[-83.87684,37.29465],[-83.88833,37.28572],[-83.88826,37.27764],[-83.89009,37.27449],[-83.89757,37.26988],[-83.89989,37.2668],[-83.89883,37.25685],[-83.90157,37.25374],[-83.90567,37.25577],[-83.91063,37.25614],[-83.91922,37.26118],[-83.92833,37.26038],[-83.93519,37.25869],[-83.94393,37.2528],[-83.94064,37.205],[-83.945,37.20492],[-83.94673,37.20986],[-83.95649,37.21395],[-83.96048,37.20994],[-83.96872,37.20756],[-83.97439,37.2049],[-83.97625,37.21076],[-83.97914,37.21239],[-83.98392,37.21052],[-83.99674,37.19769],[-84.00222,37.19976],[-84.00325,37.19742],[-84.00866,37.19689],[-84.01645,37.20431],[-84.02321,37.19483],[-84.02749,37.1913],[-84.03538,37.1882],[-84.04121,37.18933],[-84.04792,37.18693],[-84.05238,37.18723],[-84.05564,37.18242],[-84.06412,37.17624],[-84.0647,37.1579],[-84.07168,37.1537],[-84.08101,37.15941],[-84.08354,37.15727],[-84.09002,37.15531],[-84.09521,37.15577],[-84.10435,37.16009],[-84.10342,37.145],[-84.1018,37.14223],[-84.09419,37.13542],[-84.08565,37.13086],[-84.07514,37.11972],[-84.07544,37.11358],[-84.06594,37.09461],[-84.07735,37.0967],[-84.08424,37.09574],[-84.08253,37.09141],[-84.08509,37.08462],[-84.08847,37.08107],[-84.08332,37.07905],[-84.0762,37.06813],[-84.08434,37.06336],[-84.0927,37.06871],[-84.09486,37.07254],[-84.10293,37.06778]]]},"properties":{"STATEFP":"21","SLDLST":"090","AFFGEOID":"620L800US21090","GEOID":"21090","NAME":"90","NAMELSAD":"State House District 90","STUSPS":"KY","STATE_NAME":"Kentucky","LSAD":"LL","LSY":"2022","ALAND":2458730531,"AWATER":14854470}},
{"type":"Feature","geometry":{"type":"Polygon","coordinates":[[[-82.94076,37.71634],[-82.94267,37.69781],[-82.94587,37.67794],[-82.94143,37.67401],[-82.94222,37.66911],[-82.93766,37.6687],[-82.93605,37.66496],[-82.92751,37.65947],[-82.92725,37.65636],[-82.92255,37.65674],[-82.91911,37.65396],[-82.91242,37.6536],[-82.90892,37.64921],[-82.91255,37.64635],[-82.91089,37.64292],[-82.90762,37.64308],[-82.90465,37.63955],[-82.90653,37.63091],[-82.90177,37.62699],[-82.90249,37.62128],[-82.90575,37.61893],[-82.90625,37.60659],[-82.90246,37.59954],[-82.90405,37.59476],[-82.89654,37.58849],[-82.89713,37.58041],[-82.90215,37.57693],[-82.89836,37.57212],[-82.89614,37.56703],[-82.88885,37.56462],[-82.8909,37.55629],[-82.88807,37.55469],[-82.88992,37.54412],[-82.88543,37.54115],[-82.87872,37.54013],[-82.87908,37.5354],[-82.89242,37.53243],[-82.89203,37.52676],[-82.89438,37.52193],[-82.8916,37.51908],[-82.89737,37.5146],[-82.89618,37.50893],[-82.90211,37.50786],[-82.90357,37.50467],[-82.9071,37.50386],[-82.91059,37.49922],[-82.90955,37.4915],[-82.91646,37.48857],[-82.92107,37.49081],[-82.92774,37.48413],[-82.92785,37.48093],[-82.83147,37.46699],[-82.82873,37.46275],[-82.82957,37.45903],[-82.82636,37.454],[-82.82629,37.45099],[-82.83006,37.44902],[-82.82539,37.43867],[-82.8315,37.43641],[-82.83185,37.43171],[-82.83545,37.42998],[-82.83692,37.42302],[-82.8333,37.42168],[-82.83548,37.41445],[-82.8306,37.41207],[-82.8253,37.41489],[-82.81575,37.41114],[-82.81052,37.41153],[-82.80135,37.41837],[-82.79656,37.41811],[-82.79535,37.42609],[-82.78723,37.42874],[-82.78193,37.42946],[-82.77862,37.42511],[-82.77042,37.42546],[-82.7676,37.42778],[-82.76307,37.42555],[-82.76405,37.42027],[-82.75833,37.41672],[-82.75585,37.4136],[-82.76086,37.41114],[-82.75759,37.40323],[-82.75154,37.39997],[-82.75456,37.39497],[-82.75416,37.38996],[-82.75646,37.38568],[-82.75657,37.38025],[-82.75476,37.37368],[-82.75225,37.37095],[-82.75755,37.36897],[-82.75813,37.36403],[-82.76395,37.35896],[-82.76214,37.35682],[-82.76432,37.35238],[-82.7627,37.34848],[-82.75883,37.34421],[-82.7555,37.34354],[-82.75464,37.3389],[-82.75222,37.33702],[-82.75413,37.3338],[-82.75491,37.32692],[-82.75161,37.32595],[-82.74817,37.31679],[-82.751,37.31499],[-82.75235,37.30804],[-82.74821,37.30623],[-82.74334,37.3064],[-82.74007,37.30208],[-82.73101,37.30562],[-82.72654,37.30458],[-82.72496,37.30131],[-82.72817,37.29341],[-82.72571,37.28879],[-82.71325,37.2888],[-82.71226,37.28619],[-82.70476,37.2878],[-82.70024,37.29051],[-82.69935,37.29574],[-82.70069,37.29961],[-82.69348,37.30622],[-82.6903,37.30579],[-82.68387,37.30848],[-82.68067,37.30602],[-82.67237,37.30684],[-82.67229,37.31289],[-82.67029,37.3161],[-82.66984,37.3213],[-82.66529,37.3237],[-82.6658,37.32728],[-82.661,37.33718],[-82.66326,37.34252],[-82.65862,37.34522],[-82.65198,37.35146],[-82.65736,37.358],[-82.66378,37.36066],[-82.66365,37.36692],[-82.66617,37.37003],[-82.66329,37.37301],[-82.65779,37.3751],[-82.65363,37.3803],[-82.64839,37.3797],[-82.63832,37.38144],[-82.63303,37.37931],[-82.62856,37.38073],[-82.61874,37.38837],[-82.6218,37.39332],[-82.61737,37.39936],[-82.61286,37.39969],[-82.61261,37.40842],[-82.61015,37.41022],[-82.60461,37.41028],[-82.60346,37.41578],[-82.60639,37.41913],[-82.60424,37.42496],[-82.59955,37.42922],[-82.59942,37.43326],[-82.60194,37.43702],[-82.59882,37.43967],[-82.59261,37.43979],[-82.59145,37.44419],[-82.58854,37.44657],[-82.59045,37.45715],[-82.58737,37.45958],[-82.58805,37.46352],[-82.58456,37.46708],[-82.58712,37.47305],[-82.58233,37.47515],[-82.57929,37.47283],[-82.57223,37.47347],[-82.56718,37.46869],[-82.56263,37.47072],[-82.5524,37.46904],[-82.5452,37.46443],[-82.539,37.45743],[-82.53553,37.45722],[-82.53126,37.4596],[-82.52811,37.45634],[-82.52966,37.4486],[-82.53775,37.44245],[-82.5368,37.43618],[-82.53867,37.43235],[-82.53732,37.42622],[-82.53368,37.42061],[-82.52492,37.4284],[-82.5269,37.43106],[-82.52087,37.44115],[-82.52674,37.44265],[-82.5255,37.45305],[-82.51901,37.45747],[-82.51806,37.46013],[-82.52022,37.46377],[-82.52835,37.46436],[-82.53417,37.46623],[-82.53662,37.46906],[-82.53644,37.47271],[-82.52731,37.47406],[-82.52041,37.47399],[-82.51503,37.47957],[-82.51258,37.48381],[-82.50561,37.48873],[-82.49986,37.49047],[-82.49357,37.49035],[-82.49109,37.492],[-82.48934,37.50391],[-82.48417,37.50742],[-82.48825,37.51098],[-82.49407,37.51189],[-82.49468,37.51695],[-82.50183,37.52291],[-82.49861,37.52519],[-82.4977,37.52949],[-82.4944,37.53354],[-82.50916,37.55251],[-82.51485,37.55291],[-82.52155,37.55045],[-82.5265,37.55153],[-82.53735,37.55593],[-82.53969,37.55825],[-82.54432,37.55857],[-82.54497,37.56283],[-82.55543,37.56237],[-82.5603,37.55839],[-82.56501,37.55633],[-82.57051,37.56318],[-82.56361,37.56451],[-82.57683,37.57128],[-82.57748,37.57427],[-82.56237,37.59628],[-82.56972,37.59944],[-82.58412,37.60381],[-82.58566,37.60777],[-82.57903,37.61896],[-82.58117,37.62235],[-82.58804,37.62291],[-82.58884,37.62581],[-82.59402,37.62757],[-82.59402,37.63005],[-82.58991,37.63209],[-82.59286,37.63555],[-82.59116,37.64085],[-82.59828,37.64223],[-82.60607,37.64956],[-82.60275,37.653],[-82.60209,37.65947],[-82.61295,37.66096],[-82.61205,37.66556],[-82.61454,37.67032],[-82.60971,37.67422],[-82.60585,37.675],[-82.6008,37.6736],[-82.59791,37.67872],[-82.59011,37.68089],[-82.5836,37.67724],[-82.58193,37.68007],[-82.57042,37.68054],[-82.56528,37.68171],[-82.56356,37.68484],[-82.56477,37.689],[-82.57003,37.68973],[-82.57533,37.68794],[-82.57656,37.69448],[-82.58347,37.69412],[-82.58506,37.69193],[-82.59018,37.69262],[-82.59772,37.7],[-82.61683,37.70685],[-82.62168,37.70494],[-82.62472,37.71025],[-82.62914,37.71222],[-82.63304,37.7172],[-82.63687,37.71686],[-82.64106,37.71937],[-82.64415,37.72422],[-82.65372,37.72663],[-82.6634,37.72563],[-82.66631,37.72738],[-82.67205,37.72553],[-82.68072,37.72977],[-82.68405,37.72882],[-82.68728,37.73172],[-82.68496,37.73534],[-82.69622,37.73809],[-82.7012,37.73698],[-82.70306,37.73908],[-82.70828,37.73952],[-82.7132,37.74455],[-82.7206,37.74438],[-82.72321,37.74908],[-82.73718,37.74487],[-82.73919,37.74768],[-82.74707,37.74821],[-82.75252,37.75187],[-82.75582,37.75172],[-82.76317,37.75623],[-82.76385,37.74931],[-82.76698,37.74193],[-82.77565,37.74206],[-82.78541,37.74589],[-82.79155,37.74443],[-82.84555,37.72952],[-82.8621,37.72767],[-82.86674,37.73115],[-82.87083,37.72914],[-82.87626,37.71931],[-82.88076,37.71637],[-82.88509,37.71566],[-82.89176,37.70869],[-82.89748,37.70836],[-82.90115,37.7032],[-82.90348,37.70687],[-82.91199,37.71017],[-82.91539,37.71287],[-82.92235,37.71565],[-82.92717,37.71936],[-82.93277,37.71636],[-82.93808,37.71756],[-82.94076,37.71634]]]},"properties":{"STATEFP":"21","SLDLST":"095","AFFGEOID":"620L800US21095","GEOID":"21095","NAME":"95","NAMELSAD":"State House District 95","STUSPS":"KY","STATE_NAME":"Kentucky","LSAD":"LL","LSY":"2022","ALAND":1138905328,"AWATER":6927068}},
{"type":"Feature","geometry":{"type":"Polygon","coordinates":[[[-83.03089,38.72557],[-83.02822,38.72161],[-83.03809,38.69938],[-83.03395,38.69148],[-83.02918,38.68742],[-83.03156,38.68472],[-83.02409,38.68274],[-83.02755,38.67982],[-83.03387,38.67924],[-83.03833,38.66529],[-83.04434,38.66215],[-83.04757,38.66384],[-83.05358,38.65711],[-83.04893,38.64872],[-83.05456,38.63959],[-83.06336,38.63954],[-83.06337,38.63703],[-83.07013,38.63388],[-83.07227,38.62779],[-83.06953,38.6208],[-83.07744,38.61777],[-83.08079,38.61047],[-83.07599,38.60868],[-83.07771,38.60286],[-83.07401,38.59731],[-83.071,38.5952],[-83.07363,38.59044],[-83.08189,38.58798],[-83.08706,38.5806],[-83.09033,38.57937],[-83.08997,38.57576],[-83.0932,38.57389],[-83.09564,38.56853],[-83.09978,38.56742],[-83.09852,38.56439],[-83.10237,38.55423],[-83.10749,38.5503],[-83.10914,38.54688],[-83.1142,38.545],[-83.11618,38.53925],[-83.12487,38.53488],[-83.13501,38.53314],[-83.13762,38.53563],[-83.14665,38.53024],[-83.14788,38.52238],[-83.16027,38.51278],[-83.1608,38.50969],[-83.16654,38.50922],[-83.1675,38.50478],[-83.16435,38.50326],[-83.15813,38.50391],[-83.15509,38.50047],[-83.146,38.49858],[-83.14287,38.49598],[-83.13827,38.49736],[-83.13385,38.49504],[-83.12851,38.48938],[-83.12123,38.48566],[-83.1158,38.4857],[-83.11393,38.48328],[-83.10428,38.4802],[-83.09694,38.48319],[-83.09593,38.48088],[-83.09083,38.48102],[-83.08821,38.47744],[-83.08378,38.47818],[-83.08114,38.47409],[-83.07501,38.4739],[-83.06662,38.46613],[-83.06215,38.46709],[-83.05598,38.46457],[-83.05157,38.46524],[-83.00136,38.42007],[-83.00185,38.41649],[-82.99623,38.41027],[-82.99162,38.41211],[-82.98634,38.40943],[-82.98676,38.40505],[-82.98404,38.40191],[-82.97309,38.39896],[-82.96763,38.39414],[-82.96322,38.39312],[-82.95706,38.39434],[-82.94785,38.3999],[-82.9421,38.39894],[-82.93862,38.40165],[-82.93392,38.39798],[-82.92917,38.39698],[-82.91746,38.39703],[-82.91271,38.39895],[-82.81745,38.37394],[-82.8177,38.37668],[-82.80979,38.38631],[-82.81064,38.39302],[-82.80403,38.39756],[-82.79157,38.40243],[-82.78852,38.41267],[-82.78499,38.41215],[-82.78139,38.41479],[-82.77723,38.41494],[-82.77404,38.4198],[-82.77706,38.42154],[-82.76901,38.4336],[-82.76615,38.43012],[-82.75834,38.43311],[-82.75576,38.4319],[-82.74481,38.43126],[-82.73801,38.43468],[-82.74005,38.42834],[-82.737,38.42496],[-82.73245,38.42522],[-82.72756,38.42279],[-82.7204,38.42971],[-82.72304,38.43248],[-82.71893,38.43473],[-82.71896,38.44176],[-82.71629,38.44285],[-82.71349,38.4475],[-82.70973,38.44677],[-82.70721,38.44032],[-82.70321,38.44452],[-82.69757,38.44598],[-82.69245,38.4455],[-82.68835,38.44752],[-82.68103,38.44399],[-82.67987,38.44772],[-82.67487,38.45242],[-82.66423,38.45979],[-82.66138,38.46395],[-82.6501,38.47146],[-82.65048,38.47736],[-82.65538,38.48153],[-82.66252,38.48384],[-82.66185,38.48634],[-82.66582,38.48921],[-82.66715,38.49435],[-82.66092,38.50091],[-82.67572,38.5155],[-82.68996,38.53592],[-82.70004,38.54434],[-82.71414,38.55054],[-82.72485,38.5576],[-82.73096,38.55926],[-82.73958,38.55899],[-82.76369,38.5604],[-82.77947,38.55902],[-82.78978,38.55995],[-82.80011,38.56318],[-82.82016,38.5727],[-82.83954,38.58616],[-82.84719,38.59517],[-82.85131,38.60433],[-82.85429,38.61345],[-82.85579,38.62081],[-82.85679,38.63288],[-82.85629,38.64608],[-82.85939,38.66038],[-82.86329,38.66928],[-82.86959,38.67818],[-82.87489,38.68283],[-82.87759,38.69018],[-82.87529,38.70498],[-82.87119,38.71838],[-82.86989,38.72818],[-82.87129,38.73938],[-82.87549,38.74728],[-82.87949,38.75148],[-82.88919,38.75608],[-82.89419,38.75658],[-82.92369,38.75008],[-82.94315,38.74328],[-82.95889,38.73498],[-82.96869,38.72878],[-82.97939,38.72598],[-82.9861,38.72628],[-82.9993,38.72938],[-83.01182,38.73006],[-83.02175,38.72879],[-83.03089,38.72557]]]},"properties":{"STATEFP":"21","SLDLST":"098","AFFGEOID":"620L800US21098","GEOID":"21098","NAME":"98","NAMELSAD":"State House District 98","STUSPS":"KY","STATE_NAME":"Kentucky","LSAD":"LL","LSY":"2022","ALAND":925588766,"AWATER":26178575}},
{"type":"Feature","geometry":{"type":"Polygon","coordinates":[[[-87.54997,37.11362],[-87.5455,37.1075],[-87.54475,37.10131],[-87.54704,37.09746],[-87.55287,37.09195],[-87.55757,37.09071],[-87.572,37.08243],[-87.57444,37.07543],[-87.56683,37.07364],[-87.56629,37.07071],[-87.5699,37.06886],[-87.56969,37.0651],[-87.5652,37.06481],[-87.56109,37.06251],[-87.56143,37.05768],[-87.56395,37.05521],[-87.56238,37.05107],[-87.55444,37.04759],[-87.55116,37.03972],[-87.54582,37.04072],[-87.54466,37.03629],[-87.53819,37.04053],[-87.53293,37.04118],[-87.52893,37.03421],[-87.53436,37.03424],[-87.53203,37.02475],[-87.52831,37.02287],[-87.52614,37.01783],[-87.52768,37.00906],[-87.52506,37.00694],[-87.52556,37.0017],[-87.51977,36.99713],[-87.52059,36.99403],[-87.51829,36.98932],[-87.51786,36.98226],[-87.51143,36.97767],[-87.49838,36.97821],[-87.48911,36.9798],[-87.47913,36.98032],[-87.47492,36.9874],[-87.47442,36.9913],[-87.46022,36.99183],[-87.45278,36.98658],[-87.44616,36.98584],[-87.44074,36.98163],[-87.43428,36.97995],[-87.42937,36.97607],[-87.42348,36.9769],[-87.4246,36.97254],[-87.43144,36.96856],[-87.43343,36.95495],[-87.42071,36.95093],[-87.41098,36.94906],[-87.40468,36.94886],[-87.40409,36.94664],[-87.39457,36.94464],[-87.38753,36.93368],[-87.39415,36.92467],[-87.40158,36.92109],[-87.40418,36.91829],[-87.40223,36.91122],[-87.39776,36.91114],[-87.38992,36.90881],[-87.39021,36.90061],[-87.38116,36.90147],[-87.37504,36.90509],[-87.36231,36.90447],[-87.35219,36.89294],[-87.35398,36.88667],[-87.35694,36.88156],[-87.3397,36.8817],[-87.33665,36.88293],[-87.33162,36.88862],[-87.31897,36.89135],[-87.31452,36.89139],[-87.30913,36.88939],[-87.30488,36.88966],[-87.29887,36.88672],[-87.29315,36.88535],[-87.30003,36.84691],[-87.31716,36.75017],[-87.31874,36.74302],[-87.33598,36.64154],[-87.23053,36.6419],[-87.11498,36.64241],[-87.01152,36.64395],[-86.90658,36.64625],[-86.85427,36.64688],[-86.81304,36.64765],[-86.76329,36.64891],[-86.75328,36.70746],[-86.75134,36.72712],[-86.7403,36.75574],[-86.71642,36.79534],[-86.70427,36.80973],[-86.69072,36.8443],[-86.67537,36.85519],[-86.65589,36.87626],[-86.6324,36.88293],[-86.61159,36.88306],[-86.66878,36.98912],[-86.67446,36.99977],[-86.79602,37.04009],[-86.84535,37.05651],[-86.94139,37.06898],[-86.9764,37.07359],[-87.00113,37.06941],[-87.05316,37.06102],[-87.11807,37.04473],[-87.16888,37.04308],[-87.25026,37.04056],[-87.2508,37.04907],[-87.25265,37.05053],[-87.25938,37.04977],[-87.26041,37.0539],[-87.25344,37.05329],[-87.24658,37.05441],[-87.24837,37.05828],[-87.24525,37.06412],[-87.24924,37.06584],[-87.2506,37.07032],[-87.25511,37.07463],[-87.2673,37.06996],[-87.2728,37.07095],[-87.2787,37.07377],[-87.28158,37.08087],[-87.28589,37.08727],[-87.27958,37.08901],[-87.28449,37.09594],[-87.2828,37.09716],[-87.28577,37.10305],[-87.28433,37.10802],[-87.29368,37.11272],[-87.29784,37.11219],[-87.30023,37.10822],[-87.30553,37.10954],[-87.31281,37.1137],[-87.32257,37.12685],[-87.33218,37.13297],[-87.32969,37.1349],[-87.33107,37.14474],[-87.33146,37.15385],[-87.33374,37.15719],[-87.34311,37.15752],[-87.34464,37.1562],[-87.35169,37.15931],[-87.35373,37.15752],[-87.35964,37.15693],[-87.3602,37.14997],[-87.35701,37.14546],[-87.35967,37.14446],[-87.36236,37.13941],[-87.36956,37.13719],[-87.37467,37.13368],[-87.45644,37.1288],[-87.48518,37.12691],[-87.49083,37.12583],[-87.49455,37.12311],[-87.49723,37.11886],[-87.50301,37.11627],[-87.51015,37.11471],[-87.51095,37.11065],[-87.5145,37.10698],[-87.52161,37.10534],[-87.54997,37.11362]]]},"properties":{"STATEFP":"21","SLDLST":"016","AFFGEOID":"620L800US21016","GEOID":"21016","NAME":"16","NAMELSAD":"State House District 16","STUSPS":"KY","STATE_NAME":"Kentucky","LSAD":"LL","LSY":"2022","ALAND":2891827786,"AWATER":24000500}},
{"type":"Feature","geometry":{"type":"Polygon","coordinates":[[[-84.52564,37.7695],[-84.51353,37.76705],[-84.51146,37.76507],[-84.51488,37.75737],[-84.51143,37.75405],[-84.50368,37.75415],[-84.50274,37.74935],[-84.49954,37.74717],[-84.49448,37.74746],[-84.49374,37.74013],[-84.50189,37.73661],[-84.50327,37.73442],[-84.49712,37.72967],[-84.49727,37.72636],[-84.49304,37.72482],[-84.49055,37.72895],[-84.48393,37.72026],[-84.4854,37.71113],[-84.48362,37.70888],[-84.4745,37.70807],[-84.47006,37.70173],[-84.46169,37.69546],[-84.45941,37.69479],[-84.45111,37.69811],[-84.4495,37.69609],[-84.4537,37.69121],[-84.46418,37.68711],[-84.46488,37.68385],[-84.4606,37.68254],[-84.45695,37.67632],[-84.45182,37.67511],[-84.44783,37.67971],[-84.44266,37.67791],[-84.44629,37.67129],[-84.44234,37.66263],[-84.43841,37.66211],[-84.44273,37.65524],[-84.4344,37.65299],[-84.42971,37.65603],[-84.4279,37.65417],[-84.43107,37.65025],[-84.41824,37.6417],[-84.42449,37.64065],[-84.42661,37.63766],[-84.42124,37.63281],[-84.41319,37.63321],[-84.41242,37.63044],[-84.41797,37.62883],[-84.41463,37.62289],[-84.41924,37.62176],[-84.41969,37.61793],[-84.41215,37.61722],[-84.40578,37.61827],[-84.39918,37.61561],[-84.39888,37.60559],[-84.39753,37.60002],[-84.38908,37.5994],[-84.38596,37.59561],[-84.3816,37.59646],[-84.37533,37.59547],[-84.37277,37.58778],[-84.36995,37.58506],[-84.37213,37.58101],[-84.36997,37.57586],[-84.36951,37.57047],[-84.36545,37.57032],[-84.3624,37.56731],[-84.36304,37.56359],[-84.35799,37.55942],[-84.35812,37.55713],[-84.35169,37.55264],[-84.35275,37.54704],[-84.35152,37.54193],[-84.3478,37.53906],[-84.33655,37.53608],[-84.32995,37.53952],[-84.32699,37.53747],[-84.32306,37.5391],[-84.31742,37.5348],[-84.31627,37.52986],[-84.31296,37.52833],[-84.30725,37.53097],[-84.30707,37.53512],[-84.30116,37.53626],[-84.29816,37.54159],[-84.29965,37.54403],[-84.29689,37.54934],[-84.29277,37.54921],[-84.29149,37.56531],[-84.29436,37.56566],[-84.29932,37.56006],[-84.30721,37.55797],[-84.31198,37.55928],[-84.31643,37.55562],[-84.32579,37.55434],[-84.33082,37.56],[-84.32449,37.56526],[-84.3243,37.5683],[-84.32932,37.57127],[-84.32824,37.57482],[-84.32308,37.57447],[-84.32028,37.57754],[-84.3145,37.57483],[-84.31349,37.58367],[-84.31459,37.59006],[-84.32423,37.59359],[-84.32345,37.60165],[-84.31454,37.6018],[-84.31482,37.61852],[-84.31713,37.62841],[-84.31434,37.64644],[-84.31103,37.64542],[-84.30495,37.64861],[-84.30166,37.63888],[-84.29413,37.64188],[-84.29032,37.63548],[-84.28427,37.63721],[-84.28382,37.63213],[-84.27638,37.63129],[-84.26576,37.63221],[-84.24379,37.63636],[-84.23242,37.63343],[-84.232,37.64005],[-84.23443,37.64386],[-84.23197,37.64603],[-84.19934,37.63468],[-84.19456,37.6427],[-84.19311,37.65128],[-84.19424,37.65642],[-84.18447,37.6656],[-84.1845,37.672],[-84.18018,37.67206],[-84.17532,37.67545],[-84.17857,37.69085],[-84.18197,37.69641],[-84.17735,37.70322],[-84.17479,37.71036],[-84.17437,37.73021],[-84.18538,37.7322],[-84.18718,37.73886],[-84.19694,37.73811],[-84.22821,37.7391],[-84.24128,37.73836],[-84.24349,37.73082],[-84.2438,37.72713],[-84.24986,37.72972],[-84.25218,37.72701],[-84.25132,37.71858],[-84.26967,37.71786],[-84.26976,37.72211],[-84.27295,37.73101],[-84.27686,37.73592],[-84.28591,37.74014],[-84.28678,37.74419],[-84.30252,37.75089],[-84.30629,37.74945],[-84.31155,37.75102],[-84.31749,37.76033],[-84.32052,37.76307],[-84.31918,37.76643],[-84.32069,37.77319],[-84.31926,37.77613],[-84.32517,37.77853],[-84.32675,37.78099],[-84.3196,37.79452],[-84.31018,37.79173],[-84.31423,37.78445],[-84.30818,37.78252],[-84.31404,37.77262],[-84.31008,37.76436],[-84.30311,37.76534],[-84.30428,37.77186],[-84.297,37.77284],[-84.29673,37.78038],[-84.29103,37.78742],[-84.28599,37.78719],[-84.28275,37.78895],[-84.28016,37.79686],[-84.27468,37.79338],[-84.26588,37.79128],[-84.26269,37.78894],[-84.25923,37.79481],[-84.25929,37.79891],[-84.26137,37.80376],[-84.26181,37.8102],[-84.2413,37.81506],[-84.23456,37.81237],[-84.22224,37.81209],[-84.22348,37.81815],[-84.21895,37.82358],[-84.22116,37.82916],[-84.22091,37.83596],[-84.21792,37.84442],[-84.21899,37.84935],[-84.21811,37.85657],[-84.20577,37.8558],[-84.20216,37.86547],[-84.20607,37.86716],[-84.20536,37.87012],[-84.21472,37.86932],[-84.22061,37.87093],[-84.2227,37.87307],[-84.2271,37.88208],[-84.23274,37.88623],[-84.23768,37.88733],[-84.24645,37.88526],[-84.25208,37.88299],[-84.26076,37.87598],[-84.26451,37.87831],[-84.26515,37.88437],[-84.26274,37.88729],[-84.26138,37.89489],[-84.26371,37.89956],[-84.27039,37.90691],[-84.26874,37.91338],[-84.27241,37.91755],[-84.28312,37.91351],[-84.30025,37.90455],[-84.30756,37.90394],[-84.33105,37.89634],[-84.33739,37.89201],[-84.33884,37.88532],[-84.34114,37.88197],[-84.34638,37.88242],[-84.3499,37.88726],[-84.35973,37.89291],[-84.36395,37.89649],[-84.37221,37.90057],[-84.37861,37.90154],[-84.38353,37.89725],[-84.38359,37.89381],[-84.37959,37.88895],[-84.37795,37.88398],[-84.37259,37.87621],[-84.36641,37.86334],[-84.36569,37.85876],[-84.36928,37.8541],[-84.37761,37.85196],[-84.38521,37.84591],[-84.38953,37.84551],[-84.39301,37.84749],[-84.39794,37.85467],[-84.4032,37.85905],[-84.40649,37.86561],[-84.41067,37.87126],[-84.41767,37.87178],[-84.42146,37.86932],[-84.42859,37.8534],[-84.43572,37.8472],[-84.44144,37.8425],[-84.44683,37.8404],[-84.45486,37.84031],[-84.4639,37.84405],[-84.47286,37.85306],[-84.47726,37.85259],[-84.48324,37.8465],[-84.48512,37.84064],[-84.48341,37.83453],[-84.4777,37.82524],[-84.4734,37.82234],[-84.46344,37.80821],[-84.46203,37.80343],[-84.46772,37.79638],[-84.4738,37.79726],[-84.47629,37.80199],[-84.48244,37.80214],[-84.48515,37.79689],[-84.49596,37.78525],[-84.51025,37.78245],[-84.522,37.77802],[-84.52313,37.77205],[-84.52564,37.7695]]]},"properties":{"STATEFP":"21","SLDLST":"081","AFFGEOID":"620L800US21081","GEOID":"21081","NAME":"81","NAMELSAD":"State House District 81","STUSPS":"KY","STATE_NAME":"Kentucky","LSAD":"LL","LSY":"2022","ALAND":642621665,"AWATER":8626829}},
{"type":"Feature","geometry":{"type":"Polygon","coordinates":[[[-86.59281,37.56436],[-86.59435,37.56034],[-86.58776,37.55711],[-86.57695,37.5538],[-86.58124,37.54736],[-86.59014,37.54879],[-86.59825,37.5449],[-86.59797,37.53777],[-86.60231,37.54069],[-86.60962,37.54359],[-86.60898,37.55069],[-86.62013,37.55397],[-86.62532,37.56589],[-86.63169,37.56465],[-86.63599,37.56615],[-86.64271,37.56325],[-86.64346,37.55937],[-86.64697,37.55557],[-86.66489,37.55665],[-86.66898,37.54972],[-86.66727,37.54647],[-86.66188,37.54193],[-86.66206,37.53708],[-86.65928,37.53326],[-86.62944,37.44693],[-86.61209,37.39512],[-86.48715,37.3625],[-86.46913,37.3211],[-86.33681,37.32602],[-86.32069,37.32673],[-86.20919,37.33293],[-86.20189,37.3304],[-86.19945,37.32827],[-86.19305,37.32791],[-86.1913,37.33058],[-86.19309,37.33397],[-86.1909,37.33968],[-86.18674,37.33736],[-86.18022,37.33732],[-86.17696,37.33277],[-86.1709,37.33209],[-86.15759,37.33565],[-86.15352,37.33932],[-86.15746,37.34272],[-86.16155,37.35001],[-86.15845,37.35148],[-86.15527,37.34865],[-86.15616,37.34486],[-86.14222,37.34365],[-86.13575,37.3439],[-86.13236,37.3393],[-86.12743,37.33854],[-86.12411,37.34449],[-86.12064,37.34633],[-86.1159,37.34337],[-86.1228,37.33831],[-86.12266,37.33236],[-86.11866,37.3332],[-86.11791,37.33734],[-86.11538,37.33877],[-86.1089,37.33361],[-86.09917,37.33031],[-86.09519,37.33312],[-86.10202,37.33483],[-86.10622,37.33855],[-86.10203,37.34194],[-86.10503,37.34993],[-86.10291,37.35266],[-86.09873,37.3515],[-86.0973,37.34668],[-86.09125,37.34534],[-86.09002,37.35118],[-86.08316,37.35177],[-86.07981,37.34801],[-86.09037,37.34273],[-86.08949,37.33941],[-86.08492,37.34063],[-86.08164,37.34454],[-86.07753,37.34169],[-86.07128,37.34037],[-86.07363,37.34805],[-86.06455,37.34861],[-86.06356,37.35158],[-86.06992,37.35424],[-86.06688,37.35709],[-86.06452,37.36351],[-86.06943,37.36798],[-86.06756,37.37337],[-86.05841,37.37337],[-86.05866,37.37606],[-86.06593,37.37574],[-86.07229,37.38099],[-86.06548,37.38393],[-86.07023,37.38849],[-86.06399,37.38893],[-86.05795,37.38509],[-86.05266,37.38469],[-86.05108,37.38723],[-86.05648,37.38999],[-86.05387,37.39422],[-86.04446,37.39194],[-86.04219,37.3892],[-86.04666,37.38416],[-86.04559,37.3813],[-86.0392,37.3829],[-86.03937,37.38732],[-86.0435,37.39242],[-86.04249,37.39503],[-86.03621,37.39464],[-86.03286,37.39114],[-86.0303,37.39351],[-86.02666,37.39264],[-86.01909,37.39454],[-86.0255,37.39788],[-86.02631,37.40297],[-86.03902,37.40382],[-86.04287,37.40538],[-86.04365,37.40883],[-86.0379,37.41123],[-86.03987,37.41711],[-86.03275,37.41815],[-86.03383,37.4226],[-86.03229,37.42681],[-86.04317,37.42869],[-86.04376,37.43098],[-86.03843,37.43455],[-86.04578,37.43533],[-86.04294,37.43918],[-86.04818,37.44055],[-86.05064,37.44406],[-86.0453,37.44774],[-86.0476,37.44993],[-85.8928,37.44031],[-85.89144,37.45139],[-85.89362,37.45944],[-85.89446,37.47231],[-85.88861,37.47378],[-85.87601,37.54326],[-85.87486,37.5453],[-85.83866,37.56871],[-85.82189,37.57342],[-85.81937,37.57873],[-85.81929,37.58423],[-85.81232,37.59231],[-85.80707,37.59645],[-85.80702,37.60176],[-85.7973,37.60808],[-85.80093,37.61436],[-85.80352,37.62159],[-85.79413,37.62736],[-85.78945,37.62727],[-85.78547,37.62909],[-85.7745,37.63131],[-85.77635,37.63865],[-85.77258,37.63971],[-85.76612,37.64461],[-85.76048,37.64721],[-85.74284,37.64902],[-85.75292,37.65478],[-85.75255,37.65958],[-85.76045,37.66054],[-85.77217,37.66641],[-85.7764,37.66513],[-85.78501,37.66869],[-85.78883,37.67121],[-85.79652,37.67072],[-85.8093,37.67301],[-85.81004,37.67769],[-85.82107,37.67819],[-85.83376,37.67427],[-85.83222,37.66893],[-85.82691,37.66217],[-85.83216,37.65846],[-85.83555,37.65441],[-85.84154,37.65542],[-85.8439,37.65406],[-85.84271,37.64953],[-85.85539,37.65193],[-85.85031,37.65362],[-85.84969,37.65678],[-85.85553,37.65785],[-85.85395,37.66513],[-85.88616,37.6736],[-85.87719,37.68113],[-85.87903,37.68595],[-85.89136,37.68359],[-85.8996,37.68578],[-85.8962,37.6896],[-85.8967,37.69425],[-85.90562,37.69444],[-85.92097,37.69858],[-85.92197,37.69518],[-85.92692,37.6963],[-85.93115,37.68823],[-85.93777,37.68223],[-85.93221,37.67786],[-85.94171,37.67494],[-85.94857,37.67083],[-85.9404,37.66117],[-85.93764,37.66018],[-85.92594,37.66536],[-85.91953,37.65655],[-85.90908,37.65351],[-85.90633,37.645],[-85.90872,37.64462],[-85.90767,37.63909],[-85.90991,37.63306],[-85.91581,37.63471],[-85.92306,37.62651],[-85.92744,37.63581],[-85.93208,37.63715],[-85.93707,37.64298],[-85.94368,37.64295],[-85.94935,37.64483],[-85.95352,37.64865],[-85.99962,37.64915],[-86.0132,37.66938],[-86.01821,37.67071],[-86.0555,37.66469],[-86.05838,37.66284],[-86.07054,37.66109],[-86.0738,37.6648],[-86.08506,37.66219],[-86.08674,37.66349],[-86.12794,37.66453],[-86.14563,37.67366],[-86.17754,37.68176],[-86.18017,37.68037],[-86.18786,37.68603],[-86.19119,37.68677],[-86.19801,37.6835],[-86.20063,37.68057],[-86.20733,37.67961],[-86.20995,37.68164],[-86.21824,37.68187],[-86.22189,37.68064],[-86.27527,37.59352],[-86.27968,37.5953],[-86.28273,37.59222],[-86.28834,37.59099],[-86.29206,37.58771],[-86.29686,37.59073],[-86.29794,37.58626],[-86.30204,37.5855],[-86.30375,37.58808],[-86.29863,37.59213],[-86.30043,37.59507],[-86.30597,37.59218],[-86.30571,37.58588],[-86.30962,37.57916],[-86.31734,37.58268],[-86.32743,37.58255],[-86.32548,37.58742],[-86.33021,37.58879],[-86.33716,37.58888],[-86.34246,37.59133],[-86.34343,37.58644],[-86.35144,37.58847],[-86.35269,37.58697],[-86.35051,37.57597],[-86.35087,37.5679],[-86.35294,37.56277],[-86.36519,37.56207],[-86.36105,37.57031],[-86.36772,37.57122],[-86.37188,37.56863],[-86.37664,37.56339],[-86.37067,37.56152],[-86.3738,37.55874],[-86.37871,37.56138],[-86.38705,37.56853],[-86.38148,37.56995],[-86.38464,37.57403],[-86.3892,37.57443],[-86.3906,37.56985],[-86.39312,37.56799],[-86.40267,37.56639],[-86.41079,37.56907],[-86.40755,37.57461],[-86.41098,37.57718],[-86.41648,37.57285],[-86.41848,37.57874],[-86.42514,37.58051],[-86.4279,37.57699],[-86.43505,37.57673],[-86.43528,37.58375],[-86.43965,37.58068],[-86.44093,37.57652],[-86.44718,37.57657],[-86.4446,37.5896],[-86.44921,37.58907],[-86.45154,37.58244],[-86.46043,37.58057],[-86.46562,37.58191],[-86.46511,37.58484],[-86.46117,37.58632],[-86.45533,37.58626],[-86.45499,37.59168],[-86.46153,37.59167],[-86.4646,37.58978],[-86.47504,37.59037],[-86.47472,37.59409],[-86.46988,37.59647],[-86.47157,37.60111],[-86.47639,37.60105],[-86.47976,37.60428],[-86.48182,37.61123],[-86.48938,37.61056],[-86.49265,37.60709],[-86.50153,37.60086],[-86.50489,37.60195],[-86.50431,37.60729],[-86.49645,37.60963],[-86.49567,37.61328],[-86.5005,37.62024],[-86.50337,37.62219],[-86.51163,37.62292],[-86.52124,37.6162],[-86.53338,37.6157],[-86.53639,37.61349],[-86.53766,37.60682],[-86.54149,37.60019],[-86.53398,37.60283],[-86.52341,37.60151],[-86.5243,37.59781],[-86.53483,37.58987],[-86.53958,37.58825],[-86.55146,37.58843],[-86.55237,37.59585],[-86.55818,37.59766],[-86.56404,37.5972],[-86.57502,37.59965],[-86.57713,37.59511],[-86.57575,37.59034],[-86.56904,37.58145],[-86.57063,37.57918],[-86.57778,37.57479],[-86.58513,37.56807],[-86.59281,37.56436]]]},"properties":{"STATEFP":"21","SLDLST":"018","AFFGEOID":"620L800US21018","GEOID":"21018","NAME":"18","NAMELSAD":"State House District 18","STUSPS":"KY","STATE_NAME":"Kentucky","LSAD":"LL","LSY":"2022","ALAND":1968473303,"AWATER":35945756}},
{"type":"Feature","geometry":{"type":"Polygon","coordinates":[[[-84.62735,37.03326],[-84.63447,37.0333],[-84.64342,37.03162],[-84.64673,37.02885],[-84.65358,37.03744],[-84.6529,37.04014],[-84.65633,37.04268],[-84.66657,37.03762],[-84.66989,37.03309],[-84.68708,37.02746],[-84.69337,37.03034],[-84.69671,37.02593],[-84.70085,37.02542],[-84.70762,37.0223],[-84.70552,37.01818],[-84.70817,37.01348],[-84.70144,37.00637],[-84.71084,37.00653],[-84.70699,37.00107],[-84.7058,36.99549],[-84.70166,36.99249],[-84.70117,36.98881],[-84.70485,36.98331],[-84.71375,36.97331],[-84.73074,36.96654],[-84.75016,36.96191],[-84.76096,36.96014],[-84.77024,36.95785],[-84.78379,36.97848],[-84.83571,36.99761],[-84.90786,36.94545],[-84.91357,36.95097],[-84.92147,36.95684],[-84.92883,36.95996],[-84.93819,36.9614],[-84.94339,36.96053],[-84.95043,36.95547],[-84.95279,36.94943],[-84.95502,36.93792],[-84.95563,36.92637],[-84.96088,36.91634],[-84.96899,36.91168],[-84.97698,36.90933],[-85.01806,36.88731],[-85.06431,36.85874],[-85.05917,36.8331],[-85.02638,36.80691],[-85.0041,36.75624],[-85.01733,36.72812],[-85.02,36.71795],[-85.01505,36.71574],[-85.01762,36.70699],[-85.02148,36.70386],[-85.01887,36.70128],[-85.02048,36.69435],[-85.0185,36.68987],[-85.01493,36.68864],[-85.01111,36.6901],[-85.00979,36.68634],[-85.00534,36.68307],[-85.00705,36.68061],[-85.00136,36.67695],[-85.00629,36.67087],[-85.00524,36.66612],[-85.00148,36.66598],[-84.99814,36.6631],[-84.999,36.65223],[-84.99812,36.64754],[-85.00439,36.6429],[-85.00334,36.6336],[-84.99933,36.63134],[-84.99946,36.62456],[-84.99106,36.62196],[-84.9894,36.61915],[-84.97912,36.62071],[-84.97488,36.61555],[-84.94395,36.61257],[-84.85974,36.6065],[-84.84309,36.60513],[-84.80374,36.60427],[-84.78534,36.60337],[-84.62494,36.59958],[-84.54314,36.59628],[-84.49994,36.59668],[-84.44284,36.59608],[-84.27118,36.59188],[-84.22719,36.59218],[-84.22907,36.59588],[-84.22787,36.59878],[-84.23455,36.60655],[-84.23674,36.60669],[-84.2396,36.61335],[-84.25503,36.62173],[-84.27153,36.63395],[-84.28852,36.6509],[-84.29561,36.65969],[-84.3076,36.67681],[-84.31295,36.68742],[-84.31667,36.69797],[-84.32086,36.71573],[-84.32297,36.73765],[-84.32265,36.75867],[-84.33107,36.75912],[-84.33656,36.76864],[-84.33758,36.7744],[-84.34021,36.77611],[-84.34653,36.77685],[-84.35001,36.78068],[-84.34882,36.79085],[-84.3503,36.79569],[-84.34514,36.80471],[-84.34744,36.80748],[-84.35528,36.80886],[-84.35527,36.8131],[-84.34523,36.82156],[-84.33835,36.82528],[-84.32881,36.82738],[-84.32056,36.83114],[-84.31801,36.83471],[-84.32044,36.83656],[-84.32718,36.83653],[-84.33397,36.8384],[-84.34021,36.83582],[-84.34475,36.83749],[-84.34467,36.84105],[-84.34112,36.84502],[-84.33181,36.84669],[-84.32985,36.85139],[-84.32541,36.85494],[-84.31705,36.8556],[-84.31487,36.85956],[-84.32345,36.86447],[-84.32496,36.87118],[-84.3158,36.8789],[-84.3148,36.88259],[-84.31602,36.88671],[-84.32215,36.89082],[-84.32191,36.89678],[-84.31745,36.90017],[-84.31585,36.90543],[-84.31196,36.9081],[-84.30503,36.91062],[-84.3041,36.91246],[-84.3082,36.92306],[-84.31262,36.926],[-84.31315,36.9294],[-84.31057,36.93222],[-84.30108,36.93676],[-84.29705,36.94101],[-84.29742,36.94593],[-84.30194,36.9466],[-84.30811,36.94301],[-84.31366,36.94218],[-84.32451,36.94619],[-84.33663,36.94186],[-84.34587,36.9395],[-84.35907,36.93987],[-84.36406,36.94184],[-84.36821,36.94559],[-84.36759,36.95005],[-84.35988,36.95429],[-84.35802,36.9594],[-84.3634,36.96255],[-84.36817,36.9626],[-84.38242,36.9532],[-84.38657,36.9515],[-84.39742,36.94937],[-84.41682,36.94692],[-84.53164,36.89007],[-84.53539,36.89043],[-84.54295,36.89854],[-84.54332,36.90289],[-84.54717,36.90766],[-84.54879,36.91265],[-84.55492,36.91519],[-84.55745,36.91864],[-84.56256,36.93592],[-84.55915,36.95266],[-84.54973,36.96754],[-84.55391,36.96747],[-84.56026,36.97104],[-84.56309,36.97482],[-84.56218,36.9772],[-84.55522,36.98228],[-84.5497,36.98812],[-84.5482,36.99355],[-84.55073,36.9973],[-84.5658,37.0084],[-84.56975,37.00854],[-84.57238,37.00608],[-84.57693,36.99298],[-84.58069,36.9902],[-84.58526,36.99107],[-84.59172,36.99466],[-84.5998,36.99735],[-84.60436,36.99626],[-84.60848,37.00281],[-84.61382,37.00386],[-84.62329,37.01044],[-84.62779,37.01503],[-84.62644,37.02681],[-84.62735,37.03326]]]},"properties":{"STATEFP":"21","SLDLST":"052","AFFGEOID":"620L800US21052","GEOID":"21052","NAME":"52","NAMELSAD":"State House District 52","STUSPS":"KY","STATE_NAME":"Kentucky","LSAD":"LL","LSY":"2022","ALAND":2419591451,"AWATER":96381387}},
{"type":"Feature","geometry":{"type":"Polygon","coordinates":[[[-84.88408,38.35153],[-84.88445,38.33514],[-84.88216,38.32963],[-84.87668,38.32416],[-84.87154,38.32093],[-84.86926,38.31735],[-84.86147,38.31276],[-84.85792,38.316],[-84.85403,38.31614],[-84.85217,38.31083],[-84.8561,38.30759],[-84.86853,38.30679],[-84.87313,38.30566],[-84.88205,38.2984],[-84.87836,38.28828],[-84.8754,38.28554],[-84.86763,38.28436],[-84.86297,38.27793],[-84.86449,38.2727],[-84.87147,38.2702],[-84.88489,38.27192],[-84.90178,38.26716],[-84.90337,38.26513],[-84.90152,38.26128],[-84.88465,38.25785],[-84.87788,38.25467],[-84.87582,38.25009],[-84.87912,38.24504],[-84.89118,38.24111],[-84.89919,38.23127],[-84.89688,38.22397],[-84.89262,38.22002],[-84.88398,38.21664],[-84.87372,38.21859],[-84.87274,38.21481],[-84.8684,38.21514],[-84.86797,38.20966],[-84.86066,38.21117],[-84.85543,38.21066],[-84.85281,38.21619],[-84.84567,38.21739],[-84.84146,38.21582],[-84.83929,38.21804],[-84.84457,38.221],[-84.84547,38.22485],[-84.85074,38.22498],[-84.84764,38.23],[-84.83699,38.22574],[-84.83072,38.22077],[-84.82193,38.22656],[-84.81957,38.22421],[-84.81301,38.22329],[-84.81432,38.21738],[-84.81116,38.21318],[-84.80117,38.20895],[-84.80028,38.20083],[-84.80595,38.20068],[-84.81076,38.19257],[-84.81846,38.18436],[-84.81253,38.17628],[-84.80726,38.16374],[-84.8648,38.14137],[-84.866,38.13463],[-84.86513,38.12406],[-84.86337,38.12134],[-84.86491,38.11693],[-84.86448,38.10758],[-84.86514,38.09644],[-84.8619,38.09128],[-84.85567,38.0902],[-84.84217,38.1],[-84.8363,38.09859],[-84.83011,38.09255],[-84.82742,38.08294],[-84.82873,38.081],[-84.8414,38.07259],[-84.84299,38.07001],[-84.84041,38.0664],[-84.83613,38.06381],[-84.82693,38.06046],[-84.82599,38.05499],[-84.82948,38.05221],[-84.84372,38.05271],[-84.84935,38.04891],[-84.84987,38.04586],[-84.84674,38.04091],[-84.8347,38.03448],[-84.83117,38.03048],[-84.82975,38.02362],[-84.83126,38.02012],[-84.83731,38.01424],[-84.8372,38.00784],[-84.82439,38.00362],[-84.81714,38],[-84.8166,37.9961],[-84.8215,37.98937],[-84.82354,37.98249],[-84.81806,37.97339],[-84.81216,37.9712],[-84.80669,37.97174],[-84.79633,37.97009],[-84.79471,37.96596],[-84.80741,37.95694],[-84.8157,37.95434],[-84.81982,37.95094],[-84.81964,37.94749],[-84.81582,37.94404],[-84.8073,37.94405],[-84.79661,37.93576],[-84.79854,37.93289],[-84.80956,37.93188],[-84.82102,37.92687],[-84.82589,37.92123],[-84.82645,37.91646],[-84.82014,37.91232],[-84.81428,37.91264],[-84.80478,37.91817],[-84.79991,37.91875],[-84.79499,37.91456],[-84.79585,37.90791],[-84.80119,37.90062],[-84.80184,37.895],[-84.80012,37.88925],[-84.79499,37.88684],[-84.79246,37.88892],[-84.79239,37.89375],[-84.78698,37.90307],[-84.781,37.90824],[-84.77411,37.90558],[-84.77585,37.90181],[-84.78069,37.8985],[-84.78262,37.89474],[-84.78067,37.89074],[-84.77063,37.89131],[-84.76592,37.88901],[-84.76583,37.88175],[-84.75905,37.87427],[-84.75877,37.87036],[-84.7617,37.86825],[-84.77151,37.86553],[-84.77405,37.85731],[-84.7706,37.85239],[-84.7652,37.84784],[-84.76074,37.84702],[-84.74463,37.8509],[-84.73548,37.85675],[-84.7207,37.86219],[-84.71479,37.86252],[-84.70189,37.86076],[-84.69908,37.86652],[-84.69472,37.8655],[-84.68855,37.87171],[-84.67498,37.87535],[-84.67173,37.87104],[-84.67663,37.86748],[-84.67239,37.86142],[-84.66454,37.85505],[-84.64539,37.85428],[-84.64175,37.85938],[-84.64189,37.86402],[-84.64508,37.86341],[-84.66026,37.86401],[-84.64732,37.87968],[-84.6449,37.88161],[-84.63748,37.89148],[-84.65625,37.90792],[-84.64808,37.90939],[-84.64178,37.91406],[-84.64209,37.91987],[-84.63506,37.92616],[-84.63405,37.92932],[-84.62768,37.93533],[-84.63968,37.94158],[-84.63036,37.94925],[-84.61699,37.97216],[-84.61228,37.97424],[-84.60466,37.98958],[-84.61039,37.99078],[-84.66013,38.00375],[-84.6575,38.01784],[-84.6445,38.05778],[-84.62909,38.10441],[-84.62502,38.11656],[-84.63338,38.11088],[-84.64501,38.11663],[-84.64995,38.11235],[-84.65305,38.11646],[-84.65326,38.12101],[-84.64653,38.11922],[-84.64173,38.12016],[-84.64061,38.12347],[-84.64395,38.12604],[-84.63928,38.12802],[-84.63698,38.12056],[-84.63413,38.12179],[-84.63404,38.12599],[-84.63972,38.13136],[-84.64241,38.13576],[-84.64657,38.13467],[-84.6458,38.14545],[-84.65028,38.14482],[-84.65019,38.14936],[-84.65213,38.15179],[-84.6521,38.1584],[-84.64233,38.15747],[-84.64584,38.16326],[-84.65056,38.16265],[-84.65269,38.16038],[-84.6569,38.16132],[-84.65743,38.1674],[-84.65527,38.17101],[-84.6494,38.16897],[-84.64782,38.17661],[-84.65571,38.17947],[-84.66017,38.17908],[-84.66648,38.17592],[-84.67831,38.17931],[-84.68379,38.17494],[-84.67566,38.17216],[-84.68143,38.16924],[-84.6854,38.17065],[-84.69135,38.17515],[-84.688,38.17691],[-84.68844,38.18076],[-84.69267,38.18106],[-84.69571,38.17828],[-84.70319,38.17889],[-84.70754,38.17339],[-84.71416,38.17538],[-84.71873,38.17996],[-84.72144,38.1856],[-84.72744,38.1854],[-84.73158,38.18739],[-84.73068,38.18998],[-84.72411,38.19124],[-84.73029,38.2083],[-84.73777,38.2977],[-84.73792,38.30909],[-84.74059,38.35242],[-84.74623,38.34948],[-84.79323,38.33851],[-84.80339,38.34683],[-84.80876,38.34931],[-84.81509,38.34964],[-84.81845,38.34779],[-84.82409,38.3483],[-84.83206,38.35075],[-84.83842,38.35693],[-84.84901,38.35464],[-84.8596,38.35661],[-84.87009,38.35633],[-84.88116,38.35685],[-84.88408,38.35153]]]},"properties":{"STATEFP":"21","SLDLST":"056","AFFGEOID":"620L800US21056","GEOID":"21056","NAME":"56","NAMELSAD":"State House District 56","STUSPS":"KY","STATE_NAME":"Kentucky","LSAD":"LL","LSY":"2022","ALAND":770191437,"AWATER":11557997}},
{"type":"Feature","geometry":{"type":"Polygon","coordinates":[[[-84.63589,38.91347],[-84.63235,38.91659],[-84.62434,38.91904],[-84.61847,38.90846],[-84.60879,38.89419],[-84.60793,38.88905],[-84.61442,38.88448],[-84.61949,38.88644],[-84.62291,38.88419],[-84.62127,38.88098],[-84.62659,38.87543],[-84.62879,38.87757],[-84.63557,38.87386],[-84.6342,38.8714],[-84.6459,38.86522],[-84.64872,38.8686],[-84.65749,38.86827],[-84.66022,38.866],[-84.65792,38.86261],[-84.66211,38.85957],[-84.67367,38.85897],[-84.66794,38.84909],[-84.66322,38.85098],[-84.65758,38.84698],[-84.65403,38.84756],[-84.65006,38.84412],[-84.64034,38.85039],[-84.62909,38.8481],[-84.61686,38.8409],[-84.60855,38.83329],[-84.60031,38.86899],[-84.59463,38.87262],[-84.58046,38.86764],[-84.57825,38.86261],[-84.56901,38.86058],[-84.56396,38.86117],[-84.55828,38.86468],[-84.55222,38.86222],[-84.55125,38.8586],[-84.5462,38.85755],[-84.54614,38.85331],[-84.5416,38.85132],[-84.54018,38.84815],[-84.54905,38.848],[-84.55019,38.84451],[-84.55572,38.84153],[-84.55785,38.83742],[-84.56485,38.83603],[-84.56707,38.83188],[-84.56098,38.82723],[-84.56124,38.82139],[-84.56555,38.81886],[-84.55956,38.80732],[-84.56152,38.80371],[-84.55127,38.79591],[-84.54791,38.79801],[-84.53886,38.79997],[-84.53318,38.79631],[-84.52988,38.79674],[-84.5187,38.79361],[-84.53229,38.79194],[-84.52398,38.75431],[-84.5049,38.665],[-84.50031,38.64396],[-84.48948,38.59691],[-84.4763,38.54272],[-84.47219,38.54399],[-84.46952,38.53798],[-84.46257,38.53486],[-84.45899,38.53678],[-84.45724,38.53199],[-84.45263,38.53103],[-84.44796,38.53684],[-84.43487,38.53651],[-84.43277,38.53917],[-84.42784,38.5389],[-84.42394,38.54194],[-84.422,38.54567],[-84.42789,38.54646],[-84.42393,38.55032],[-84.42031,38.55171],[-84.42551,38.55526],[-84.41482,38.55991],[-84.41244,38.56466],[-84.40975,38.56588],[-84.40367,38.56493],[-84.40032,38.5606],[-84.29646,38.57187],[-84.20535,38.58204],[-84.20526,38.58711],[-84.19568,38.59073],[-84.20105,38.60386],[-84.20737,38.5976],[-84.21423,38.65379],[-84.22509,38.74362],[-84.23596,38.82236],[-84.23042,38.8274],[-84.23326,38.84267],[-84.23373,38.85358],[-84.23191,38.87483],[-84.36275,38.82223],[-84.36526,38.82442],[-84.36606,38.83352],[-84.38828,38.85871],[-84.39459,38.86758],[-84.39288,38.87503],[-84.38884,38.8797],[-84.38612,38.88989],[-84.38875,38.8932],[-84.38875,38.901],[-84.39221,38.907],[-84.38581,38.91132],[-84.39206,38.92444],[-84.39437,38.93666],[-84.3931,38.95767],[-84.40078,38.96018],[-84.40063,38.96371],[-84.40923,38.96523],[-84.41342,38.97349],[-84.41185,38.97804],[-84.41708,38.98394],[-84.42007,38.98519],[-84.42047,38.97796],[-84.43082,38.96806],[-84.43237,38.96508],[-84.43811,38.96134],[-84.44349,38.95201],[-84.44682,38.94869],[-84.45647,38.94252],[-84.46344,38.9465],[-84.46175,38.94945],[-84.46388,38.95202],[-84.4701,38.9481],[-84.47334,38.94228],[-84.47858,38.94277],[-84.48304,38.94769],[-84.4856,38.94362],[-84.49522,38.93912],[-84.49676,38.9366],[-84.50261,38.93293],[-84.50867,38.93178],[-84.51393,38.92356],[-84.51764,38.92145],[-84.52161,38.92565],[-84.52741,38.92703],[-84.5333,38.92675],[-84.54217,38.92775],[-84.54519,38.93036],[-84.54346,38.93508],[-84.54451,38.94212],[-84.55008,38.94226],[-84.5578,38.93715],[-84.56002,38.93211],[-84.56977,38.93447],[-84.57172,38.9371],[-84.59326,38.94916],[-84.59621,38.94996],[-84.60196,38.95449],[-84.60917,38.95717],[-84.60601,38.93137],[-84.61506,38.93058],[-84.63043,38.9318],[-84.64146,38.93575],[-84.6462,38.93126],[-84.65206,38.92919],[-84.647,38.92033],[-84.63942,38.91446],[-84.63589,38.91347]]]},"properties":{"STATEFP":"21","SLDLST":"078","AFFGEOID":"620L800US21078","GEOID":"21078","NAME":"78","NAMELSAD":"State House District 78","STUSPS":"KY","STATE_NAME":"Kentucky","LSAD":"LL","LSY":"2022","ALAND":1018238115,"AWATER":16100642}},
{"type":"Feature","geometry":{"type":"Polygon","coordinates":[[[-87.51143,36.97767],[-87.51411,36.97442],[-87.51714,36.95966],[-87.52194,36.95724],[-87.52205,36.95186],[-87.52769,36.93875],[-87.52827,36.93152],[-87.52754,36.92372],[-87.52304,36.91582],[-87.52018,36.91433],[-87.51537,36.90511],[-87.5133,36.89302],[-87.50346,36.89439],[-87.48661,36.89821],[-87.48074,36.89805],[-87.48185,36.88182],[-87.48326,36.87589],[-87.47688,36.87587],[-87.48126,36.86931],[-87.47816,36.8623],[-87.46828,36.8624],[-87.47084,36.85711],[-87.47611,36.85455],[-87.47807,36.84779],[-87.48116,36.84887],[-87.48575,36.84669],[-87.48354,36.84191],[-87.4874,36.84119],[-87.49553,36.84195],[-87.50521,36.84483],[-87.51173,36.84794],[-87.506,36.85175],[-87.51018,36.85582],[-87.51135,36.86064],[-87.51939,36.86017],[-87.52421,36.85444],[-87.52523,36.85114],[-87.529,36.84977],[-87.53316,36.85302],[-87.53771,36.85341],[-87.53699,36.84547],[-87.52597,36.83708],[-87.53354,36.82972],[-87.52715,36.82986],[-87.52843,36.81616],[-87.52526,36.80898],[-87.52573,36.80484],[-87.51401,36.79854],[-87.51617,36.79351],[-87.5223,36.78314],[-87.52652,36.773],[-87.52682,36.76646],[-87.52516,36.75868],[-87.52599,36.75289],[-87.49529,36.73482],[-87.48899,36.72818],[-87.48536,36.7269],[-87.48605,36.72265],[-87.48258,36.71645],[-87.48645,36.69332],[-87.49072,36.69103],[-87.49334,36.68542],[-87.50126,36.68533],[-87.50547,36.6838],[-87.51109,36.68571],[-87.51073,36.68929],[-87.51678,36.68978],[-87.51991,36.67812],[-87.51898,36.67719],[-87.52128,36.66526],[-87.51672,36.66481],[-87.51824,36.65481],[-87.52375,36.65573],[-87.52478,36.65209],[-87.5411,36.65388],[-87.54849,36.65629],[-87.55068,36.65179],[-87.55735,36.6524],[-87.56469,36.65015],[-87.56746,36.65357],[-87.57109,36.64642],[-87.57694,36.64599],[-87.58574,36.64866],[-87.59298,36.64833],[-87.59356,36.64516],[-87.6231,36.64527],[-87.62575,36.64781],[-87.63435,36.64775],[-87.63751,36.64528],[-87.64929,36.64558],[-87.65128,36.6476],[-87.6667,36.647],[-87.66705,36.65405],[-87.66933,36.65684],[-87.67576,36.65661],[-87.67448,36.66429],[-87.68397,36.66727],[-87.6804,36.66948],[-87.67931,36.68298],[-87.6765,36.68267],[-87.6743,36.68822],[-87.6779,36.69089],[-87.67669,36.69603],[-87.68051,36.69762],[-87.67804,36.70145],[-87.68275,36.70337],[-87.69419,36.63707],[-87.64115,36.63804],[-87.56305,36.63911],[-87.41431,36.64105],[-87.33598,36.64154],[-87.31874,36.74302],[-87.31716,36.75017],[-87.30003,36.84691],[-87.29315,36.88535],[-87.29887,36.88672],[-87.30488,36.88966],[-87.30913,36.88939],[-87.31452,36.89139],[-87.31897,36.89135],[-87.33162,36.88862],[-87.33665,36.88293],[-87.3397,36.8817],[-87.35694,36.88156],[-87.35398,36.88667],[-87.35219,36.89294],[-87.36231,36.90447],[-87.37504,36.90509],[-87.38116,36.90147],[-87.39021,36.90061],[-87.38992,36.90881],[-87.39776,36.91114],[-87.40223,36.91122],[-87.40418,36.91829],[-87.40158,36.92109],[-87.39415,36.92467],[-87.38753,36.93368],[-87.39457,36.94464],[-87.40409,36.94664],[-87.40468,36.94886],[-87.41098,36.94906],[-87.42071,36.95093],[-87.43343,36.95495],[-87.43144,36.96856],[-87.4246,36.97254],[-87.42348,36.9769],[-87.42937,36.97607],[-87.43428,36.97995],[-87.44074,36.98163],[-87.44616,36.98584],[-87.45278,36.98658],[-87.46022,36.99183],[-87.47442,36.9913],[-87.47492,36.9874],[-87.47913,36.98032],[-87.48911,36.9798],[-87.49838,36.97821],[-87.51143,36.97767]]]},"properties":{"STATEFP":"21","SLDLST":"009","AFFGEOID":"620L800US21009","GEOID":"21009","NAME":"9","NAMELSAD":"State House District 9","STUSPS":"KY","STATE_NAME":"Kentucky","LSAD":"LL","LSY":"2022","ALAND":601106526,"AWATER":5711073}},
{"type":"Feature","geometry":{"type":"Polygon","coordinates":[[[-86.6553,37.84251],[-86.6586,37.83883],[-86.66609,37.8358],[-86.67787,37.79284],[-86.62232,37.65501],[-86.63893,37.66188],[-86.64064,37.61907],[-86.63942,37.619],[-86.62973,37.6097],[-86.62507,37.60403],[-86.62522,37.59677],[-86.61965,37.59157],[-86.62023,37.58711],[-86.61486,37.58146],[-86.60875,37.57794],[-86.60292,37.56973],[-86.5961,37.56442],[-86.59281,37.56436],[-86.58513,37.56807],[-86.57778,37.57479],[-86.57063,37.57918],[-86.56904,37.58145],[-86.57575,37.59034],[-86.57713,37.59511],[-86.57502,37.59965],[-86.56404,37.5972],[-86.55818,37.59766],[-86.55237,37.59585],[-86.55146,37.58843],[-86.53958,37.58825],[-86.53483,37.58987],[-86.5243,37.59781],[-86.52341,37.60151],[-86.53398,37.60283],[-86.54149,37.60019],[-86.53766,37.60682],[-86.53639,37.61349],[-86.53338,37.6157],[-86.52124,37.6162],[-86.51163,37.62292],[-86.50337,37.62219],[-86.5005,37.62024],[-86.49567,37.61328],[-86.49645,37.60963],[-86.50431,37.60729],[-86.50489,37.60195],[-86.50153,37.60086],[-86.49265,37.60709],[-86.48938,37.61056],[-86.48182,37.61123],[-86.47976,37.60428],[-86.47639,37.60105],[-86.47157,37.60111],[-86.46988,37.59647],[-86.47472,37.59409],[-86.47504,37.59037],[-86.4646,37.58978],[-86.46153,37.59167],[-86.45499,37.59168],[-86.45533,37.58626],[-86.46117,37.58632],[-86.46511,37.58484],[-86.46562,37.58191],[-86.46043,37.58057],[-86.45154,37.58244],[-86.44921,37.58907],[-86.4446,37.5896],[-86.44718,37.57657],[-86.44093,37.57652],[-86.43965,37.58068],[-86.43528,37.58375],[-86.43505,37.57673],[-86.4279,37.57699],[-86.42514,37.58051],[-86.41848,37.57874],[-86.41648,37.57285],[-86.41098,37.57718],[-86.40755,37.57461],[-86.41079,37.56907],[-86.40267,37.56639],[-86.39312,37.56799],[-86.3906,37.56985],[-86.3892,37.57443],[-86.38464,37.57403],[-86.38148,37.56995],[-86.38705,37.56853],[-86.37871,37.56138],[-86.3738,37.55874],[-86.37067,37.56152],[-86.37664,37.56339],[-86.37188,37.56863],[-86.36772,37.57122],[-86.36105,37.57031],[-86.36519,37.56207],[-86.35294,37.56277],[-86.35087,37.5679],[-86.35051,37.57597],[-86.35269,37.58697],[-86.35144,37.58847],[-86.34343,37.58644],[-86.34246,37.59133],[-86.33716,37.58888],[-86.33021,37.58879],[-86.32548,37.58742],[-86.32743,37.58255],[-86.31734,37.58268],[-86.30962,37.57916],[-86.30571,37.58588],[-86.30597,37.59218],[-86.30043,37.59507],[-86.29863,37.59213],[-86.30375,37.58808],[-86.30204,37.5855],[-86.29794,37.58626],[-86.29686,37.59073],[-86.29206,37.58771],[-86.28834,37.59099],[-86.28273,37.59222],[-86.27968,37.5953],[-86.27527,37.59352],[-86.22189,37.68064],[-86.21824,37.68187],[-86.20995,37.68164],[-86.20733,37.67961],[-86.20063,37.68057],[-86.19801,37.6835],[-86.19119,37.68677],[-86.18786,37.68603],[-86.18017,37.68037],[-86.17754,37.68176],[-86.14563,37.67366],[-86.12794,37.66453],[-86.08674,37.66349],[-86.08506,37.66219],[-86.0738,37.6648],[-86.07054,37.66109],[-86.05838,37.66284],[-86.0555,37.66469],[-86.01821,37.67071],[-86.0132,37.66938],[-85.99962,37.64915],[-85.95352,37.64865],[-85.94935,37.64483],[-85.94368,37.64295],[-85.93707,37.64298],[-85.93208,37.63715],[-85.92744,37.63581],[-85.92306,37.62651],[-85.91581,37.63471],[-85.90991,37.63306],[-85.90767,37.63909],[-85.90872,37.64462],[-85.90633,37.645],[-85.90908,37.65351],[-85.91953,37.65655],[-85.92594,37.66536],[-85.93764,37.66018],[-85.9404,37.66117],[-85.94857,37.67083],[-85.94171,37.67494],[-85.93221,37.67786],[-85.93777,37.68223],[-85.93115,37.68823],[-85.92692,37.6963],[-85.92197,37.69518],[-85.92097,37.69858],[-85.90562,37.69444],[-85.8967,37.69425],[-85.89875,37.69831],[-85.88782,37.7045],[-85.89029,37.70995],[-85.8861,37.71559],[-85.87982,37.71928],[-85.88992,37.73971],[-85.89931,37.74413],[-85.89527,37.7462],[-85.90744,37.75424],[-85.91236,37.75256],[-85.91585,37.75465],[-85.92319,37.76294],[-85.92814,37.77057],[-85.93343,37.77619],[-85.93906,37.786],[-85.9436,37.78878],[-85.93844,37.79386],[-85.937,37.79689],[-85.94255,37.80051],[-85.94476,37.79791],[-85.9516,37.80345],[-85.94596,37.81147],[-85.94683,37.81598],[-85.94663,37.81847],[-85.95229,37.82253],[-85.95509,37.82001],[-85.95846,37.82548],[-85.96298,37.82402],[-85.9666,37.83012],[-85.97475,37.83903],[-85.97147,37.84493],[-85.97796,37.84969],[-85.96728,37.85555],[-85.96936,37.86036],[-85.96613,37.86494],[-85.9855,37.8584],[-86.00739,37.81852],[-86.15128,37.79888],[-86.20914,37.84587],[-86.24289,37.87708],[-86.30574,37.91829],[-86.42914,38.00012],[-86.49077,38.04567],[-86.50005,38.04576],[-86.51176,38.04445],[-86.51729,38.04263],[-86.52182,38.03833],[-86.52497,38.02788],[-86.52438,38.01861],[-86.52567,38.00715],[-86.52584,37.99839],[-86.52489,37.98183],[-86.52517,37.96823],[-86.52383,37.96217],[-86.51857,37.9518],[-86.51259,37.94695],[-86.50939,37.94249],[-86.50704,37.93644],[-86.50662,37.93072],[-86.51101,37.92612],[-86.51924,37.92216],[-86.53416,37.91701],[-86.54851,37.91784],[-86.56626,37.92216],[-86.58032,37.92315],[-86.58858,37.92116],[-86.59612,37.91429],[-86.59985,37.90675],[-86.6001,37.90122],[-86.59815,37.88455],[-86.59939,37.87475],[-86.59748,37.87148],[-86.59811,37.86738],[-86.60462,37.85827],[-86.62576,37.84727],[-86.63826,37.84272],[-86.64803,37.84143],[-86.6553,37.84251]]]},"properties":{"STATEFP":"21","SLDLST":"010","AFFGEOID":"620L800US21010","GEOID":"21010","NAME":"10","NAMELSAD":"State House District 10","STUSPS":"KY","STATE_NAME":"Kentucky","LSAD":"LL","LSY":"2022","ALAND":1876788215,"AWATER":44037254}},
{"type":"Feature","geometry":{"type":"Polygon","coordinates":[[[-85.94683,37.81598],[-85.94596,37.81147],[-85.9516,37.80345],[-85.94476,37.79791],[-85.94255,37.80051],[-85.937,37.79689],[-85.93844,37.79386],[-85.9436,37.78878],[-85.93906,37.786],[-85.93343,37.77619],[-85.92814,37.77057],[-85.92319,37.76294],[-85.91585,37.75465],[-85.91236,37.75256],[-85.90744,37.75424],[-85.89527,37.7462],[-85.89931,37.74413],[-85.88992,37.73971],[-85.87982,37.71928],[-85.8861,37.71559],[-85.89029,37.70995],[-85.88782,37.7045],[-85.89875,37.69831],[-85.8967,37.69425],[-85.8962,37.6896],[-85.8996,37.68578],[-85.89136,37.68359],[-85.87903,37.68595],[-85.87719,37.68113],[-85.88616,37.6736],[-85.85395,37.66513],[-85.85553,37.65785],[-85.84969,37.65678],[-85.85031,37.65362],[-85.85539,37.65193],[-85.84271,37.64953],[-85.8439,37.65406],[-85.84154,37.65542],[-85.83555,37.65441],[-85.83216,37.65846],[-85.82691,37.66217],[-85.83222,37.66893],[-85.83376,37.67427],[-85.82107,37.67819],[-85.81004,37.67769],[-85.8093,37.67301],[-85.79652,37.67072],[-85.78883,37.67121],[-85.78501,37.66869],[-85.7764,37.66513],[-85.77217,37.66641],[-85.76045,37.66054],[-85.75255,37.65958],[-85.75292,37.65478],[-85.74284,37.64902],[-85.73871,37.65112],[-85.71683,37.68137],[-85.68049,37.73228],[-85.6832,37.73284],[-85.6848,37.73688],[-85.67949,37.73933],[-85.6836,37.74179],[-85.68282,37.74965],[-85.68485,37.75137],[-85.68243,37.7577],[-85.68521,37.75915],[-85.68848,37.75605],[-85.69292,37.75528],[-85.6957,37.76195],[-85.69973,37.76246],[-85.7045,37.76815],[-85.71083,37.76577],[-85.71646,37.76848],[-85.71294,37.77344],[-85.71785,37.77594],[-85.72813,37.77418],[-85.73355,37.77748],[-85.73635,37.7817],[-85.72703,37.7847],[-85.72698,37.78778],[-85.73178,37.78899],[-85.73635,37.788],[-85.74052,37.78924],[-85.74257,37.79225],[-85.73869,37.79791],[-85.74211,37.80339],[-85.73778,37.81179],[-85.74242,37.81598],[-85.74123,37.8204],[-85.74485,37.82282],[-85.75005,37.82347],[-85.75015,37.82674],[-85.7578,37.82183],[-85.76061,37.81857],[-85.7579,37.81577],[-85.7641,37.81129],[-85.7704,37.81059],[-85.77545,37.81382],[-85.78173,37.81284],[-85.78565,37.80908],[-85.79947,37.81017],[-85.8027,37.80684],[-85.80157,37.802],[-85.80978,37.80278],[-85.81968,37.80639],[-85.82727,37.80639],[-85.8291,37.80378],[-85.82995,37.79384],[-85.83333,37.79168],[-85.84642,37.79205],[-85.84425,37.79502],[-85.84411,37.80047],[-85.8462,37.80588],[-85.8587,37.80478],[-85.86126,37.8085],[-85.86574,37.80617],[-85.8702,37.80012],[-85.87289,37.80271],[-85.88525,37.80053],[-85.88425,37.79518],[-85.89095,37.7902],[-85.89728,37.78868],[-85.90027,37.79242],[-85.90585,37.79051],[-85.89516,37.78815],[-85.8957,37.78589],[-85.90117,37.78207],[-85.90931,37.78201],[-85.91277,37.78895],[-85.92057,37.79858],[-85.9249,37.81386],[-85.9275,37.81683],[-85.92906,37.82011],[-85.94683,37.81598]]]},"properties":{"STATEFP":"21","SLDLST":"025","AFFGEOID":"620L800US21025","GEOID":"21025","NAME":"25","NAMELSAD":"State House District 25","STUSPS":"KY","STATE_NAME":"Kentucky","LSAD":"LL","LSY":"2022","ALAND":268674738,"AWATER":2635275}},
{"type":"Feature","geometry":{"type":"Polygon","coordinates":[[[-84.44266,38.28324],[-84.44135,38.28131],[-84.44152,38.27599],[-84.43698,38.27418],[-84.43549,38.271],[-84.43687,38.26635],[-84.42594,38.25695],[-84.42335,38.25716],[-84.42127,38.25278],[-84.4207,38.24674],[-84.42266,38.24468],[-84.42341,38.2381],[-84.42138,38.2316],[-84.41823,38.22922],[-84.41683,38.22125],[-84.4223,38.21709],[-84.41952,38.21399],[-84.41568,38.21368],[-84.39716,38.20559],[-84.38709,38.2103],[-84.37848,38.21136],[-84.37513,38.20795],[-84.37432,38.20307],[-84.36705,38.19657],[-84.35863,38.19482],[-84.35779,38.18664],[-84.36006,38.18381],[-84.35515,38.17804],[-84.36303,38.17085],[-84.36315,38.1669],[-84.36881,38.16186],[-84.37246,38.1625],[-84.37375,38.15757],[-84.37003,38.15337],[-84.37107,38.1503],[-84.36935,38.14333],[-84.37052,38.14029],[-84.36739,38.13004],[-84.36859,38.1259],[-84.37776,38.12131],[-84.37745,38.1179],[-84.38093,38.11349],[-84.37937,38.11112],[-84.36991,38.109],[-84.37012,38.10522],[-84.36056,38.09871],[-84.35462,38.09837],[-84.34461,38.09494],[-84.34358,38.09104],[-84.32696,38.08472],[-84.32038,38.08911],[-84.31812,38.09289],[-84.31437,38.09301],[-84.31173,38.08676],[-84.3048,38.08575],[-84.29798,38.07998],[-84.28726,38.07559],[-84.28777,38.07322],[-84.28437,38.06917],[-84.28646,38.06703],[-84.18707,38.09029],[-84.08053,38.11512],[-84.07011,38.12381],[-84.06606,38.12897],[-84.06007,38.1339],[-84.04954,38.13718],[-84.04245,38.14142],[-84.0394,38.14549],[-84.03208,38.14856],[-84.02645,38.15243],[-83.99017,38.17507],[-83.97792,38.19212],[-83.91269,38.24539],[-83.84988,38.29664],[-83.84678,38.29651],[-83.8407,38.30218],[-83.83566,38.30263],[-83.82296,38.30081],[-83.82067,38.29874],[-83.82186,38.29462],[-83.81558,38.29259],[-83.8138,38.29001],[-83.81529,38.28631],[-83.81272,38.28219],[-83.80187,38.27928],[-83.79868,38.28346],[-83.79491,38.29247],[-83.78457,38.29478],[-83.78226,38.29368],[-83.77858,38.28758],[-83.77488,38.28575],[-83.76836,38.29353],[-83.76247,38.29529],[-83.75965,38.29302],[-83.75941,38.28787],[-83.75717,38.2849],[-83.74408,38.28471],[-83.7402,38.28724],[-83.73899,38.29158],[-83.73542,38.29361],[-83.72842,38.29362],[-83.72435,38.29056],[-83.7237,38.28554],[-83.72659,38.28349],[-83.73232,38.28345],[-83.73533,38.27884],[-83.73823,38.26815],[-83.73779,38.26529],[-83.73178,38.26267],[-83.72731,38.26829],[-83.72406,38.26898],[-83.7108,38.26817],[-83.70568,38.26273],[-83.70767,38.25872],[-83.71384,38.25689],[-83.71727,38.25194],[-83.71245,38.2466],[-83.70825,38.24368],[-83.69945,38.24606],[-83.6936,38.25067],[-83.69198,38.26016],[-83.68728,38.26054],[-83.6846,38.25206],[-83.69278,38.24719],[-83.69561,38.24362],[-83.69124,38.2344],[-83.69238,38.22921],[-83.69596,38.22706],[-83.69815,38.21697],[-83.69667,38.21277],[-83.70132,38.20729],[-83.70021,38.20123],[-83.69757,38.19812],[-83.68999,38.19723],[-83.68898,38.19855],[-83.69441,38.20938],[-83.68903,38.21107],[-83.68583,38.21411],[-83.6819,38.21265],[-83.67895,38.20561],[-83.67235,38.19746],[-83.6669,38.20155],[-83.65865,38.20104],[-83.65722,38.1964],[-83.6544,38.19319],[-83.64965,38.18216],[-83.64962,38.17633],[-83.64655,38.17096],[-83.63885,38.17827],[-83.63519,38.18753],[-83.63302,38.19263],[-83.62808,38.19173],[-83.62368,38.19463],[-83.61885,38.19257],[-83.61508,38.19317],[-83.61269,38.20303],[-83.60959,38.20155],[-83.60049,38.20347],[-83.59655,38.20957],[-83.59197,38.21031],[-83.58711,38.21488],[-83.58679,38.21828],[-83.58159,38.21827],[-83.5763,38.2138],[-83.56376,38.21692],[-83.56033,38.2209],[-83.55971,38.23125],[-83.55631,38.23729],[-83.54427,38.24465],[-83.53975,38.2449],[-83.53464,38.25417],[-83.5285,38.25541],[-83.52464,38.25479],[-83.52114,38.25749],[-83.52401,38.26012],[-83.52039,38.26772],[-83.51631,38.266],[-83.50795,38.27316],[-83.51244,38.28461],[-83.51428,38.29205],[-83.5054,38.29413],[-83.50364,38.2982],[-83.50532,38.30471],[-83.50154,38.3158],[-83.49542,38.32211],[-83.49535,38.3243],[-83.48809,38.3245],[-83.49071,38.32921],[-83.49799,38.33389],[-83.49466,38.33593],[-83.49579,38.33967],[-83.50142,38.34248],[-83.49849,38.34461],[-83.49927,38.34935],[-83.48882,38.35167],[-83.48198,38.35972],[-83.47687,38.35926],[-83.47021,38.35522],[-83.46328,38.35841],[-83.45809,38.36204],[-83.46422,38.3676],[-83.46339,38.3731],[-83.45693,38.37473],[-83.45356,38.37757],[-83.45285,38.3818],[-83.45934,38.38396],[-83.45842,38.38832],[-83.46576,38.39307],[-83.4645,38.39657],[-83.46659,38.39891],[-83.47136,38.39686],[-83.47721,38.4015],[-83.48579,38.40507],[-83.49743,38.40159],[-83.50724,38.41178],[-83.51489,38.41468],[-83.523,38.40876],[-83.52868,38.41292],[-83.52718,38.41762],[-83.5295,38.41858],[-83.53594,38.41625],[-83.5418,38.41861],[-83.54591,38.4183],[-83.55227,38.41993],[-83.56466,38.42669],[-83.57908,38.43017],[-83.58269,38.43245],[-83.58149,38.43853],[-83.57486,38.44434],[-83.57776,38.44767],[-83.57871,38.45543],[-83.57679,38.45719],[-83.58187,38.46418],[-83.58408,38.47138],[-83.58856,38.47736],[-83.58888,38.4816],[-83.59333,38.48903],[-83.5972,38.49131],[-83.60147,38.49616],[-83.59813,38.49982],[-83.59919,38.50199],[-83.60504,38.49996],[-83.60304,38.50518],[-83.60676,38.50543],[-83.60895,38.50218],[-83.6161,38.50428],[-83.62475,38.50364],[-83.63249,38.50792],[-83.62634,38.51094],[-83.62635,38.51715],[-83.62855,38.52199],[-83.63281,38.52178],[-83.63681,38.51784],[-83.64185,38.52538],[-83.72174,38.50398],[-83.74551,38.4939],[-83.7562,38.49225],[-83.85928,38.45635],[-83.93035,38.49228],[-83.97026,38.46382],[-83.97616,38.45474],[-83.98139,38.45317],[-83.98428,38.44549],[-83.98007,38.43945],[-83.98145,38.43623],[-83.99127,38.43479],[-83.99368,38.42451],[-83.99944,38.42494],[-83.99725,38.43276],[-83.99801,38.43956],[-84.00277,38.44128],[-84.00401,38.43859],[-84.00295,38.43248],[-84.00518,38.431],[-84.01015,38.43287],[-84.01493,38.44263],[-84.01729,38.44535],[-84.02226,38.44457],[-84.02771,38.44098],[-84.04488,38.44795],[-84.05262,38.44992],[-84.0573,38.45278],[-84.067,38.45468],[-84.07336,38.45741],[-84.08752,38.45481],[-84.09275,38.45895],[-84.09709,38.46061],[-84.1021,38.45938],[-84.18125,38.38376],[-84.19405,38.37175],[-84.26447,38.32449],[-84.27886,38.31532],[-84.28184,38.31246],[-84.29056,38.31269],[-84.29074,38.3167],[-84.29658,38.31773],[-84.2934,38.3115],[-84.30168,38.31137],[-84.30853,38.31248],[-84.31028,38.31],[-84.30536,38.30645],[-84.3087,38.30403],[-84.31571,38.30194],[-84.31916,38.29596],[-84.32308,38.29774],[-84.32637,38.29431],[-84.33186,38.29297],[-84.3389,38.29654],[-84.3425,38.29499],[-84.33674,38.28928],[-84.34548,38.2851],[-84.35543,38.28818],[-84.36283,38.29479],[-84.36596,38.28981],[-84.36776,38.28392],[-84.37231,38.27951],[-84.38452,38.27913],[-84.38761,38.28219],[-84.39651,38.28269],[-84.40956,38.28549],[-84.4151,38.2875],[-84.41902,38.28727],[-84.42469,38.28112],[-84.43305,38.28031],[-84.43738,38.28361],[-84.44266,38.28324]]]},"properties":{"STATEFP":"21","SLDLST":"072","AFFGEOID":"620L800US21072","GEOID":"21072","NAME":"72","NAMELSAD":"State House District 72","STUSPS":"KY","STATE_NAME":"Kentucky","LSAD":"LL","LSY":"2022","ALAND":2159348379,"AWATER":15602055}},
{"type":"Feature","geometry":{"type":"Polygon","coordinates":[[[-83.03089,38.72557],[-83.03844,38.71638],[-83.04234,38.70832],[-83.0531,38.69583],[-83.06432,38.68898],[-83.08423,38.68109],[-83.10275,38.67732],[-83.11237,38.67168],[-83.11786,38.66607],[-83.12255,38.6592],[-83.12631,38.64524],[-83.13505,38.63172],[-83.14284,38.62508],[-83.15378,38.61883],[-83.17596,38.61918],[-83.20373,38.61673],[-83.21311,38.61889],[-83.22619,38.62531],[-83.2324,38.62757],[-83.24566,38.62856],[-83.25456,38.6234],[-83.26113,38.62272],[-83.26639,38.61962],[-83.26851,38.6151],[-83.28651,38.59924],[-83.29419,38.59659],[-83.30195,38.59818],[-83.31145,38.60331],[-83.31754,38.60924],[-83.3201,38.61604],[-83.32053,38.62271],[-83.32238,38.63062],[-83.32764,38.63749],[-83.34,38.64567],[-83.35644,38.65401],[-83.36666,38.65854],[-83.3763,38.66147],[-83.38475,38.66317],[-83.41204,38.6665],[-83.42019,38.66843],[-83.4404,38.66936],[-83.44699,38.67014],[-83.45705,38.67397],[-83.46806,38.67547],[-83.48648,38.6901],[-83.49334,38.69419],[-83.50437,38.69926],[-83.51257,38.70172],[-83.52095,38.70305],[-83.53334,38.70211],[-83.5493,38.69879],[-83.5691,38.69284],[-83.59191,38.68878],[-83.60157,38.68394],[-83.60909,38.68501],[-83.61414,38.68397],[-83.62692,38.67939],[-83.63421,38.67137],[-83.63696,38.66602],[-83.64048,38.64828],[-83.64512,38.63646],[-83.64041,38.63492],[-83.6246,38.61142],[-83.64185,38.52538],[-83.63681,38.51784],[-83.63281,38.52178],[-83.62855,38.52199],[-83.62635,38.51715],[-83.62634,38.51094],[-83.63249,38.50792],[-83.62475,38.50364],[-83.6161,38.50428],[-83.60895,38.50218],[-83.60676,38.50543],[-83.60304,38.50518],[-83.60504,38.49996],[-83.59919,38.50199],[-83.59813,38.49982],[-83.60147,38.49616],[-83.5972,38.49131],[-83.59333,38.48903],[-83.58888,38.4816],[-83.58856,38.47736],[-83.58408,38.47138],[-83.58187,38.46418],[-83.57679,38.45719],[-83.57871,38.45543],[-83.57776,38.44767],[-83.57486,38.44434],[-83.58149,38.43853],[-83.58269,38.43245],[-83.57908,38.43017],[-83.56466,38.42669],[-83.55227,38.41993],[-83.54591,38.4183],[-83.5418,38.41861],[-83.53594,38.41625],[-83.5295,38.41858],[-83.52718,38.41762],[-83.52868,38.41292],[-83.523,38.40876],[-83.51489,38.41468],[-83.50724,38.41178],[-83.49743,38.40159],[-83.48579,38.40507],[-83.47721,38.4015],[-83.47136,38.39686],[-83.46659,38.39891],[-83.4645,38.39657],[-83.46576,38.39307],[-83.45842,38.38832],[-83.45934,38.38396],[-83.45285,38.3818],[-83.44674,38.3806],[-83.44067,38.38804],[-83.43277,38.38942],[-83.42851,38.38821],[-83.41693,38.39616],[-83.41197,38.39628],[-83.40331,38.38998],[-83.40037,38.38176],[-83.40116,38.37952],[-83.39237,38.3694],[-83.39235,38.36656],[-83.38268,38.36472],[-83.37822,38.36253],[-83.37714,38.35553],[-83.37258,38.34925],[-83.368,38.34817],[-83.36301,38.33976],[-83.36431,38.32937],[-83.35772,38.32755],[-83.35896,38.32435],[-83.35634,38.32187],[-83.35186,38.3223],[-83.34135,38.31952],[-83.33543,38.30868],[-83.33581,38.30464],[-83.33234,38.30209],[-83.33474,38.29977],[-83.33002,38.29601],[-83.32628,38.29018],[-83.33491,38.28695],[-83.33179,38.2822],[-83.32675,38.27788],[-83.32353,38.27764],[-83.32088,38.26995],[-83.3166,38.26782],[-83.31892,38.26497],[-83.31885,38.26052],[-83.31196,38.25269],[-83.30789,38.25225],[-83.31272,38.24402],[-83.30646,38.23374],[-83.30832,38.23295],[-83.30666,38.22524],[-83.29731,38.21807],[-83.29978,38.20913],[-83.2926,38.21059],[-83.28862,38.21549],[-83.28537,38.21299],[-83.28649,38.20605],[-83.27968,38.20283],[-83.27393,38.20205],[-83.2732,38.19523],[-83.26669,38.19385],[-83.26308,38.19068],[-83.25419,38.19426],[-83.24588,38.1914],[-83.23928,38.19309],[-83.23327,38.19309],[-83.23257,38.19876],[-83.22091,38.20985],[-83.22263,38.21154],[-83.22321,38.22151],[-83.22008,38.22749],[-83.2168,38.22978],[-83.21902,38.23234],[-83.21576,38.23724],[-83.20996,38.24222],[-83.2026,38.2457],[-83.2029,38.25025],[-83.19769,38.24885],[-83.19091,38.2501],[-83.18585,38.25256],[-83.18562,38.25823],[-83.17756,38.26109],[-83.17571,38.26685],[-83.16638,38.26615],[-83.15896,38.26446],[-83.15471,38.2608],[-83.15504,38.25879],[-83.13501,38.24204],[-83.11847,38.23327],[-83.11605,38.2362],[-83.1111,38.23573],[-83.10623,38.23355],[-83.10168,38.22609],[-83.09208,38.22798],[-83.08368,38.22272],[-83.08457,38.22001],[-83.07711,38.21084],[-83.07584,38.20656],[-83.07157,38.20443],[-83.06256,38.19767],[-83.06016,38.19163],[-83.05478,38.19156],[-83.05308,38.18955],[-83.05577,38.18474],[-83.0518,38.18244],[-83.04666,38.18695],[-83.04857,38.1904],[-83.04754,38.19347],[-83.04352,38.19522],[-83.03982,38.19969],[-83.03628,38.19962],[-83.02879,38.19567],[-83.02383,38.19695],[-83.01147,38.20575],[-83.01194,38.19918],[-83.00957,38.19401],[-83.00709,38.19225],[-83.0008,38.19255],[-82.98895,38.18896],[-82.99043,38.18431],[-82.98966,38.17973],[-82.98239,38.17569],[-82.97831,38.17477],[-82.97573,38.172],[-82.97174,38.1736],[-82.95698,38.17456],[-82.95002,38.1721],[-82.94501,38.16833],[-82.94269,38.16979],[-82.92481,38.17511],[-82.92154,38.17542],[-82.91878,38.17899],[-82.91185,38.17909],[-82.90065,38.18287],[-82.89752,38.1828],[-82.8938,38.18816],[-82.88694,38.19134],[-82.88325,38.19603],[-82.87264,38.19234],[-82.86779,38.19402],[-82.85694,38.19057],[-82.85038,38.19187],[-82.84198,38.19895],[-82.84026,38.20164],[-82.83443,38.20503],[-82.82364,38.208],[-82.81411,38.21729],[-82.81239,38.22012],[-82.81487,38.22297],[-82.82407,38.22829],[-82.82111,38.23273],[-82.81691,38.23498],[-82.81411,38.23392],[-82.81072,38.23837],[-82.79464,38.24061],[-82.79326,38.24459],[-82.78658,38.24476],[-82.7858,38.23954],[-82.78205,38.23808],[-82.778,38.24103],[-82.77193,38.23712],[-82.76259,38.23469],[-82.75312,38.23661],[-82.74661,38.23888],[-82.73743,38.23723],[-82.73532,38.24243],[-82.7238,38.24378],[-82.72119,38.2499],[-82.71511,38.25047],[-82.71036,38.25416],[-82.70596,38.25282],[-82.69947,38.26191],[-82.70214,38.26969],[-82.70106,38.27266],[-82.70291,38.2759],[-82.70207,38.28008],[-82.7044,38.28584],[-82.70662,38.28729],[-82.7049,38.29401],[-82.71,38.29853],[-82.70932,38.3022],[-82.71286,38.30334],[-82.71358,38.30882],[-82.71224,38.31168],[-82.71602,38.3187],[-82.71454,38.3202],[-82.71354,38.32712],[-82.71536,38.33207],[-82.71467,38.33805],[-82.70721,38.34392],[-82.70063,38.34447],[-82.69711,38.34794],[-82.69801,38.35051],[-82.69721,38.35768],[-82.69896,38.36935],[-82.68269,38.37415],[-82.66353,38.37777],[-82.66288,38.38035],[-82.65835,38.38342],[-82.66279,38.3856],[-82.66457,38.38849],[-82.66212,38.39216],[-82.66098,38.39828],[-82.65531,38.39905],[-82.66142,38.40653],[-82.67333,38.41212],[-82.68755,38.41488],[-82.69218,38.41758],[-82.69864,38.41814],[-82.706,38.4166],[-82.7144,38.4096],[-82.71478,38.40717],[-82.7115,38.40026],[-82.70493,38.39564],[-82.70271,38.38878],[-82.70873,38.38731],[-82.7178,38.38701],[-82.73519,38.38733],[-82.74007,38.38957],[-82.74559,38.38781],[-82.74825,38.39095],[-82.75758,38.39312],[-82.76049,38.40093],[-82.75809,38.40421],[-82.7588,38.41762],[-82.75751,38.42404],[-82.75873,38.42824],[-82.75576,38.4319],[-82.75834,38.43311],[-82.76615,38.43012],[-82.76901,38.4336],[-82.77706,38.42154],[-82.77404,38.4198],[-82.77723,38.41494],[-82.78139,38.41479],[-82.78499,38.41215],[-82.78852,38.41267],[-82.79157,38.40243],[-82.80403,38.39756],[-82.81064,38.39302],[-82.80979,38.38631],[-82.8177,38.37668],[-82.81745,38.37394],[-82.91271,38.39895],[-82.91746,38.39703],[-82.92917,38.39698],[-82.93392,38.39798],[-82.93862,38.40165],[-82.9421,38.39894],[-82.94785,38.3999],[-82.95706,38.39434],[-82.96322,38.39312],[-82.96763,38.39414],[-82.97309,38.39896],[-82.98404,38.40191],[-82.98676,38.40505],[-82.98634,38.40943],[-82.99162,38.41211],[-82.99623,38.41027],[-83.00185,38.41649],[-83.00136,38.42007],[-83.05157,38.46524],[-83.05598,38.46457],[-83.06215,38.46709],[-83.06662,38.46613],[-83.07501,38.4739],[-83.08114,38.47409],[-83.08378,38.47818],[-83.08821,38.47744],[-83.09083,38.48102],[-83.09593,38.48088],[-83.09694,38.48319],[-83.10428,38.4802],[-83.11393,38.48328],[-83.1158,38.4857],[-83.12123,38.48566],[-83.12851,38.48938],[-83.13385,38.49504],[-83.13827,38.49736],[-83.14287,38.49598],[-83.146,38.49858],[-83.15509,38.50047],[-83.15813,38.50391],[-83.16435,38.50326],[-83.1675,38.50478],[-83.16654,38.50922],[-83.1608,38.50969],[-83.16027,38.51278],[-83.14788,38.52238],[-83.14665,38.53024],[-83.13762,38.53563],[-83.13501,38.53314],[-83.12487,38.53488],[-83.11618,38.53925],[-83.1142,38.545],[-83.10914,38.54688],[-83.10749,38.5503],[-83.10237,38.55423],[-83.09852,38.56439],[-83.09978,38.56742],[-83.09564,38.56853],[-83.0932,38.57389],[-83.08997,38.57576],[-83.09033,38.57937],[-83.08706,38.5806],[-83.08189,38.58798],[-83.07363,38.59044],[-83.071,38.5952],[-83.07401,38.59731],[-83.07771,38.60286],[-83.07599,38.60868],[-83.08079,38.61047],[-83.07744,38.61777],[-83.06953,38.6208],[-83.07227,38.62779],[-83.07013,38.63388],[-83.06337,38.63703],[-83.06336,38.63954],[-83.05456,38.63959],[-83.04893,38.64872],[-83.05358,38.65711],[-83.04757,38.66384],[-83.04434,38.66215],[-83.03833,38.66529],[-83.03387,38.67924],[-83.02755,38.67982],[-83.02409,38.68274],[-83.03156,38.68472],[-83.02918,38.68742],[-83.03395,38.69148],[-83.03809,38.69938],[-83.02822,38.72161],[-83.03089,38.72557]]]},"properties":{"STATEFP":"21","SLDLST":"096","AFFGEOID":"620L800US21096","GEOID":"21096","NAME":"96","NAMELSAD":"State House District 96","STUSPS":"KY","STATE_NAME":"Kentucky","LSAD":"LL","LSY":"2022","ALAND":2460887834,"AWATER":38959592}},
{"type":"Feature","geometry":{"type":"Polygon","coordinates":[[[-82.92481,38.17511],[-82.92422,38.17352],[-82.91496,38.17224],[-82.91781,38.16963],[-82.9161,38.16238],[-82.91265,38.15887],[-82.90783,38.15672],[-82.90894,38.14571],[-82.90521,38.14301],[-82.9069,38.13861],[-82.90675,38.13303],[-82.90137,38.13184],[-82.89613,38.12017],[-82.89185,38.12046],[-82.89189,38.11506],[-82.88892,38.11185],[-82.89653,38.10726],[-82.89837,38.10326],[-82.905,38.10398],[-82.90766,38.10007],[-82.90753,38.09573],[-82.91706,38.09909],[-82.92176,38.09237],[-82.92489,38.09303],[-82.92982,38.0889],[-82.92777,38.08655],[-82.93085,38.08334],[-82.942,38.07759],[-82.94082,38.07182],[-82.9433,38.06877],[-82.94199,38.06416],[-82.94648,38.06086],[-82.95131,38.05968],[-82.9492,38.05606],[-82.95601,38.0496],[-82.96178,38.04928],[-82.96592,38.05202],[-82.97019,38.05153],[-82.97551,38.04831],[-82.98123,38.05],[-82.9848,38.04523],[-82.98359,38.04329],[-82.99097,38.03893],[-82.99764,38.03836],[-83.00224,38.0346],[-83.00033,38.02888],[-83.00251,38.02386],[-83.01009,38.01668],[-83.01401,38.01672],[-83.01268,38.00929],[-83.02047,38.00809],[-83.02413,38.0039],[-83.01921,37.9993],[-83.02522,37.99141],[-83.02224,37.9879],[-83.02207,37.98219],[-83.01388,37.97922],[-83.01606,37.97422],[-83.01081,37.96993],[-83.00414,37.96655],[-82.99889,37.9678],[-82.99846,37.96394],[-82.9927,37.96132],[-82.98901,37.96397],[-82.98889,37.96639],[-82.98144,37.96979],[-82.97808,37.97452],[-82.97641,37.98497],[-82.97331,37.98504],[-82.97021,37.98834],[-82.97072,37.99098],[-82.96583,37.99395],[-82.95275,37.99706],[-82.95204,38.00032],[-82.94794,38.00043],[-82.94172,37.9981],[-82.9396,37.99898],[-82.87522,37.97762],[-82.83158,37.96787],[-82.7789,37.9392],[-82.73658,37.91633],[-82.67693,37.89233],[-82.61239,37.87927],[-82.60871,37.88481],[-82.60932,37.88748],[-82.60416,37.88921],[-82.60126,37.88785],[-82.59561,37.89068],[-82.59648,37.89752],[-82.59887,37.89874],[-82.59868,37.90442],[-82.59421,37.90865],[-82.60132,37.91281],[-82.59875,37.91577],[-82.60251,37.91942],[-82.60141,37.92178],[-82.59372,37.92208],[-82.59294,37.92831],[-82.59025,37.93144],[-82.58419,37.92903],[-82.58012,37.93395],[-82.58276,37.93779],[-82.58245,37.94314],[-82.57805,37.94514],[-82.58093,37.94844],[-82.58086,37.95407],[-82.57358,37.95289],[-82.57013,37.95624],[-82.566,37.95226],[-82.55524,37.95951],[-82.55121,37.95743],[-82.54888,37.95935],[-82.5439,37.95703],[-82.53487,37.96279],[-82.50443,37.94811],[-82.49771,37.94549],[-82.49529,37.94661],[-82.48784,37.94529],[-82.48096,37.94914],[-82.47155,37.95906],[-82.47267,37.96072],[-82.48399,37.96334],[-82.48426,37.97138],[-82.48189,37.97296],[-82.46938,37.97306],[-82.46499,37.97686],[-82.46407,37.9803],[-82.46554,37.98472],[-82.47307,37.98665],[-82.48217,37.98369],[-82.48397,37.98409],[-82.48611,37.99051],[-82.48597,37.99571],[-82.48924,37.99898],[-82.50077,37.99903],[-82.5072,38.00151],[-82.51442,37.99923],[-82.51919,38.00113],[-82.51558,38.00475],[-82.51975,38.00838],[-82.52583,38.01956],[-82.52582,38.02641],[-82.53498,38.03225],[-82.53864,38.03738],[-82.53729,38.0452],[-82.54124,38.04844],[-82.54478,38.05426],[-82.54485,38.05852],[-82.54941,38.06306],[-82.54958,38.06858],[-82.55126,38.0708],[-82.5596,38.07284],[-82.56574,38.08064],[-82.57407,38.0821],[-82.58404,38.09066],[-82.58549,38.09426],[-82.5857,38.107],[-82.5936,38.11087],[-82.59801,38.11592],[-82.60659,38.12084],[-82.61615,38.12022],[-82.62116,38.12324],[-82.62117,38.132],[-82.62618,38.13484],[-82.63427,38.13667],[-82.63731,38.13905],[-82.63829,38.14349],[-82.63895,38.15674],[-82.64474,38.16549],[-82.643,38.16956],[-82.63905,38.17111],[-82.62546,38.17049],[-82.61943,38.16903],[-82.61134,38.17155],[-82.60425,38.18764],[-82.59933,38.19723],[-82.59844,38.21739],[-82.60894,38.22366],[-82.61252,38.23455],[-82.60713,38.24598],[-82.60423,38.2473],[-82.59497,38.24545],[-82.58606,38.24562],[-82.5818,38.24859],[-82.57825,38.25481],[-82.57466,38.26387],[-82.5746,38.27472],[-82.57878,38.28175],[-82.57974,38.29173],[-82.58282,38.29548],[-82.58146,38.30045],[-82.57616,38.30864],[-82.57192,38.31335],[-82.57176,38.3172],[-82.57539,38.32298],[-82.5765,38.32812],[-82.58459,38.33373],[-82.58954,38.34054],[-82.59652,38.34285],[-82.59798,38.34491],[-82.59819,38.35789],[-82.59752,38.36484],[-82.59395,38.37185],[-82.59346,38.38028],[-82.59927,38.38874],[-82.59924,38.39317],[-82.59474,38.39784],[-82.59703,38.40994],[-82.59628,38.41768],[-82.59348,38.42182],[-82.59692,38.42671],[-82.60076,38.43742],[-82.60409,38.45984],[-82.6082,38.46805],[-82.6138,38.47453],[-82.62411,38.4797],[-82.63771,38.48445],[-82.6484,38.49037],[-82.65705,38.49682],[-82.66092,38.50091],[-82.66715,38.49435],[-82.66582,38.48921],[-82.66185,38.48634],[-82.66252,38.48384],[-82.65538,38.48153],[-82.65048,38.47736],[-82.6501,38.47146],[-82.66138,38.46395],[-82.66423,38.45979],[-82.67487,38.45242],[-82.67987,38.44772],[-82.68103,38.44399],[-82.68835,38.44752],[-82.69245,38.4455],[-82.69757,38.44598],[-82.70321,38.44452],[-82.70721,38.44032],[-82.70973,38.44677],[-82.71349,38.4475],[-82.71629,38.44285],[-82.71896,38.44176],[-82.71893,38.43473],[-82.72304,38.43248],[-82.7204,38.42971],[-82.72756,38.42279],[-82.73245,38.42522],[-82.737,38.42496],[-82.74005,38.42834],[-82.73801,38.43468],[-82.74481,38.43126],[-82.75576,38.4319],[-82.75873,38.42824],[-82.75751,38.42404],[-82.7588,38.41762],[-82.75809,38.40421],[-82.76049,38.40093],[-82.75758,38.39312],[-82.74825,38.39095],[-82.74559,38.38781],[-82.74007,38.38957],[-82.73519,38.38733],[-82.7178,38.38701],[-82.70873,38.38731],[-82.70271,38.38878],[-82.70493,38.39564],[-82.7115,38.40026],[-82.71478,38.40717],[-82.7144,38.4096],[-82.706,38.4166],[-82.69864,38.41814],[-82.69218,38.41758],[-82.68755,38.41488],[-82.67333,38.41212],[-82.66142,38.40653],[-82.65531,38.39905],[-82.66098,38.39828],[-82.66212,38.39216],[-82.66457,38.38849],[-82.66279,38.3856],[-82.65835,38.38342],[-82.66288,38.38035],[-82.66353,38.37777],[-82.68269,38.37415],[-82.69896,38.36935],[-82.69721,38.35768],[-82.69801,38.35051],[-82.69711,38.34794],[-82.70063,38.34447],[-82.70721,38.34392],[-82.71467,38.33805],[-82.71536,38.33207],[-82.71354,38.32712],[-82.71454,38.3202],[-82.71602,38.3187],[-82.71224,38.31168],[-82.71358,38.30882],[-82.71286,38.30334],[-82.70932,38.3022],[-82.71,38.29853],[-82.7049,38.29401],[-82.70662,38.28729],[-82.7044,38.28584],[-82.70207,38.28008],[-82.70291,38.2759],[-82.70106,38.27266],[-82.70214,38.26969],[-82.69947,38.26191],[-82.70596,38.25282],[-82.71036,38.25416],[-82.71511,38.25047],[-82.72119,38.2499],[-82.7238,38.24378],[-82.73532,38.24243],[-82.73743,38.23723],[-82.74661,38.23888],[-82.75312,38.23661],[-82.76259,38.23469],[-82.77193,38.23712],[-82.778,38.24103],[-82.78205,38.23808],[-82.7858,38.23954],[-82.78658,38.24476],[-82.79326,38.24459],[-82.79464,38.24061],[-82.81072,38.23837],[-82.81411,38.23392],[-82.81691,38.23498],[-82.82111,38.23273],[-82.82407,38.22829],[-82.81487,38.22297],[-82.81239,38.22012],[-82.81411,38.21729],[-82.82364,38.208],[-82.83443,38.20503],[-82.84026,38.20164],[-82.84198,38.19895],[-82.85038,38.19187],[-82.85694,38.19057],[-82.86779,38.19402],[-82.87264,38.19234],[-82.88325,38.19603],[-82.88694,38.19134],[-82.8938,38.18816],[-82.89752,38.1828],[-82.90065,38.18287],[-82.91185,38.17909],[-82.91878,38.17899],[-82.92154,38.17542],[-82.92481,38.17511]]]},"properties":{"STATEFP":"21","SLDLST":"100","AFFGEOID":"620L800US21100","GEOID":"21100","NAME":"100","NAMELSAD":"State House District 100","STUSPS":"KY","STATE_NAME":"Kentucky","LSAD":"LL","LSY":"2022","ALAND":1307281192,"AWATER":16534243}},
{"type":"Feature","geometry":{"type":"Polygon","coordinates":[[[-85.53203,38.23458],[-85.52622,38.22989],[-85.52324,38.2305],[-85.52115,38.22511],[-85.51068,38.22582],[-85.50831,38.22061],[-85.50739,38.21498],[-85.49964,38.20701],[-85.50553,38.20393],[-85.51044,38.20588],[-85.52815,38.20035],[-85.54075,38.19946],[-85.54523,38.21207],[-85.54514,38.21782],[-85.5389,38.21694],[-85.53914,38.22415],[-85.55227,38.22394],[-85.55879,38.2126],[-85.55982,38.20283],[-85.57058,38.20275],[-85.5707,38.19867],[-85.56546,38.19428],[-85.57078,38.18746],[-85.57133,38.17915],[-85.57296,38.17321],[-85.56935,38.16622],[-85.56687,38.16381],[-85.56151,38.16366],[-85.55588,38.16599],[-85.55405,38.16909],[-85.5502,38.16765],[-85.54961,38.18029],[-85.55243,38.18726],[-85.54446,38.1856],[-85.53576,38.18603],[-85.51269,38.1881],[-85.50855,38.18192],[-85.50518,38.18225],[-85.50351,38.17865],[-85.50759,38.17349],[-85.50462,38.16689],[-85.50512,38.16253],[-85.50113,38.16182],[-85.49676,38.15527],[-85.50288,38.15245],[-85.50495,38.15703],[-85.5142,38.15491],[-85.51443,38.15201],[-85.51003,38.14617],[-85.51077,38.14296],[-85.51564,38.14243],[-85.51734,38.13942],[-85.51436,38.13054],[-85.49948,38.12659],[-85.48922,38.12208],[-85.48355,38.12333],[-85.47877,38.1275],[-85.4694,38.12752],[-85.46649,38.134],[-85.45929,38.13282],[-85.45229,38.13311],[-85.44822,38.12966],[-85.43629,38.12906],[-85.42768,38.12582],[-85.42405,38.14744],[-85.40733,38.24843],[-85.40511,38.2624],[-85.4049,38.26373],[-85.46821,38.28531],[-85.49244,38.29854],[-85.49553,38.29774],[-85.49742,38.29299],[-85.5019,38.29341],[-85.50372,38.28719],[-85.51231,38.28946],[-85.51532,38.2816],[-85.5203,38.27471],[-85.5159,38.2601],[-85.51035,38.26075],[-85.502,38.25781],[-85.50251,38.24923],[-85.49673,38.2463],[-85.49872,38.2416],[-85.52041,38.24374],[-85.5315,38.24864],[-85.534,38.24122],[-85.53203,38.23458]]]},"properties":{"STATEFP":"21","SLDLST":"036","AFFGEOID":"620L800US21036","GEOID":"21036","NAME":"36","NAMELSAD":"State House District 36","STUSPS":"KY","STATE_NAME":"Kentucky","LSAD":"LL","LSY":"2022","ALAND":158217653,"AWATER":3072724}},
{"type":"Feature","geometry":{"type":"Polygon","coordinates":[[[-85.99901,37.99998],[-86.01845,37.99653],[-86.02556,37.9945],[-86.03247,37.9901],[-86.03543,37.98136],[-86.03358,37.97023],[-86.03435,37.96462],[-86.03819,37.95959],[-86.04231,37.95817],[-86.05003,37.9605],[-86.058,37.96767],[-86.06486,37.97562],[-86.0699,37.98371],[-86.07593,37.99549],[-86.07939,38.00063],[-86.08634,38.00493],[-86.10417,38.01263],[-86.11752,38.01544],[-86.1283,38.01619],[-86.1479,38.01475],[-86.16531,38.00987],[-86.17656,38.01023],[-86.19093,38.01644],[-86.22071,38.02818],[-86.22333,38.03152],[-86.23345,38.03818],[-86.23334,38.03963],[-86.24693,38.04468],[-86.25926,38.05122],[-86.2672,38.0568],[-86.27138,38.06196],[-86.27358,38.06744],[-86.2777,38.08248],[-86.2791,38.10075],[-86.27536,38.11411],[-86.27027,38.12978],[-86.2706,38.13578],[-86.27285,38.14084],[-86.28711,38.15794],[-86.29574,38.16407],[-86.31714,38.17291],[-86.33348,38.18437],[-86.34774,38.19536],[-86.35772,38.19881],[-86.3675,38.19731],[-86.3738,38.19335],[-86.37815,38.18585],[-86.37858,38.17857],[-86.37743,38.17138],[-86.37174,38.16418],[-86.36605,38.16153],[-86.35755,38.15991],[-86.34486,38.15897],[-86.32803,38.15479],[-86.32393,38.15237],[-86.32119,38.14701],[-86.32385,38.13841],[-86.32911,38.132],[-86.33366,38.12924],[-86.34056,38.12774],[-86.35247,38.12846],[-86.37532,38.13063],[-86.37977,38.12927],[-86.38781,38.12439],[-86.39184,38.11715],[-86.39615,38.10715],[-86.40188,38.10433],[-86.40507,38.1058],[-86.4182,38.11709],[-86.42954,38.12528],[-86.43969,38.12741],[-86.44979,38.12722],[-86.45711,38.12453],[-86.46325,38.11928],[-86.46608,38.11444],[-86.46622,38.10678],[-86.46386,38.10118],[-86.45883,38.09601],[-86.43405,38.08676],[-86.43135,38.08347],[-86.43009,38.07864],[-86.43279,38.06717],[-86.43824,38.06043],[-86.45219,38.05049],[-86.46208,38.04753],[-86.48039,38.04558],[-86.49077,38.04567],[-86.42914,38.00012],[-86.30574,37.91829],[-86.24289,37.87708],[-86.20914,37.84587],[-86.15128,37.79888],[-86.00739,37.81852],[-85.9855,37.8584],[-85.96613,37.86494],[-85.96936,37.86036],[-85.96728,37.85555],[-85.97796,37.84969],[-85.97147,37.84493],[-85.97475,37.83903],[-85.9666,37.83012],[-85.96298,37.82402],[-85.95846,37.82548],[-85.95509,37.82001],[-85.95229,37.82253],[-85.94663,37.81847],[-85.94683,37.81598],[-85.92906,37.82011],[-85.9275,37.81683],[-85.9199,37.81805],[-85.91746,37.81496],[-85.91175,37.8143],[-85.90576,37.818],[-85.90469,37.82651],[-85.90536,37.82912],[-85.91458,37.8317],[-85.91686,37.83494],[-85.92338,37.83784],[-85.93107,37.8474],[-85.93461,37.84797],[-85.94379,37.85292],[-85.94563,37.85598],[-85.94541,37.86147],[-85.95608,37.86184],[-85.96135,37.87342],[-85.96996,37.88373],[-85.98233,37.91025],[-85.99901,37.99998]]]},"properties":{"STATEFP":"21","SLDLST":"027","AFFGEOID":"620L800US21027","GEOID":"21027","NAME":"27","NAMELSAD":"State House District 27","STUSPS":"KY","STATE_NAME":"Kentucky","LSAD":"LL","LSY":"2022","ALAND":814685447,"AWATER":49137993}},
{"type":"Feature","geometry":{"type":"Polygon","coordinates":[[[-84.53297,37.96967],[-84.5345,37.96681],[-84.51859,37.96134],[-84.51436,37.96159],[-84.50962,37.95982],[-84.50436,37.96338],[-84.50403,37.96797],[-84.49682,37.96972],[-84.49447,37.96266],[-84.49115,37.96401],[-84.48834,37.96803],[-84.4829,37.96527],[-84.47558,37.96612],[-84.47615,37.96259],[-84.4873,37.95457],[-84.48401,37.94574],[-84.48058,37.94197],[-84.47822,37.93642],[-84.47373,37.93186],[-84.47196,37.92254],[-84.46657,37.92869],[-84.45607,37.93557],[-84.44997,37.94282],[-84.4562,37.95191],[-84.44855,37.96444],[-84.44779,37.96911],[-84.44464,37.9741],[-84.45829,37.97987],[-84.46103,37.98309],[-84.45676,37.99044],[-84.46053,37.99299],[-84.46354,37.98864],[-84.47189,37.99116],[-84.46565,37.99562],[-84.47356,37.99897],[-84.47582,37.99691],[-84.48119,37.99693],[-84.48204,37.99313],[-84.48701,37.99349],[-84.48939,37.99731],[-84.49538,37.99539],[-84.49397,37.98472],[-84.49816,37.97859],[-84.50314,37.9812],[-84.50939,37.98163],[-84.51124,37.98701],[-84.52377,37.99118],[-84.53297,37.96967]]]},"properties":{"STATEFP":"21","SLDLST":"093","AFFGEOID":"620L800US21093","GEOID":"21093","NAME":"93","NAMELSAD":"State House District 93","STUSPS":"KY","STATE_NAME":"Kentucky","LSAD":"LL","LSY":"2022","ALAND":28637568,"AWATER":97663}},
{"type":"Feature","geometry":{"type":"Polygon","coordinates":[[[-84.49338,38.03812],[-84.49009,38.03121],[-84.49285,38.02167],[-84.48329,38.01709],[-84.48422,38.01503],[-84.47706,38.01224],[-84.46934,38.01695],[-84.46747,38.02063],[-84.4583,38.01263],[-84.45505,38.01344],[-84.45109,38.01139],[-84.44317,38.00983],[-84.43274,38.00911],[-84.42308,38.00987],[-84.41104,38.0213],[-84.40831,38.01817],[-84.40439,38.02104],[-84.40427,38.02654],[-84.3969,38.03215],[-84.39698,38.03604],[-84.41222,38.04027],[-84.42862,38.04169],[-84.42671,38.03783],[-84.43307,38.03225],[-84.43911,38.02987],[-84.44158,38.03165],[-84.44554,38.02871],[-84.45246,38.02921],[-84.45432,38.03779],[-84.45409,38.0429],[-84.44877,38.0425],[-84.45003,38.04763],[-84.44597,38.04982],[-84.4368,38.0502],[-84.42999,38.05367],[-84.43305,38.0579],[-84.44487,38.0666],[-84.42086,38.0749],[-84.42286,38.0788],[-84.43162,38.07692],[-84.44089,38.07705],[-84.45052,38.07875],[-84.44039,38.08537],[-84.4425,38.08964],[-84.44732,38.09429],[-84.45047,38.09221],[-84.46218,38.09718],[-84.4664,38.08888],[-84.46175,38.08412],[-84.45839,38.07701],[-84.46482,38.07847],[-84.47119,38.07856],[-84.4752,38.07246],[-84.48332,38.06681],[-84.48102,38.06207],[-84.47593,38.05658],[-84.47874,38.05489],[-84.47377,38.05066],[-84.47655,38.04891],[-84.47136,38.04502],[-84.47058,38.0417],[-84.47817,38.0411],[-84.4817,38.04244],[-84.491,38.04106],[-84.49338,38.03812]]]},"properties":{"STATEFP":"21","SLDLST":"076","AFFGEOID":"620L800US21076","GEOID":"21076","NAME":"76","NAMELSAD":"State House District 76","STUSPS":"KY","STATE_NAME":"Kentucky","LSAD":"LL","LSY":"2022","ALAND":37864693,"AWATER":7525}},
{"type":"Feature","geometry":{"type":"Polygon","coordinates":[[[-85.73037,38.23453],[-85.72498,38.22919],[-85.73529,38.21889],[-85.73626,38.21479],[-85.73496,38.20968],[-85.73083,38.20729],[-85.72308,38.21079],[-85.7185,38.2047],[-85.71284,38.19925],[-85.70829,38.19977],[-85.70692,38.19375],[-85.70296,38.1976],[-85.69745,38.1969],[-85.69385,38.19304],[-85.69324,38.20086],[-85.68601,38.20087],[-85.68229,38.19797],[-85.67438,38.20316],[-85.68091,38.20534],[-85.67127,38.21128],[-85.66523,38.20387],[-85.66203,38.2069],[-85.66651,38.20895],[-85.65717,38.21402],[-85.65006,38.20527],[-85.64222,38.21022],[-85.63674,38.2069],[-85.6289,38.20969],[-85.62463,38.20649],[-85.62213,38.20716],[-85.61879,38.212],[-85.62398,38.21097],[-85.62686,38.21275],[-85.62501,38.21623],[-85.62578,38.21983],[-85.64625,38.2211],[-85.68143,38.22384],[-85.69343,38.22437],[-85.70516,38.23091],[-85.70359,38.23552],[-85.70808,38.23593],[-85.70527,38.24332],[-85.69873,38.24889],[-85.70171,38.2577],[-85.70908,38.25961],[-85.71702,38.25994],[-85.73137,38.24934],[-85.72896,38.24624],[-85.72598,38.23654],[-85.73037,38.23453]]]},"properties":{"STATEFP":"21","SLDLST":"041","AFFGEOID":"620L800US21041","GEOID":"21041","NAME":"41","NAMELSAD":"State House District 41","STUSPS":"KY","STATE_NAME":"Kentucky","LSAD":"LL","LSY":"2022","ALAND":27420523,"AWATER":167377}},
{"type":"Feature","geometry":{"type":"Polygon","coordinates":[[[-85.63805,38.27846],[-85.63056,38.27057],[-85.63796,38.2663],[-85.64514,38.26898],[-85.64812,38.26826],[-85.63959,38.25763],[-85.63436,38.25577],[-85.63633,38.25008],[-85.63272,38.24549],[-85.63548,38.24406],[-85.63366,38.23859],[-85.62728,38.23315],[-85.62245,38.23775],[-85.5959,38.22896],[-85.59695,38.23328],[-85.60606,38.24603],[-85.6029,38.24854],[-85.5884,38.25591],[-85.58915,38.25763],[-85.59593,38.26064],[-85.60376,38.26904],[-85.59973,38.27234],[-85.58986,38.27601],[-85.58689,38.27494],[-85.58202,38.2689],[-85.56835,38.27238],[-85.57163,38.27871],[-85.57626,38.27959],[-85.57362,38.28422],[-85.57486,38.28663],[-85.55466,38.29579],[-85.51742,38.30617],[-85.51896,38.30884],[-85.5146,38.31101],[-85.52697,38.31795],[-85.53202,38.31753],[-85.55324,38.31744],[-85.56152,38.31561],[-85.56833,38.31205],[-85.57756,38.30515],[-85.5687,38.30497],[-85.5657,38.30099],[-85.56785,38.29818],[-85.57403,38.29683],[-85.58174,38.30237],[-85.58566,38.30294],[-85.59264,38.30038],[-85.58777,38.29407],[-85.58138,38.29096],[-85.58928,38.2872],[-85.59769,38.29796],[-85.6062,38.29234],[-85.6109,38.29247],[-85.61974,38.29051],[-85.62241,38.29613],[-85.62843,38.29292],[-85.63629,38.28722],[-85.63303,38.2832],[-85.63805,38.27846]]]},"properties":{"STATEFP":"21","SLDLST":"032","AFFGEOID":"620L800US21032","GEOID":"21032","NAME":"32","NAMELSAD":"State House District 32","STUSPS":"KY","STATE_NAME":"Kentucky","LSAD":"LL","LSY":"2022","ALAND":36378398,"AWATER":171407}},
{"type":"Feature","geometry":{"type":"Polygon","coordinates":[[[-84.99767,38.33559],[-84.95696,38.33227],[-84.9989,38.27498],[-85.00103,38.22615],[-85.00748,38.17578],[-85.00598,38.17057],[-85.00323,38.16746],[-85.00982,38.16279],[-85.00384,38.16066],[-85.02,38.14152],[-85.01875,38.13631],[-85.02292,38.13378],[-85.02371,38.12905],[-85.00733,38.12961],[-84.99204,38.12621],[-84.96739,38.11927],[-84.958,38.10979],[-84.91912,38.09959],[-84.91339,38.09553],[-84.9078,38.09367],[-84.90207,38.0959],[-84.88744,38.09701],[-84.88466,38.10097],[-84.88132,38.10216],[-84.87843,38.10865],[-84.87173,38.11265],[-84.87235,38.11723],[-84.86491,38.11693],[-84.86337,38.12134],[-84.86513,38.12406],[-84.866,38.13463],[-84.8648,38.14137],[-84.80726,38.16374],[-84.81253,38.17628],[-84.81846,38.18436],[-84.81076,38.19257],[-84.80595,38.20068],[-84.80028,38.20083],[-84.80117,38.20895],[-84.81116,38.21318],[-84.81432,38.21738],[-84.81301,38.22329],[-84.81957,38.22421],[-84.82193,38.22656],[-84.83072,38.22077],[-84.83699,38.22574],[-84.84764,38.23],[-84.85074,38.22498],[-84.84547,38.22485],[-84.84457,38.221],[-84.83929,38.21804],[-84.84146,38.21582],[-84.84567,38.21739],[-84.85281,38.21619],[-84.85543,38.21066],[-84.86066,38.21117],[-84.86797,38.20966],[-84.8684,38.21514],[-84.87274,38.21481],[-84.87372,38.21859],[-84.88398,38.21664],[-84.89262,38.22002],[-84.89688,38.22397],[-84.89919,38.23127],[-84.89118,38.24111],[-84.87912,38.24504],[-84.87582,38.25009],[-84.87788,38.25467],[-84.88465,38.25785],[-84.90152,38.26128],[-84.90337,38.26513],[-84.90178,38.26716],[-84.88489,38.27192],[-84.87147,38.2702],[-84.86449,38.2727],[-84.86297,38.27793],[-84.86763,38.28436],[-84.8754,38.28554],[-84.87836,38.28828],[-84.88205,38.2984],[-84.87313,38.30566],[-84.86853,38.30679],[-84.8561,38.30759],[-84.85217,38.31083],[-84.85403,38.31614],[-84.85792,38.316],[-84.86147,38.31276],[-84.86926,38.31735],[-84.87154,38.32093],[-84.87668,38.32416],[-84.88216,38.32963],[-84.88445,38.33514],[-84.88408,38.35153],[-84.88621,38.35372],[-84.89236,38.3552],[-84.90626,38.37484],[-84.99767,38.33559]]]},"properties":{"STATEFP":"21","SLDLST":"057","AFFGEOID":"620L800US21057","GEOID":"21057","NAME":"57","NAMELSAD":"State House District 57","STUSPS":"KY","STATE_NAME":"Kentucky","LSAD":"LL","LSY":"2022","ALAND":328057737,"AWATER":5913707}},
{"type":"Feature","geometry":{"type":"Polygon","coordinates":[[[-85.97691,36.72272],[-85.97744,36.71588],[-85.96426,36.69108],[-85.95609,36.67053],[-85.9494,36.66165],[-85.95066,36.65102],[-85.9553,36.65036],[-85.96219,36.64413],[-85.97292,36.62852],[-85.95998,36.62812],[-85.87386,36.62364],[-85.83217,36.62205],[-85.80149,36.62242],[-85.78864,36.62185],[-85.73186,36.62043],[-85.67779,36.61816],[-85.55148,36.61573],[-85.48835,36.61499],[-85.43012,36.61895],[-85.33412,36.62295],[-85.32465,36.62455],[-85.3004,36.62444],[-85.29595,36.62584],[-85.24646,36.74396],[-85.2391,36.76983],[-85.2154,36.85447],[-85.22713,36.85124],[-85.23671,36.85333],[-85.24168,36.85584],[-85.24616,36.86139],[-85.2452,36.87018],[-85.24579,36.87503],[-85.24783,36.87762],[-85.27495,36.8979],[-85.23203,36.92507],[-85.21062,36.98003],[-85.20583,36.99686],[-85.18398,37.01809],[-85.16619,37.03327],[-85.13362,37.0735],[-85.09961,37.11447],[-85.08964,37.12555],[-85.04332,37.18603],[-85.05356,37.19675],[-85.0569,37.25704],[-85.11209,37.28209],[-85.14743,37.30443],[-85.16517,37.3104],[-85.17026,37.31212],[-85.1762,37.31226],[-85.18837,37.30696],[-85.18786,37.3016],[-85.18416,37.29635],[-85.18547,37.29147],[-85.19167,37.2848],[-85.19234,37.28005],[-85.19079,37.27674],[-85.19218,37.27258],[-85.19699,37.27122],[-85.1993,37.26775],[-85.20582,37.26555],[-85.21114,37.26769],[-85.2186,37.26621],[-85.22359,37.26249],[-85.24853,37.26418],[-85.25208,37.26065],[-85.25882,37.25943],[-85.26421,37.26286],[-85.27045,37.26252],[-85.27245,37.26003],[-85.294,37.24575],[-85.29771,37.24661],[-85.30207,37.24329],[-85.30681,37.24233],[-85.3113,37.24681],[-85.31466,37.24074],[-85.30944,37.23294],[-85.30777,37.22803],[-85.31028,37.22588],[-85.31723,37.22391],[-85.35277,37.19243],[-85.38026,37.16831],[-85.43384,37.14481],[-85.48189,37.12784],[-85.52688,37.10945],[-85.59096,37.1163],[-85.63231,37.12506],[-85.6609,37.14304],[-85.68648,37.18243],[-85.74422,37.16981],[-85.75931,37.15024],[-85.77696,37.13833],[-85.77177,37.10973],[-85.76247,37.11177],[-85.75609,37.10983],[-85.75848,37.09944],[-85.75928,37.06857],[-85.75543,37.02679],[-85.7504,37.0059],[-85.74618,36.94371],[-85.73925,36.84148],[-85.74993,36.84188],[-85.76708,36.8358],[-85.77229,36.83634],[-85.791,36.82741],[-85.80701,36.82164],[-85.90024,36.76709],[-85.97691,36.72272]]]},"properties":{"STATEFP":"21","SLDLST":"021","AFFGEOID":"620L800US21021","GEOID":"21021","NAME":"21","NAMELSAD":"State House District 21","STUSPS":"KY","STATE_NAME":"Kentucky","LSAD":"LL","LSY":"2022","ALAND":3443557836,"AWATER":43984718}},
{"type":"Feature","geometry":{"type":"Polygon","coordinates":[[[-85.70908,38.25961],[-85.70171,38.2577],[-85.69873,38.24889],[-85.70527,38.24332],[-85.70808,38.23593],[-85.70359,38.23552],[-85.70516,38.23091],[-85.69343,38.22437],[-85.68143,38.22384],[-85.64625,38.2211],[-85.62578,38.21983],[-85.62501,38.21623],[-85.62686,38.21275],[-85.62398,38.21097],[-85.61879,38.212],[-85.61595,38.21022],[-85.60733,38.20972],[-85.59759,38.2109],[-85.59107,38.21551],[-85.59995,38.21862],[-85.60684,38.21898],[-85.61111,38.22482],[-85.62245,38.23775],[-85.62728,38.23315],[-85.63366,38.23859],[-85.63548,38.24406],[-85.63272,38.24549],[-85.63633,38.25008],[-85.63436,38.25577],[-85.63959,38.25763],[-85.64812,38.26826],[-85.64514,38.26898],[-85.63796,38.2663],[-85.63056,38.27057],[-85.63805,38.27846],[-85.65458,38.26966],[-85.6605,38.26729],[-85.67204,38.26419],[-85.67486,38.26794],[-85.68276,38.26641],[-85.68843,38.26381],[-85.69438,38.26985],[-85.69964,38.26746],[-85.70317,38.2702],[-85.70918,38.2662],[-85.70585,38.26279],[-85.70908,38.25961]]]},"properties":{"STATEFP":"21","SLDLST":"034","AFFGEOID":"620L800US21034","GEOID":"21034","NAME":"34","NAMELSAD":"State House District 34","STUSPS":"KY","STATE_NAME":"Kentucky","LSAD":"LL","LSY":"2022","ALAND":35993204,"AWATER":195358}},
{"type":"Feature","geometry":{"type":"Polygon","coordinates":[[[-84.66869,38.99769],[-84.67193,38.99114],[-84.66819,38.98688],[-84.66357,38.98702],[-84.66221,38.98215],[-84.65477,38.98446],[-84.65256,38.98086],[-84.6574,38.97786],[-84.65349,38.97209],[-84.64822,38.97605],[-84.64787,38.98098],[-84.64294,38.98098],[-84.64046,38.97768],[-84.63412,38.98184],[-84.63055,38.9827],[-84.62541,38.98793],[-84.62908,38.99155],[-84.6245,38.99311],[-84.62222,38.98856],[-84.61348,38.99234],[-84.60917,38.95717],[-84.60196,38.95449],[-84.59621,38.94996],[-84.59326,38.94916],[-84.59494,38.96306],[-84.59034,38.96566],[-84.58778,38.9638],[-84.58376,38.96529],[-84.57851,38.96417],[-84.56619,38.96657],[-84.56209,38.97126],[-84.55959,38.96931],[-84.55341,38.97127],[-84.55,38.97515],[-84.55966,38.97932],[-84.56547,38.97858],[-84.57159,38.97576],[-84.57607,38.98089],[-84.56891,38.98452],[-84.56663,38.98712],[-84.56818,38.98988],[-84.56614,38.9928],[-84.57059,38.99628],[-84.57299,38.9945],[-84.58265,39.00697],[-84.58551,39.00758],[-84.59145,39.01753],[-84.59123,39.02051],[-84.58645,39.02201],[-84.58121,39.02661],[-84.57339,39.03038],[-84.57975,39.03834],[-84.57996,39.04353],[-84.58486,39.04102],[-84.58439,39.03597],[-84.58903,39.03727],[-84.59351,39.03098],[-84.60376,39.02139],[-84.61295,39.02587],[-84.61707,39.02178],[-84.61667,39.0185],[-84.62215,39.01713],[-84.62411,39.0134],[-84.62148,39.004],[-84.62624,39.00713],[-84.63149,39.00794],[-84.63298,39.01149],[-84.63879,39.01836],[-84.64439,39.01893],[-84.64414,39.01322],[-84.64975,39.01318],[-84.65471,39.01131],[-84.6576,39.00412],[-84.65652,38.99922],[-84.66234,38.99962],[-84.66869,38.99769]]]},"properties":{"STATEFP":"21","SLDLST":"069","AFFGEOID":"620L800US21069","GEOID":"21069","NAME":"69","NAMELSAD":"State House District 69","STUSPS":"KY","STATE_NAME":"Kentucky","LSAD":"LL","LSY":"2022","ALAND":40376124,"AWATER":351588}},
{"type":"Feature","geometry":{"type":"Polygon","coordinates":[[[-88.4857,36.75033],[-88.4877,36.61193],[-88.48811,36.58906],[-88.48908,36.50107],[-88.45254,36.50087],[-88.45016,36.5011],[-88.41636,36.50076],[-88.3308,36.50053],[-88.17606,36.49902],[-88.12738,36.49854],[-88.0532,36.49713],[-88.0453,36.50408],[-88.03948,36.51041],[-88.03782,36.51385],[-88.03783,36.52102],[-88.03413,36.53112],[-88.03249,36.54066],[-88.03562,36.56174],[-88.03962,36.57278],[-88.0412,36.58412],[-88.04513,36.60294],[-88.05574,36.63047],[-88.0556,36.63571],[-88.05858,36.64332],[-88.0644,36.65085],[-88.06821,36.65975],[-88.07053,36.67812],[-88.04477,36.67798],[-88.01179,36.67703],[-87.87206,36.66509],[-87.84957,36.6637],[-87.8532,36.63325],[-87.7975,36.63474],[-87.80029,36.63983],[-87.80015,36.64705],[-87.79693,36.64807],[-87.79765,36.6546],[-87.80465,36.65698],[-87.80272,36.66957],[-87.79597,36.66903],[-87.79275,36.67621],[-87.7969,36.67734],[-87.79436,36.69766],[-87.79667,36.70171],[-87.80235,36.70372],[-87.80124,36.71158],[-87.80336,36.71872],[-87.80647,36.71818],[-87.79834,36.73416],[-87.79891,36.74307],[-87.80359,36.75475],[-87.80305,36.77092],[-87.80693,36.77942],[-87.80555,36.79349],[-87.80719,36.79958],[-87.80977,36.80294],[-87.81532,36.8192],[-87.81923,36.81843],[-87.82616,36.81976],[-87.82623,36.82316],[-87.83526,36.82865],[-87.84036,36.8345],[-87.84417,36.84105],[-87.8502,36.8458],[-87.84636,36.85307],[-87.84072,36.85687],[-87.83557,36.86456],[-87.83604,36.86661],[-87.83203,36.89345],[-87.83221,36.89629],[-87.83884,36.90968],[-87.85283,36.92074],[-87.85554,36.92593],[-87.86427,36.93021],[-87.87185,36.93734],[-87.877,36.96012],[-87.89067,36.96014],[-88.0027,36.91017],[-88.01241,36.90731],[-88.02781,36.90411],[-88.12147,36.877],[-88.1324,36.87331],[-88.15735,36.86718],[-88.15035,36.85343],[-88.14807,36.84638],[-88.14169,36.83449],[-88.12946,36.80626],[-88.12733,36.79841],[-88.12492,36.78272],[-88.11756,36.76683],[-88.11424,36.7625],[-88.11464,36.7558],[-88.11083,36.74715],[-88.1132,36.74629],[-88.13611,36.74866],[-88.14929,36.74864],[-88.22337,36.75005],[-88.2366,36.74975],[-88.29944,36.75003],[-88.39518,36.75024],[-88.41357,36.75067],[-88.43133,36.74977],[-88.44971,36.7507],[-88.4857,36.75033]]]},"properties":{"STATEFP":"21","SLDLST":"005","AFFGEOID":"620L800US21005","GEOID":"21005","NAME":"5","NAMELSAD":"State House District 5","STUSPS":"KY","STATE_NAME":"Kentucky","LSAD":"LL","LSY":"2022","ALAND":1647544656,"AWATER":165999348}},
{"type":"Feature","geometry":{"type":"Polygon","coordinates":[[[-84.52181,37.99633],[-84.52377,37.99118],[-84.51124,37.98701],[-84.50939,37.98163],[-84.50314,37.9812],[-84.49816,37.97859],[-84.49397,37.98472],[-84.49538,37.99539],[-84.48939,37.99731],[-84.48701,37.99349],[-84.48204,37.99313],[-84.48119,37.99693],[-84.47582,37.99691],[-84.47356,37.99897],[-84.46565,37.99562],[-84.47189,37.99116],[-84.46354,37.98864],[-84.46053,37.99299],[-84.45676,37.99044],[-84.4528,37.99391],[-84.44825,37.99132],[-84.44346,37.99323],[-84.44122,37.98792],[-84.432,37.98909],[-84.42402,37.98979],[-84.42101,37.99335],[-84.41256,37.99707],[-84.42035,37.99955],[-84.42344,38.00197],[-84.4202,38.00709],[-84.42308,38.00987],[-84.43274,38.00911],[-84.44317,38.00983],[-84.45109,38.01139],[-84.45505,38.01344],[-84.4583,38.01263],[-84.46747,38.02063],[-84.46934,38.01695],[-84.47706,38.01224],[-84.48422,38.01503],[-84.48329,38.01709],[-84.49285,38.02167],[-84.49009,38.03121],[-84.49338,38.03812],[-84.49979,38.03783],[-84.50877,38.03152],[-84.51073,38.02812],[-84.51608,38.02931],[-84.52066,38.02031],[-84.51419,38.0184],[-84.52181,37.99633]]]},"properties":{"STATEFP":"21","SLDLST":"079","AFFGEOID":"620L800US21079","GEOID":"21079","NAME":"79","NAMELSAD":"State House District 79","STUSPS":"KY","STATE_NAME":"Kentucky","LSAD":"LL","LSY":"2022","ALAND":26573863,"AWATER":846644}},
{"type":"Feature","geometry":{"type":"Polygon","coordinates":[[[-87.30294,37.89771],[-87.3234,37.81924],[-87.31928,37.81905],[-87.31551,37.81617],[-87.30738,37.81521],[-87.30326,37.81171],[-87.30287,37.80894],[-87.30829,37.80371],[-87.31048,37.79901],[-87.30641,37.79582],[-87.30029,37.79614],[-87.29833,37.79258],[-87.29852,37.78658],[-87.29391,37.78383],[-87.274,37.78426],[-87.27161,37.78012],[-87.28471,37.76986],[-87.28978,37.76108],[-87.30098,37.75359],[-87.32077,37.74252],[-87.33956,37.73913],[-87.37076,37.73781],[-87.37873,37.73489],[-87.38726,37.73002],[-87.39409,37.724],[-87.39534,37.72017],[-87.3939,37.71027],[-87.3961,37.70248],[-87.39846,37.69812],[-87.40529,37.68961],[-87.40855,37.68356],[-87.26161,37.62201],[-87.15982,37.587],[-87.1589,37.58807],[-87.1622,37.62434],[-87.15531,37.62802],[-87.13683,37.62038],[-87.13334,37.62838],[-87.13355,37.63431],[-87.11912,37.63604],[-87.11752,37.63785],[-87.11071,37.63819],[-87.10933,37.63637],[-87.10288,37.63627],[-87.10161,37.63336],[-87.096,37.63238],[-87.09454,37.62959],[-87.08319,37.62848],[-87.0805,37.62931],[-87.05799,37.62748],[-87.05351,37.62934],[-87.04363,37.63047],[-87.03578,37.62822],[-87.02809,37.63671],[-87.01953,37.64927],[-87.0124,37.64802],[-87.0191,37.65878],[-87.01135,37.66487],[-87.00711,37.66405],[-87.00243,37.67521],[-87.01397,37.69578],[-87.02876,37.69869],[-87.02995,37.70016],[-87.05042,37.70541],[-87.02875,37.71504],[-87.02088,37.72091],[-87.01916,37.73779],[-87.03139,37.74215],[-87.04164,37.74419],[-87.04972,37.75028],[-87.05886,37.75325],[-87.06135,37.7472],[-87.06002,37.73735],[-87.06658,37.73449],[-87.0718,37.73995],[-87.08082,37.73567],[-87.072,37.72925],[-87.07455,37.72842],[-87.0781,37.7202],[-87.07791,37.71517],[-87.08567,37.71437],[-87.08739,37.71742],[-87.08431,37.72154],[-87.08428,37.72439],[-87.09258,37.72704],[-87.09006,37.73152],[-87.0963,37.73391],[-87.09899,37.73081],[-87.10594,37.7333],[-87.11038,37.73098],[-87.10694,37.74202],[-87.10649,37.74887],[-87.11331,37.74813],[-87.11542,37.74502],[-87.12159,37.74558],[-87.12545,37.74938],[-87.13069,37.74795],[-87.13138,37.75505],[-87.14637,37.75247],[-87.14615,37.75932],[-87.13787,37.76225],[-87.13949,37.77002],[-87.1344,37.77027],[-87.13547,37.77783],[-87.13284,37.7784],[-87.12809,37.7858],[-87.1342,37.79294],[-87.13704,37.80719],[-87.14151,37.81632],[-87.15626,37.83593],[-87.16475,37.84135],[-87.17036,37.8422],[-87.17584,37.84102],[-87.20387,37.84449],[-87.22034,37.84908],[-87.23459,37.85722],[-87.25647,37.8684],[-87.26798,37.87743],[-87.27317,37.88012],[-87.28042,37.88564],[-87.29831,37.89592],[-87.30294,37.89771]]]},"properties":{"STATEFP":"21","SLDLST":"007","AFFGEOID":"620L800US21007","GEOID":"21007","NAME":"7","NAMELSAD":"State House District 7","STUSPS":"KY","STATE_NAME":"Kentucky","LSAD":"LL","LSY":"2022","ALAND":571179224,"AWATER":23268726}},
{"type":"Feature","geometry":{"type":"Polygon","coordinates":[[[-86.67446,36.99977],[-86.66878,36.98912],[-86.61159,36.88306],[-86.58329,36.83028],[-86.5482,36.8264],[-86.47287,36.81712],[-86.4686,36.82643],[-86.46628,36.83474],[-86.4614,36.84564],[-86.46133,36.85589],[-86.46211,36.8593],[-86.46074,36.87112],[-86.45257,36.8795],[-86.44886,36.89423],[-86.44962,36.90515],[-86.44426,36.9066],[-86.44002,36.91415],[-86.46138,36.93332],[-86.45014,36.93348],[-86.45244,36.9428],[-86.45994,36.94389],[-86.46257,36.94798],[-86.46069,36.95572],[-86.45746,36.95544],[-86.45583,36.9642],[-86.46572,36.96533],[-86.46426,36.96764],[-86.45801,36.96627],[-86.45016,36.96603],[-86.44552,36.97124],[-86.45006,36.97194],[-86.4487,36.97984],[-86.45645,36.97746],[-86.46178,36.9819],[-86.46859,36.98312],[-86.46738,36.98907],[-86.46338,36.98843],[-86.46602,36.99754],[-86.47332,36.99662],[-86.47087,36.99159],[-86.47445,36.98842],[-86.4784,36.98929],[-86.47962,36.99589],[-86.47526,36.99691],[-86.48616,37.00423],[-86.49176,37.0064],[-86.49663,37.00618],[-86.50654,37.00224],[-86.51068,37.00929],[-86.51477,37.01286],[-86.52815,37.02216],[-86.54057,37.0314],[-86.54824,37.03525],[-86.5618,37.03943],[-86.57763,37.04339],[-86.58256,37.04739],[-86.57942,37.04911],[-86.58278,37.05314],[-86.57936,37.05761],[-86.58195,37.05915],[-86.58766,37.05867],[-86.5916,37.06088],[-86.59042,37.06453],[-86.58259,37.06453],[-86.57778,37.0634],[-86.56986,37.06878],[-86.56317,37.06517],[-86.56485,37.07298],[-86.57319,37.07286],[-86.57011,37.07854],[-86.57334,37.08036],[-86.57743,37.07624],[-86.58442,37.07907],[-86.58457,37.0837],[-86.57788,37.08476],[-86.57656,37.08969],[-86.57844,37.10418],[-86.58099,37.10926],[-86.58117,37.11793],[-86.58339,37.12152],[-86.58987,37.12422],[-86.59072,37.12816],[-86.59817,37.13207],[-86.60439,37.14016],[-86.60551,37.14542],[-86.61525,37.15018],[-86.61363,37.15187],[-86.61272,37.15443],[-86.6139,37.15822],[-86.61403,37.16131],[-86.61302,37.16458],[-86.61304,37.16571],[-86.61422,37.16736],[-86.61823,37.16911],[-86.62242,37.17311],[-86.62322,37.18061],[-86.62361,37.17475],[-86.62188,37.17208],[-86.61907,37.16939],[-86.61418,37.16694],[-86.61322,37.1646],[-86.61415,37.16216],[-86.61433,37.15906],[-86.61302,37.15411],[-86.61461,37.15103],[-86.61874,37.14862],[-86.61682,37.14672],[-86.63749,37.09449],[-86.66187,37.03233],[-86.67446,36.99977]]]},"properties":{"STATEFP":"21","SLDLST":"017","AFFGEOID":"620L800US21017","GEOID":"21017","NAME":"17","NAMELSAD":"State House District 17","STUSPS":"KY","STATE_NAME":"Kentucky","LSAD":"LL","LSY":"2022","ALAND":407438907,"AWATER":2851123}},
{"type":"Feature","geometry":{"type":"Polygon","coordinates":[[[-86.46602,36.99754],[-86.46338,36.98843],[-86.46738,36.98907],[-86.46859,36.98312],[-86.46178,36.9819],[-86.45645,36.97746],[-86.4487,36.97984],[-86.45006,36.97194],[-86.44552,36.97124],[-86.45016,36.96603],[-86.45801,36.96627],[-86.46426,36.96764],[-86.46572,36.96533],[-86.45583,36.9642],[-86.45746,36.95544],[-86.46069,36.95572],[-86.46257,36.94798],[-86.45994,36.94389],[-86.45244,36.9428],[-86.45014,36.93348],[-86.46138,36.93332],[-86.44002,36.91415],[-86.43445,36.91196],[-86.42933,36.91596],[-86.40871,36.91109],[-86.39631,36.91108],[-86.39204,36.91444],[-86.38335,36.91729],[-86.3885,36.93018],[-86.39216,36.9349],[-86.38847,36.93806],[-86.37168,36.94218],[-86.36635,36.94189],[-86.35862,36.94367],[-86.34718,36.95178],[-86.35713,36.961],[-86.36539,36.9643],[-86.37262,36.96493],[-86.37735,36.96674],[-86.38002,36.97108],[-86.39074,36.97779],[-86.39163,36.97486],[-86.39891,36.96157],[-86.40479,36.95627],[-86.41085,36.95716],[-86.41205,36.94993],[-86.41733,36.95285],[-86.40944,36.96338],[-86.40636,36.96608],[-86.414,36.96949],[-86.41184,36.97365],[-86.40615,36.97127],[-86.40368,36.96872],[-86.40029,36.9721],[-86.39981,36.97661],[-86.4038,36.98099],[-86.39841,36.98724],[-86.39914,36.99266],[-86.39504,36.99236],[-86.3946,37.00609],[-86.3998,37.00789],[-86.4077,37.00746],[-86.4163,37.00371],[-86.4216,36.99985],[-86.42522,36.99895],[-86.43273,37.00285],[-86.44514,36.99739],[-86.4527,37.00469],[-86.45457,37.00092],[-86.45893,36.9996],[-86.4629,37.00422],[-86.46581,37.00165],[-86.46602,36.99754]]]},"properties":{"STATEFP":"21","SLDLST":"020","AFFGEOID":"620L800US21020","GEOID":"21020","NAME":"20","NAMELSAD":"State House District 20","STUSPS":"KY","STATE_NAME":"Kentucky","LSAD":"LL","LSY":"2022","ALAND":63521247,"AWATER":660527}},
{"type":"Feature","geometry":{"type":"Polygon","coordinates":[[[-85.90608,38.11689],[-85.90423,38.0998],[-85.90527,38.08893],[-85.91201,38.0734],[-85.91384,38.07196],[-85.91537,38.06516],[-85.90727,38.06479],[-85.89063,38.05618],[-85.88537,38.0653],[-85.88476,38.07171],[-85.86763,38.06732],[-85.86631,38.07466],[-85.85985,38.08373],[-85.85891,38.08662],[-85.86471,38.08764],[-85.86433,38.09387],[-85.8616,38.09865],[-85.86268,38.10621],[-85.85932,38.10507],[-85.84477,38.10591],[-85.84105,38.10766],[-85.83523,38.11523],[-85.82449,38.11451],[-85.81895,38.11651],[-85.80678,38.11716],[-85.80275,38.1202],[-85.81407,38.13246],[-85.82143,38.13926],[-85.82408,38.14954],[-85.83634,38.14351],[-85.83958,38.14348],[-85.83456,38.15612],[-85.84851,38.15825],[-85.84684,38.16424],[-85.84851,38.16992],[-85.85327,38.17214],[-85.86237,38.16835],[-85.86775,38.16995],[-85.87034,38.16706],[-85.86554,38.1648],[-85.87013,38.14956],[-85.87175,38.14608],[-85.87423,38.13102],[-85.87747,38.13106],[-85.87862,38.12265],[-85.88471,38.11863],[-85.88492,38.11598],[-85.90608,38.11689]]]},"properties":{"STATEFP":"21","SLDLST":"028","AFFGEOID":"620L800US21028","GEOID":"21028","NAME":"28","NAMELSAD":"State House District 28","STUSPS":"KY","STATE_NAME":"Kentucky","LSAD":"LL","LSY":"2022","ALAND":46263029,"AWATER":2951180}},
{"type":"Feature","geometry":{"type":"Polygon","coordinates":[[[-85.70692,38.19375],[-85.69856,38.18298],[-85.69642,38.18158],[-85.69803,38.17389],[-85.7065,38.17395],[-85.70923,38.1713],[-85.70055,38.16287],[-85.69318,38.15007],[-85.67797,38.14932],[-85.66261,38.14832],[-85.65989,38.14902],[-85.66005,38.16151],[-85.65939,38.17201],[-85.63991,38.17175],[-85.63937,38.1738],[-85.62292,38.17342],[-85.62257,38.17883],[-85.63997,38.18831],[-85.6377,38.18985],[-85.6323,38.18884],[-85.63025,38.19226],[-85.62565,38.19196],[-85.62526,38.19677],[-85.63364,38.19554],[-85.63066,38.20025],[-85.63194,38.2018],[-85.62463,38.20649],[-85.6289,38.20969],[-85.63674,38.2069],[-85.64222,38.21022],[-85.65006,38.20527],[-85.65717,38.21402],[-85.66651,38.20895],[-85.66203,38.2069],[-85.66523,38.20387],[-85.67127,38.21128],[-85.68091,38.20534],[-85.67438,38.20316],[-85.68229,38.19797],[-85.68601,38.20087],[-85.69324,38.20086],[-85.69385,38.19304],[-85.69745,38.1969],[-85.70296,38.1976],[-85.70692,38.19375]]]},"properties":{"STATEFP":"21","SLDLST":"030","AFFGEOID":"620L800US21030","GEOID":"21030","NAME":"30","NAMELSAD":"State House District 30","STUSPS":"KY","STATE_NAME":"Kentucky","LSAD":"LL","LSY":"2022","ALAND":32409472,"AWATER":112290}},
{"type":"Feature","geometry":{"type":"Polygon","coordinates":[[[-85.62245,38.23775],[-85.61111,38.22482],[-85.60684,38.21898],[-85.59995,38.21862],[-85.59107,38.21551],[-85.59759,38.2109],[-85.60733,38.20972],[-85.61595,38.21022],[-85.61879,38.212],[-85.62213,38.20716],[-85.61833,38.20282],[-85.60981,38.19922],[-85.59925,38.19881],[-85.60006,38.19311],[-85.59551,38.19284],[-85.59597,38.18373],[-85.59043,38.18336],[-85.5911,38.17773],[-85.58422,38.174],[-85.57296,38.17321],[-85.57133,38.17915],[-85.57078,38.18746],[-85.56546,38.19428],[-85.5707,38.19867],[-85.57058,38.20275],[-85.55982,38.20283],[-85.55879,38.2126],[-85.55227,38.22394],[-85.53914,38.22415],[-85.5389,38.21694],[-85.54514,38.21782],[-85.54523,38.21207],[-85.54075,38.19946],[-85.52815,38.20035],[-85.51044,38.20588],[-85.50553,38.20393],[-85.49964,38.20701],[-85.50739,38.21498],[-85.50831,38.22061],[-85.51068,38.22582],[-85.52115,38.22511],[-85.52324,38.2305],[-85.52622,38.22989],[-85.53203,38.23458],[-85.5347,38.23598],[-85.53997,38.23508],[-85.54736,38.23815],[-85.55138,38.24438],[-85.58486,38.24703],[-85.5884,38.25591],[-85.6029,38.24854],[-85.60606,38.24603],[-85.59695,38.23328],[-85.5959,38.22896],[-85.62245,38.23775]]]},"properties":{"STATEFP":"21","SLDLST":"031","AFFGEOID":"620L800US21031","GEOID":"21031","NAME":"31","NAMELSAD":"State House District 31","STUSPS":"KY","STATE_NAME":"Kentucky","LSAD":"LL","LSY":"2022","ALAND":41497150,"AWATER":239126}},
{"type":"Feature","geometry":{"type":"Polygon","coordinates":[[[-85.76669,38.18999],[-85.76789,38.18257],[-85.7729,38.17603],[-85.77697,38.17297],[-85.77394,38.16776],[-85.76952,38.16331],[-85.7723,38.16128],[-85.77755,38.16157],[-85.77618,38.1579],[-85.76656,38.15123],[-85.76413,38.14832],[-85.77455,38.14276],[-85.76905,38.14171],[-85.7677,38.13649],[-85.76457,38.13764],[-85.76187,38.13089],[-85.75235,38.1356],[-85.74877,38.12629],[-85.74045,38.12831],[-85.73719,38.11619],[-85.73246,38.1176],[-85.72381,38.11597],[-85.70693,38.11606],[-85.70159,38.11803],[-85.68408,38.11599],[-85.67725,38.11806],[-85.66871,38.11936],[-85.66301,38.12859],[-85.66742,38.13043],[-85.66946,38.13777],[-85.67514,38.13801],[-85.67468,38.14709],[-85.67797,38.14932],[-85.69318,38.15007],[-85.70055,38.16287],[-85.70923,38.1713],[-85.7065,38.17395],[-85.69803,38.17389],[-85.69642,38.18158],[-85.69856,38.18298],[-85.70692,38.19375],[-85.70829,38.19977],[-85.71284,38.19925],[-85.7185,38.2047],[-85.72308,38.21079],[-85.73083,38.20729],[-85.73531,38.20341],[-85.72696,38.19056],[-85.74088,38.19062],[-85.74374,38.19431],[-85.75556,38.19385],[-85.75462,38.19034],[-85.76669,38.18999]]]},"properties":{"STATEFP":"21","SLDLST":"035","AFFGEOID":"620L800US21035","GEOID":"21035","NAME":"35","NAMELSAD":"State House District 35","STUSPS":"KY","STATE_NAME":"Kentucky","LSAD":"LL","LSY":"2022","ALAND":58876754,"AWATER":397569}},
{"type":"Feature","geometry":{"type":"Polygon","coordinates":[[[-85.94711,38.00509],[-85.94504,38.00243],[-85.93464,37.99722],[-85.92297,38.00836],[-85.91387,38.01084],[-85.91537,38.01394],[-85.91279,38.02065],[-85.90639,38.02519],[-85.90305,38.02951],[-85.89757,38.02973],[-85.88349,38.03758],[-85.8828,38.04055],[-85.87697,38.04182],[-85.74562,38.07814],[-85.71258,38.08731],[-85.69931,38.08617],[-85.69463,38.08003],[-85.68258,38.07627],[-85.66231,38.08017],[-85.65545,38.08238],[-85.643,38.08131],[-85.64449,38.08414],[-85.64206,38.08758],[-85.64243,38.09196],[-85.63634,38.09383],[-85.63657,38.09964],[-85.63374,38.10999],[-85.64695,38.11059],[-85.64668,38.11787],[-85.64842,38.12173],[-85.64315,38.12284],[-85.64186,38.13948],[-85.64371,38.1402],[-85.64354,38.14696],[-85.65991,38.14861],[-85.66011,38.14478],[-85.66907,38.14529],[-85.67468,38.14709],[-85.67514,38.13801],[-85.66946,38.13777],[-85.66742,38.13043],[-85.66301,38.12859],[-85.66871,38.11936],[-85.67725,38.11806],[-85.68408,38.11599],[-85.70159,38.11803],[-85.70693,38.11606],[-85.72381,38.11597],[-85.73246,38.1176],[-85.73719,38.11619],[-85.74045,38.12831],[-85.74877,38.12629],[-85.75074,38.12105],[-85.75759,38.12014],[-85.75489,38.1174],[-85.74804,38.11768],[-85.74773,38.11257],[-85.75871,38.10499],[-85.76669,38.11174],[-85.77297,38.11313],[-85.78013,38.11254],[-85.78815,38.1172],[-85.79527,38.11918],[-85.80598,38.11179],[-85.80573,38.10979],[-85.81125,38.10745],[-85.81246,38.1042],[-85.82011,38.09284],[-85.82401,38.09424],[-85.82471,38.09965],[-85.84139,38.09003],[-85.84938,38.0883],[-85.85403,38.08861],[-85.85891,38.08662],[-85.85985,38.08373],[-85.86631,38.07466],[-85.86763,38.06732],[-85.88476,38.07171],[-85.88537,38.0653],[-85.89063,38.05618],[-85.90727,38.06479],[-85.91537,38.06516],[-85.91891,38.0412],[-85.92127,38.03032],[-85.92565,38.02178],[-85.93122,38.01602],[-85.94222,38.00727],[-85.94711,38.00509]]]},"properties":{"STATEFP":"21","SLDLST":"037","AFFGEOID":"620L800US21037","GEOID":"21037","NAME":"37","NAMELSAD":"State House District 37","STUSPS":"KY","STATE_NAME":"Kentucky","LSAD":"LL","LSY":"2022","ALAND":109657181,"AWATER":4544064}},
{"type":"Feature","geometry":{"type":"Polygon","coordinates":[[[-85.79662,38.23409],[-85.79818,38.23343],[-85.80017,38.22371],[-85.80932,38.2244],[-85.81797,38.21543],[-85.80715,38.20958],[-85.80748,38.20663],[-85.81291,38.20508],[-85.81116,38.20168],[-85.8119,38.1944],[-85.81486,38.19453],[-85.81536,38.18973],[-85.83021,38.18991],[-85.82811,38.18722],[-85.82859,38.18196],[-85.81813,38.18325],[-85.81605,38.18093],[-85.82372,38.17399],[-85.81952,38.17124],[-85.81258,38.18052],[-85.80341,38.17942],[-85.79919,38.18126],[-85.80111,38.18631],[-85.79351,38.18684],[-85.79219,38.18378],[-85.79274,38.17557],[-85.78844,38.17701],[-85.78273,38.17673],[-85.78406,38.18535],[-85.78346,38.18894],[-85.76669,38.18999],[-85.75462,38.19034],[-85.75556,38.19385],[-85.74374,38.19431],[-85.74088,38.19062],[-85.72696,38.19056],[-85.73531,38.20341],[-85.73083,38.20729],[-85.73496,38.20968],[-85.73828,38.20805],[-85.74185,38.21359],[-85.747,38.21137],[-85.75156,38.21162],[-85.75939,38.21552],[-85.76384,38.21497],[-85.77153,38.22272],[-85.769,38.22676],[-85.76356,38.22618],[-85.76302,38.2293],[-85.78099,38.231],[-85.78976,38.23007],[-85.79001,38.23266],[-85.79662,38.23409]]]},"properties":{"STATEFP":"21","SLDLST":"040","AFFGEOID":"620L800US21040","GEOID":"21040","NAME":"40","NAMELSAD":"State House District 40","STUSPS":"KY","STATE_NAME":"Kentucky","LSAD":"LL","LSY":"2022","ALAND":28535955,"AWATER":23597}},
{"type":"Feature","geometry":{"type":"Polygon","coordinates":[[[-85.70399,38.28563],[-85.74086,38.26787],[-85.75147,38.268],[-85.76093,38.27198],[-85.76716,38.27732],[-85.76599,38.28034],[-85.77227,38.28559],[-85.78103,38.28848],[-85.7869,38.28853],[-85.79727,38.2857],[-85.8174,38.28239],[-85.82453,38.2799],[-85.82922,38.27651],[-85.83617,38.26529],[-85.83763,38.25924],[-85.83742,38.25091],[-85.82697,38.25053],[-85.82585,38.25651],[-85.80753,38.25446],[-85.80314,38.25619],[-85.79426,38.2552],[-85.79209,38.2514],[-85.7882,38.24922],[-85.78205,38.249],[-85.76005,38.2462],[-85.76065,38.23917],[-85.75466,38.23839],[-85.75534,38.23456],[-85.74947,38.23405],[-85.75,38.23099],[-85.74042,38.23038],[-85.73725,38.22837],[-85.73037,38.23453],[-85.72598,38.23654],[-85.72896,38.24624],[-85.73137,38.24934],[-85.71702,38.25994],[-85.70908,38.25961],[-85.70585,38.26279],[-85.70918,38.2662],[-85.70317,38.2702],[-85.69964,38.26746],[-85.69438,38.26985],[-85.68843,38.26381],[-85.68276,38.26641],[-85.6884,38.26881],[-85.68886,38.27217],[-85.69801,38.27823],[-85.70399,38.28563]]]},"properties":{"STATEFP":"21","SLDLST":"043","AFFGEOID":"620L800US21043","GEOID":"21043","NAME":"43","NAMELSAD":"State House District 43","STUSPS":"KY","STATE_NAME":"Kentucky","LSAD":"LL","LSY":"2022","ALAND":29037340,"AWATER":11284399}},
{"type":"Feature","geometry":{"type":"Polygon","coordinates":[[[-84.62909,38.10441],[-84.6445,38.05778],[-84.6575,38.01784],[-84.66013,38.00375],[-84.61039,37.99078],[-84.60466,37.98958],[-84.61228,37.97424],[-84.61699,37.97216],[-84.63036,37.94925],[-84.63968,37.94158],[-84.62768,37.93533],[-84.63405,37.92932],[-84.63506,37.92616],[-84.64209,37.91987],[-84.64178,37.91406],[-84.64808,37.90939],[-84.65625,37.90792],[-84.63748,37.89148],[-84.6449,37.88161],[-84.64732,37.87968],[-84.66026,37.86401],[-84.64508,37.86341],[-84.64189,37.86402],[-84.63431,37.86448],[-84.62416,37.8749],[-84.61902,37.87505],[-84.6137,37.88569],[-84.60424,37.88587],[-84.60607,37.89293],[-84.60601,37.90554],[-84.60796,37.91012],[-84.60189,37.91888],[-84.59146,37.92418],[-84.58706,37.92447],[-84.58157,37.92145],[-84.57495,37.92146],[-84.56277,37.91524],[-84.55806,37.93315],[-84.54956,37.92926],[-84.54818,37.93686],[-84.54449,37.94537],[-84.53565,37.96318],[-84.54507,37.96705],[-84.54591,37.97346],[-84.53297,37.96967],[-84.52377,37.99118],[-84.52181,37.99633],[-84.54412,38.00396],[-84.54954,38.00952],[-84.55378,38.02181],[-84.5618,38.0285],[-84.56732,38.03517],[-84.56358,38.03686],[-84.55367,38.03344],[-84.55261,38.04481],[-84.55425,38.04666],[-84.56573,38.04574],[-84.56205,38.05127],[-84.55675,38.05602],[-84.56057,38.058],[-84.57757,38.058],[-84.58584,38.05898],[-84.59988,38.06657],[-84.60519,38.06566],[-84.61081,38.06696],[-84.6179,38.07211],[-84.62564,38.0858],[-84.6261,38.09015],[-84.63028,38.09338],[-84.62611,38.10258],[-84.62909,38.10441]]]},"properties":{"STATEFP":"21","SLDLST":"045","AFFGEOID":"620L800US21045","GEOID":"21045","NAME":"45","NAMELSAD":"State House District 45","STUSPS":"KY","STATE_NAME":"Kentucky","LSAD":"LL","LSY":"2022","ALAND":148052175,"AWATER":732095}},
{"type":"Feature","geometry":{"type":"Polygon","coordinates":[[[-85.67797,38.14932],[-85.67468,38.14709],[-85.66907,38.14529],[-85.66011,38.14478],[-85.65991,38.14861],[-85.64354,38.14696],[-85.64371,38.1402],[-85.64186,38.13948],[-85.64315,38.12284],[-85.63895,38.12391],[-85.63404,38.12308],[-85.62092,38.12683],[-85.61428,38.1281],[-85.61344,38.13764],[-85.60339,38.13859],[-85.60062,38.13988],[-85.60129,38.14372],[-85.60679,38.14398],[-85.60624,38.14898],[-85.6022,38.1488],[-85.59845,38.15118],[-85.59763,38.15542],[-85.59205,38.15517],[-85.58805,38.15983],[-85.57231,38.15654],[-85.57125,38.16368],[-85.56935,38.16622],[-85.57296,38.17321],[-85.58422,38.174],[-85.5911,38.17773],[-85.59043,38.18336],[-85.59597,38.18373],[-85.59551,38.19284],[-85.60006,38.19311],[-85.59925,38.19881],[-85.60981,38.19922],[-85.61833,38.20282],[-85.62213,38.20716],[-85.62463,38.20649],[-85.63194,38.2018],[-85.63066,38.20025],[-85.63364,38.19554],[-85.62526,38.19677],[-85.62565,38.19196],[-85.63025,38.19226],[-85.6323,38.18884],[-85.6377,38.18985],[-85.63997,38.18831],[-85.62257,38.17883],[-85.62292,38.17342],[-85.63937,38.1738],[-85.63991,38.17175],[-85.65939,38.17201],[-85.66005,38.16151],[-85.65989,38.14902],[-85.66261,38.14832],[-85.67797,38.14932]]]},"properties":{"STATEFP":"21","SLDLST":"046","AFFGEOID":"620L800US21046","GEOID":"21046","NAME":"46","NAMELSAD":"State House District 46","STUSPS":"KY","STATE_NAME":"Kentucky","LSAD":"LL","LSY":"2022","ALAND":36267710,"AWATER":204789}},
{"type":"Feature","geometry":{"type":"Polygon","coordinates":[[[-85.43325,38.52468],[-85.43844,38.52193],[-85.45855,38.51468],[-85.46686,38.51084],[-85.47512,38.50369],[-85.47947,38.49453],[-85.48125,38.48837],[-85.49142,38.4747],[-85.49887,38.46824],[-85.5094,38.46349],[-85.52479,38.45764],[-85.53821,38.45521],[-85.55241,38.45361],[-85.57491,38.45258],[-85.58603,38.45009],[-85.5971,38.4451],[-85.60446,38.44082],[-85.61828,38.42635],[-85.62406,38.41233],[-85.62996,38.40231],[-85.63294,38.39567],[-85.63786,38.38025],[-85.62537,38.37342],[-85.56941,38.34175],[-85.57837,38.34102],[-85.58527,38.33943],[-85.57473,38.33398],[-85.56132,38.33712],[-85.54536,38.32825],[-85.53357,38.33362],[-85.51721,38.33694],[-85.50139,38.34151],[-85.48061,38.35217],[-85.4723,38.34874],[-85.4687,38.34598],[-85.46456,38.33879],[-85.45079,38.34293],[-85.44749,38.34233],[-85.43482,38.34607],[-85.42659,38.34349],[-85.41459,38.34998],[-85.4073,38.35035],[-85.39889,38.3496],[-85.39225,38.35264],[-85.37207,38.35638],[-85.36757,38.35122],[-85.36821,38.34761],[-85.3664,38.3424],[-85.36104,38.33963],[-85.34962,38.33071],[-85.35915,38.32144],[-85.36602,38.32019],[-85.37178,38.31793],[-85.37777,38.31785],[-85.37599,38.31324],[-85.3778,38.31017],[-85.38376,38.31047],[-85.3861,38.30804],[-85.3518,38.30306],[-85.32456,38.31009],[-85.28308,38.35805],[-85.29556,38.37391],[-85.32511,38.40408],[-85.33178,38.44311],[-85.34608,38.45954],[-85.31508,38.4921],[-85.31559,38.49593],[-85.32377,38.50082],[-85.3389,38.50281],[-85.34299,38.50561],[-85.35122,38.50899],[-85.35656,38.50971],[-85.3651,38.50753],[-85.37097,38.51073],[-85.37284,38.51504],[-85.37874,38.51882],[-85.39077,38.51565],[-85.39547,38.51807],[-85.40185,38.51865],[-85.41319,38.51788],[-85.42229,38.5209],[-85.42907,38.5196],[-85.43325,38.52468]]]},"properties":{"STATEFP":"21","SLDLST":"059","AFFGEOID":"620L800US21059","GEOID":"21059","NAME":"59","NAMELSAD":"State House District 59","STUSPS":"KY","STATE_NAME":"Kentucky","LSAD":"LL","LSY":"2022","ALAND":413101899,"AWATER":22332932}},
{"type":"Feature","geometry":{"type":"Polygon","coordinates":[[[-84.56614,38.9928],[-84.56818,38.98988],[-84.56663,38.98712],[-84.56891,38.98452],[-84.57607,38.98089],[-84.57159,38.97576],[-84.56547,38.97858],[-84.55966,38.97932],[-84.55,38.97515],[-84.55341,38.97127],[-84.55959,38.96931],[-84.56209,38.97126],[-84.56619,38.96657],[-84.57851,38.96417],[-84.58376,38.96529],[-84.58778,38.9638],[-84.59034,38.96566],[-84.59494,38.96306],[-84.59326,38.94916],[-84.57172,38.9371],[-84.56977,38.93447],[-84.56002,38.93211],[-84.5578,38.93715],[-84.55008,38.94226],[-84.54451,38.94212],[-84.54346,38.93508],[-84.54519,38.93036],[-84.54217,38.92775],[-84.5333,38.92675],[-84.52741,38.92703],[-84.52161,38.92565],[-84.51764,38.92145],[-84.51393,38.92356],[-84.50867,38.93178],[-84.50261,38.93293],[-84.49676,38.9366],[-84.49522,38.93912],[-84.4856,38.94362],[-84.48304,38.94769],[-84.47858,38.94277],[-84.47334,38.94228],[-84.4701,38.9481],[-84.46388,38.95202],[-84.46175,38.94945],[-84.44941,38.94987],[-84.44301,38.95536],[-84.44192,38.95991],[-84.43781,38.96606],[-84.42987,38.97318],[-84.42694,38.97835],[-84.42729,38.98086],[-84.4347,38.98524],[-84.44037,38.98442],[-84.44601,38.98059],[-84.45019,38.97563],[-84.45284,38.9677],[-84.4548,38.96546],[-84.45933,38.96529],[-84.46364,38.96756],[-84.4664,38.9724],[-84.46488,38.98004],[-84.46164,38.98391],[-84.45295,38.9912],[-84.45062,38.99642],[-84.45441,39.0001],[-84.46396,39.00408],[-84.47333,39.00451],[-84.48115,39.013],[-84.48525,39.0154],[-84.4892,39.02122],[-84.49005,39.03075],[-84.48522,39.04102],[-84.48812,39.04591],[-84.49316,39.04939],[-84.49721,39.05515],[-84.49774,39.05853],[-84.49384,39.06825],[-84.50094,39.06976],[-84.50279,39.07444],[-84.50928,39.07384],[-84.50763,39.06759],[-84.51498,39.06443],[-84.5043,39.05014],[-84.50325,39.04746],[-84.51125,39.03404],[-84.51454,39.02189],[-84.52455,39.0154],[-84.52416,39.008],[-84.52059,38.99303],[-84.51478,38.98589],[-84.50996,38.98325],[-84.50907,38.97895],[-84.51365,38.97872],[-84.51365,38.97562],[-84.52513,38.97589],[-84.54015,38.98105],[-84.53945,38.98365],[-84.53304,38.98811],[-84.53613,38.99521],[-84.546,38.99516],[-84.55004,39.00077],[-84.55758,39.00134],[-84.55732,39.00561],[-84.56265,39.00402],[-84.56273,38.9951],[-84.56614,38.9928]]]},"properties":{"STATEFP":"21","SLDLST":"064","AFFGEOID":"620L800US21064","GEOID":"21064","NAME":"64","NAMELSAD":"State House District 64","STUSPS":"KY","STATE_NAME":"Kentucky","LSAD":"LL","LSY":"2022","ALAND":88923039,"AWATER":1842263}},
{"type":"Feature","geometry":{"type":"Polygon","coordinates":[[[-84.50608,39.09508],[-84.50338,39.09088],[-84.50437,39.08585],[-84.49382,39.07263],[-84.49384,39.06825],[-84.49774,39.05853],[-84.49721,39.05515],[-84.49316,39.04939],[-84.48812,39.04591],[-84.48522,39.04102],[-84.49005,39.03075],[-84.4892,39.02122],[-84.48525,39.0154],[-84.48115,39.013],[-84.47333,39.00451],[-84.46396,39.00408],[-84.45441,39.0001],[-84.45062,38.99642],[-84.45295,38.9912],[-84.46164,38.98391],[-84.46488,38.98004],[-84.4664,38.9724],[-84.46364,38.96756],[-84.45933,38.96529],[-84.4548,38.96546],[-84.45284,38.9677],[-84.45019,38.97563],[-84.44601,38.98059],[-84.44037,38.98442],[-84.4347,38.98524],[-84.42729,38.98086],[-84.42694,38.97835],[-84.42987,38.97318],[-84.43781,38.96606],[-84.44192,38.95991],[-84.44301,38.95536],[-84.44941,38.94987],[-84.46175,38.94945],[-84.46344,38.9465],[-84.45647,38.94252],[-84.44682,38.94869],[-84.44349,38.95201],[-84.43811,38.96134],[-84.43237,38.96508],[-84.43082,38.96806],[-84.42047,38.97796],[-84.42007,38.98519],[-84.41708,38.98394],[-84.41234,38.99005],[-84.40529,38.99675],[-84.40949,39.00027],[-84.41435,39.00187],[-84.43229,39.00232],[-84.46917,39.00969],[-84.46677,39.01281],[-84.4542,39.01807],[-84.45499,39.02577],[-84.44675,39.03078],[-84.442,39.032],[-84.44229,39.04018],[-84.44883,39.04118],[-84.44681,39.04419],[-84.45225,39.04856],[-84.44756,39.0514],[-84.45262,39.05423],[-84.45723,39.05241],[-84.46046,39.05394],[-84.46267,39.05781],[-84.45662,39.06205],[-84.45113,39.07044],[-84.45502,39.07288],[-84.46086,39.07301],[-84.46678,39.07977],[-84.46123,39.09162],[-84.46695,39.09712],[-84.4631,39.09998],[-84.46323,39.10351],[-84.45855,39.10732],[-84.45953,39.11132],[-84.45086,39.10901],[-84.4449,39.10622],[-84.44024,39.10908],[-84.44524,39.11446],[-84.45534,39.12036],[-84.46204,39.12176],[-84.47054,39.12146],[-84.48094,39.11676],[-84.48774,39.11076],[-84.49374,39.10246],[-84.50206,39.09664],[-84.50608,39.09508]]]},"properties":{"STATEFP":"21","SLDLST":"067","AFFGEOID":"620L800US21067","GEOID":"21067","NAME":"67","NAMELSAD":"State House District 67","STUSPS":"KY","STATE_NAME":"Kentucky","LSAD":"LL","LSY":"2022","ALAND":49644644,"AWATER":3747273}},
{"type":"Feature","geometry":{"type":"Polygon","coordinates":[[[-84.44024,39.10908],[-84.4449,39.10622],[-84.45086,39.10901],[-84.45953,39.11132],[-84.45855,39.10732],[-84.46323,39.10351],[-84.4631,39.09998],[-84.46695,39.09712],[-84.46123,39.09162],[-84.46678,39.07977],[-84.46086,39.07301],[-84.45502,39.07288],[-84.45113,39.07044],[-84.45662,39.06205],[-84.46267,39.05781],[-84.46046,39.05394],[-84.45723,39.05241],[-84.45262,39.05423],[-84.44756,39.0514],[-84.45225,39.04856],[-84.44681,39.04419],[-84.44883,39.04118],[-84.44229,39.04018],[-84.442,39.032],[-84.44675,39.03078],[-84.45499,39.02577],[-84.4542,39.01807],[-84.46677,39.01281],[-84.46917,39.00969],[-84.43229,39.00232],[-84.41435,39.00187],[-84.40949,39.00027],[-84.40529,38.99675],[-84.41234,38.99005],[-84.41708,38.98394],[-84.41185,38.97804],[-84.41342,38.97349],[-84.40923,38.96523],[-84.40063,38.96371],[-84.40078,38.96018],[-84.3931,38.95767],[-84.39437,38.93666],[-84.39206,38.92444],[-84.38581,38.91132],[-84.39221,38.907],[-84.38875,38.901],[-84.38875,38.8932],[-84.38612,38.88989],[-84.38884,38.8797],[-84.39288,38.87503],[-84.39459,38.86758],[-84.38828,38.85871],[-84.36606,38.83352],[-84.36526,38.82442],[-84.36275,38.82223],[-84.23191,38.87483],[-84.23234,38.88432],[-84.23445,38.89323],[-84.24565,38.90704],[-84.25701,38.92321],[-84.2608,38.92659],[-84.27491,38.94151],[-84.27992,38.94517],[-84.28816,38.95579],[-84.29508,38.9683],[-84.29647,38.98531],[-84.29936,38.99598],[-84.3047,39.00646],[-84.31368,39.01698],[-84.32654,39.02746],[-84.33634,39.03286],[-84.34604,39.03696],[-84.36044,39.04136],[-84.38684,39.04516],[-84.40094,39.04636],[-84.40694,39.04566],[-84.42147,39.05094],[-84.42791,39.05496],[-84.42984,39.05826],[-84.43314,39.07296],[-84.43294,39.08396],[-84.43464,39.08686],[-84.43284,39.09426],[-84.43554,39.10226],[-84.44024,39.10908]]]},"properties":{"STATEFP":"21","SLDLST":"068","AFFGEOID":"620L800US21068","GEOID":"21068","NAME":"68","NAMELSAD":"State House District 68","STUSPS":"KY","STATE_NAME":"Kentucky","LSAD":"LL","LSY":"2022","ALAND":250608281,"AWATER":16228228}},
{"type":"Feature","geometry":{"type":"Polygon","coordinates":[[[-84.69248,39.10748],[-84.70195,39.11896],[-84.71405,39.13266],[-84.71855,39.13706],[-84.72615,39.14196],[-84.73205,39.14446],[-84.74415,39.14746],[-84.75445,39.14666],[-84.76675,39.13856],[-84.78399,39.11806],[-84.79382,39.11294],[-84.81075,39.10914],[-84.81377,39.10649],[-84.82016,39.10548],[-84.83243,39.10049],[-84.84458,39.09196],[-84.84982,39.08649],[-84.86069,39.07814],[-84.87298,39.07207],[-84.88066,39.06997],[-84.88887,39.06638],[-84.89691,39.05747],[-84.89673,39.0533],[-84.89316,39.04904],[-84.88566,39.03749],[-84.87911,39.0337],[-84.87182,39.02776],[-84.85061,39.00469],[-84.84774,38.99801],[-84.83712,38.98806],[-84.83062,38.9749],[-84.82986,38.96939],[-84.83262,38.96146],[-84.83516,38.95796],[-84.84416,38.95097],[-84.84932,38.94827],[-84.85374,38.94294],[-84.86473,38.93489],[-84.87076,38.92923],[-84.87776,38.92036],[-84.87927,38.91612],[-84.87703,38.90902],[-84.87012,38.90039],[-84.86076,38.89765],[-84.83047,38.89726],[-84.81694,38.89507],[-84.81275,38.89513],[-84.80108,38.89134],[-84.80278,38.89658],[-84.79971,38.90128],[-84.79957,38.9052],[-84.80396,38.90693],[-84.80393,38.91859],[-84.79938,38.92467],[-84.79663,38.93074],[-84.79099,38.93155],[-84.79256,38.93613],[-84.78788,38.94062],[-84.77792,38.94464],[-84.77188,38.94553],[-84.77125,38.94884],[-84.7647,38.95135],[-84.76014,38.95514],[-84.7501,38.95585],[-84.74221,38.95503],[-84.74046,38.96173],[-84.7425,38.96425],[-84.7375,38.9682],[-84.73658,38.97094],[-84.71941,38.98261],[-84.7196,38.97552],[-84.70344,38.97441],[-84.70152,38.97885],[-84.69547,38.9768],[-84.69228,38.97922],[-84.68559,38.98072],[-84.68602,38.98452],[-84.69217,38.98594],[-84.69589,38.98939],[-84.69704,38.99383],[-84.6949,38.99879],[-84.69584,39.00094],[-84.69192,39.00543],[-84.69094,39.01065],[-84.68574,39.02029],[-84.68123,39.02563],[-84.67849,39.02648],[-84.67172,39.03339],[-84.67379,39.04357],[-84.67652,39.0445],[-84.67931,39.05179],[-84.67691,39.05268],[-84.65498,39.06933],[-84.65112,39.0729],[-84.66252,39.07678],[-84.67112,39.07408],[-84.68266,39.07587],[-84.70204,39.08178],[-84.7094,39.08135],[-84.71272,39.09018],[-84.70343,39.09384],[-84.70203,39.09968],[-84.69248,39.10748]]]},"properties":{"STATEFP":"21","SLDLST":"066","AFFGEOID":"620L800US21066","GEOID":"21066","NAME":"66","NAMELSAD":"State House District 66","STUSPS":"KY","STATE_NAME":"Kentucky","LSAD":"LL","LSY":"2022","ALAND":287244864,"AWATER":20956105}},
{"type":"Feature","geometry":{"type":"Polygon","coordinates":[[[-84.61902,37.87505],[-84.62035,37.87228],[-84.6115,37.87156],[-84.59766,37.87237],[-84.5974,37.87737],[-84.59387,37.87633],[-84.58116,37.87551],[-84.57571,37.87326],[-84.58403,37.85319],[-84.58007,37.85065],[-84.5689,37.84776],[-84.56574,37.84035],[-84.55862,37.83593],[-84.55428,37.83455],[-84.55457,37.84078],[-84.56096,37.84532],[-84.55478,37.84928],[-84.55551,37.85322],[-84.54924,37.85589],[-84.55438,37.86557],[-84.5592,37.86515],[-84.55693,37.87518],[-84.55132,37.87422],[-84.54945,37.87763],[-84.53544,37.87271],[-84.53611,37.87065],[-84.52711,37.86896],[-84.52499,37.87235],[-84.5164,37.86883],[-84.51369,37.86348],[-84.51525,37.86164],[-84.50975,37.8586],[-84.5019,37.86001],[-84.49904,37.85491],[-84.48767,37.85224],[-84.48666,37.85428],[-84.47726,37.85259],[-84.47286,37.85306],[-84.4639,37.84405],[-84.45486,37.84031],[-84.44683,37.8404],[-84.44144,37.8425],[-84.43572,37.8472],[-84.43801,37.84874],[-84.43475,37.85589],[-84.4376,37.86211],[-84.4344,37.86845],[-84.43736,37.8712],[-84.44356,37.88107],[-84.44309,37.88724],[-84.44822,37.89372],[-84.45225,37.90492],[-84.45265,37.90881],[-84.46213,37.91425],[-84.46583,37.91875],[-84.47169,37.92011],[-84.47196,37.92254],[-84.47373,37.93186],[-84.47822,37.93642],[-84.48058,37.94197],[-84.48401,37.94574],[-84.4873,37.95457],[-84.47615,37.96259],[-84.47558,37.96612],[-84.4829,37.96527],[-84.48834,37.96803],[-84.49115,37.96401],[-84.49447,37.96266],[-84.49682,37.96972],[-84.50403,37.96797],[-84.50436,37.96338],[-84.50962,37.95982],[-84.51436,37.96159],[-84.51859,37.96134],[-84.5345,37.96681],[-84.53297,37.96967],[-84.54591,37.97346],[-84.54507,37.96705],[-84.53565,37.96318],[-84.54449,37.94537],[-84.54818,37.93686],[-84.54956,37.92926],[-84.55806,37.93315],[-84.56277,37.91524],[-84.57495,37.92146],[-84.58157,37.92145],[-84.58706,37.92447],[-84.59146,37.92418],[-84.60189,37.91888],[-84.60796,37.91012],[-84.60601,37.90554],[-84.60607,37.89293],[-84.60424,37.88587],[-84.6137,37.88569],[-84.61902,37.87505]]]},"properties":{"STATEFP":"21","SLDLST":"039","AFFGEOID":"620L800US21039","GEOID":"21039","NAME":"39","NAMELSAD":"State House District 39","STUSPS":"KY","STATE_NAME":"Kentucky","LSAD":"LL","LSY":"2022","ALAND":127382120,"AWATER":1051346}},
{"type":"Feature","geometry":{"type":"Polygon","coordinates":[[[-84.69248,39.10748],[-84.70203,39.09968],[-84.70343,39.09384],[-84.71272,39.09018],[-84.7094,39.08135],[-84.70204,39.08178],[-84.68266,39.07587],[-84.67112,39.07408],[-84.66252,39.07678],[-84.65112,39.0729],[-84.65498,39.06933],[-84.67691,39.05268],[-84.67931,39.05179],[-84.67652,39.0445],[-84.67379,39.04357],[-84.67172,39.03339],[-84.67849,39.02648],[-84.68123,39.02563],[-84.68574,39.02029],[-84.69094,39.01065],[-84.69192,39.00543],[-84.68285,39.00589],[-84.6783,38.99933],[-84.67248,39.00135],[-84.66869,38.99769],[-84.66234,38.99962],[-84.65652,38.99922],[-84.6576,39.00412],[-84.65471,39.01131],[-84.64975,39.01318],[-84.64414,39.01322],[-84.64439,39.01893],[-84.63879,39.01836],[-84.63298,39.01149],[-84.63149,39.00794],[-84.62624,39.00713],[-84.62148,39.004],[-84.62411,39.0134],[-84.62215,39.01713],[-84.61667,39.0185],[-84.61707,39.02178],[-84.61295,39.02587],[-84.60376,39.02139],[-84.59351,39.03098],[-84.58903,39.03727],[-84.58439,39.03597],[-84.58486,39.04102],[-84.57996,39.04353],[-84.57975,39.03834],[-84.57339,39.03038],[-84.56869,39.02708],[-84.56243,39.026],[-84.54451,39.02799],[-84.54186,39.02932],[-84.54481,39.03826],[-84.53967,39.04112],[-84.54188,39.04909],[-84.54842,39.05495],[-84.54351,39.05765],[-84.54899,39.06518],[-84.55225,39.06308],[-84.55835,39.06353],[-84.55929,39.06811],[-84.55456,39.07464],[-84.55366,39.07958],[-84.5494,39.08554],[-84.54337,39.08442],[-84.54185,39.08781],[-84.53804,39.08939],[-84.53388,39.08843],[-84.51508,39.08974],[-84.50432,39.09176],[-84.50338,39.09088],[-84.50608,39.09508],[-84.51954,39.09206],[-84.52464,39.09216],[-84.54134,39.09916],[-84.55084,39.09936],[-84.55754,39.09486],[-84.56394,39.08736],[-84.57214,39.08206],[-84.59241,39.07809],[-84.60168,39.07412],[-84.60793,39.07324],[-84.62011,39.07346],[-84.63245,39.07676],[-84.65035,39.09166],[-84.65725,39.09546],[-84.66615,39.09796],[-84.67725,39.09826],[-84.68485,39.10046],[-84.69248,39.10748]]]},"properties":{"STATEFP":"21","SLDLST":"063","AFFGEOID":"620L800US21063","GEOID":"21063","NAME":"63","NAMELSAD":"State House District 63","STUSPS":"KY","STATE_NAME":"Kentucky","LSAD":"LL","LSY":"2022","ALAND":81370558,"AWATER":7317036}},
{"type":"Feature","geometry":{"type":"Polygon","coordinates":[[[-85.83909,38.23973],[-85.84438,38.23105],[-85.85236,38.22194],[-85.87194,38.20959],[-85.88026,38.20337],[-85.89354,38.18902],[-85.90387,38.17414],[-85.90796,38.16147],[-85.90913,38.14439],[-85.90875,38.13379],[-85.90608,38.11689],[-85.88492,38.11598],[-85.88471,38.11863],[-85.87862,38.12265],[-85.87747,38.13106],[-85.87423,38.13102],[-85.87175,38.14608],[-85.87013,38.14956],[-85.86554,38.1648],[-85.87034,38.16706],[-85.86775,38.16995],[-85.86237,38.16835],[-85.85327,38.17214],[-85.84851,38.16992],[-85.84684,38.16424],[-85.84851,38.15825],[-85.83456,38.15612],[-85.8303,38.16492],[-85.82586,38.16274],[-85.81952,38.17124],[-85.82372,38.17399],[-85.81605,38.18093],[-85.81813,38.18325],[-85.82859,38.18196],[-85.82811,38.18722],[-85.83021,38.18991],[-85.81536,38.18973],[-85.81486,38.19453],[-85.8119,38.1944],[-85.81116,38.20168],[-85.81291,38.20508],[-85.80748,38.20663],[-85.80715,38.20958],[-85.81797,38.21543],[-85.80932,38.2244],[-85.80017,38.22371],[-85.79818,38.23343],[-85.79662,38.23409],[-85.7964,38.2364],[-85.8166,38.2382],[-85.82542,38.24033],[-85.82795,38.23845],[-85.83909,38.23973]]]},"properties":{"STATEFP":"21","SLDLST":"044","AFFGEOID":"620L800US21044","GEOID":"21044","NAME":"44","NAMELSAD":"State House District 44","STUSPS":"KY","STATE_NAME":"Kentucky","LSAD":"LL","LSY":"2022","ALAND":54792581,"AWATER":7454524}},
{"type":"Feature","geometry":{"type":"Polygon","coordinates":[[[-85.74284,37.64902],[-85.76048,37.64721],[-85.76612,37.64461],[-85.77258,37.63971],[-85.77635,37.63865],[-85.7745,37.63131],[-85.78547,37.62909],[-85.78945,37.62727],[-85.79413,37.62736],[-85.80352,37.62159],[-85.80093,37.61436],[-85.7973,37.60808],[-85.80702,37.60176],[-85.80707,37.59645],[-85.81232,37.59231],[-85.81929,37.58423],[-85.81937,37.57873],[-85.82189,37.57342],[-85.83866,37.56871],[-85.87486,37.5453],[-85.87601,37.54326],[-85.88861,37.47378],[-85.89446,37.47231],[-85.89362,37.45944],[-85.89144,37.45139],[-85.8928,37.44031],[-86.0476,37.44993],[-86.0453,37.44774],[-86.05064,37.44406],[-86.04818,37.44055],[-86.04294,37.43918],[-86.04578,37.43533],[-86.03843,37.43455],[-86.04376,37.43098],[-86.04317,37.42869],[-86.03229,37.42681],[-86.03383,37.4226],[-86.03275,37.41815],[-86.03987,37.41711],[-86.0379,37.41123],[-86.04365,37.40883],[-86.04287,37.40538],[-86.03902,37.40382],[-86.02631,37.40297],[-86.0255,37.39788],[-86.01909,37.39454],[-86.02666,37.39264],[-86.0303,37.39351],[-86.03286,37.39114],[-86.03621,37.39464],[-86.04249,37.39503],[-86.0435,37.39242],[-86.03937,37.38732],[-86.0392,37.3829],[-86.04559,37.3813],[-86.04666,37.38416],[-86.04219,37.3892],[-86.04446,37.39194],[-86.05387,37.39422],[-86.05648,37.38999],[-86.05108,37.38723],[-86.05266,37.38469],[-86.05795,37.38509],[-86.06399,37.38893],[-86.07023,37.38849],[-86.06548,37.38393],[-86.07229,37.38099],[-86.06593,37.37574],[-86.05866,37.37606],[-86.05841,37.37337],[-86.06756,37.37337],[-86.06943,37.36798],[-86.06452,37.36351],[-86.06688,37.35709],[-86.06992,37.35424],[-86.06356,37.35158],[-86.06455,37.34861],[-86.07363,37.34805],[-86.07128,37.34037],[-86.07753,37.34169],[-86.08164,37.34454],[-86.08492,37.34063],[-86.08949,37.33941],[-86.09037,37.34273],[-86.07981,37.34801],[-86.08316,37.35177],[-86.09002,37.35118],[-86.09125,37.34534],[-86.0973,37.34668],[-86.09873,37.3515],[-86.10291,37.35266],[-86.10503,37.34993],[-86.10203,37.34194],[-86.10622,37.33855],[-86.10202,37.33483],[-86.09519,37.33312],[-86.09917,37.33031],[-86.1089,37.33361],[-86.11538,37.33877],[-86.11791,37.33734],[-86.11866,37.3332],[-86.12266,37.33236],[-86.1228,37.33831],[-86.1159,37.34337],[-86.12064,37.34633],[-86.12411,37.34449],[-86.12743,37.33854],[-86.13236,37.3393],[-86.13575,37.3439],[-86.14222,37.34365],[-86.15616,37.34486],[-86.15527,37.34865],[-86.15845,37.35148],[-86.16155,37.35001],[-86.15746,37.34272],[-86.15352,37.33932],[-86.15759,37.33565],[-86.07315,37.2418],[-86.04913,37.21529],[-86.05644,37.16721],[-86.00788,37.1603],[-85.99219,37.15708],[-85.96905,37.1561],[-85.94035,37.1516],[-85.90649,37.14839],[-85.87498,37.14964],[-85.85706,37.15114],[-85.80222,37.16309],[-85.77492,37.16753],[-85.74422,37.16981],[-85.68648,37.18243],[-85.6609,37.14304],[-85.63231,37.12506],[-85.59096,37.1163],[-85.52688,37.10945],[-85.48189,37.12784],[-85.43384,37.14481],[-85.38026,37.16831],[-85.35277,37.19243],[-85.37189,37.22131],[-85.38655,37.22386],[-85.39119,37.22232],[-85.40648,37.22208],[-85.41144,37.22562],[-85.40736,37.23437],[-85.4038,37.23655],[-85.39713,37.23791],[-85.39156,37.23769],[-85.38928,37.24035],[-85.39066,37.24706],[-85.39278,37.24932],[-85.43123,37.30511],[-85.43687,37.30421],[-85.44047,37.31592],[-85.4797,37.36353],[-85.47808,37.36367],[-85.58448,37.43209],[-85.58664,37.43812],[-85.58671,37.44365],[-85.5831,37.44676],[-85.58151,37.45255],[-85.58517,37.45656],[-85.58464,37.46459],[-85.57984,37.46556],[-85.56744,37.4638],[-85.56502,37.45978],[-85.55593,37.45836],[-85.55029,37.45916],[-85.54423,37.45785],[-85.54322,37.45523],[-85.53663,37.45647],[-85.52885,37.45407],[-85.52705,37.46132],[-85.52033,37.46568],[-85.51499,37.46791],[-85.5155,37.47352],[-85.50638,37.47724],[-85.50277,37.4823],[-85.49248,37.47907],[-85.49212,37.47191],[-85.48905,37.4676],[-85.4828,37.46776],[-85.47983,37.46539],[-85.46658,37.46742],[-85.46885,37.47611],[-85.47253,37.48112],[-85.47391,37.4922],[-85.48282,37.50007],[-85.48782,37.50679],[-85.49142,37.5146],[-85.49169,37.52372],[-85.49029,37.52624],[-85.4929,37.53076],[-85.4927,37.53452],[-85.49806,37.54353],[-85.503,37.54909],[-85.517,37.55524],[-85.52129,37.55434],[-85.52513,37.55504],[-85.52567,37.56119],[-85.53082,37.56071],[-85.53517,37.56292],[-85.54363,37.56244],[-85.54864,37.55803],[-85.55113,37.55402],[-85.54879,37.54756],[-85.55251,37.54114],[-85.54798,37.53335],[-85.55891,37.53055],[-85.55997,37.52492],[-85.56424,37.52305],[-85.57075,37.52719],[-85.57626,37.52808],[-85.5888,37.53169],[-85.59382,37.53203],[-85.59875,37.53501],[-85.59556,37.53792],[-85.60105,37.5393],[-85.60479,37.54372],[-85.60171,37.54724],[-85.60616,37.54825],[-85.61257,37.5413],[-85.61807,37.54061],[-85.62095,37.54304],[-85.62394,37.54049],[-85.62613,37.54539],[-85.62395,37.54649],[-85.62332,37.5516],[-85.61965,37.55329],[-85.61847,37.5567],[-85.61299,37.56012],[-85.60783,37.55803],[-85.60747,37.56179],[-85.60416,37.56912],[-85.60562,37.57366],[-85.60491,37.57941],[-85.6017,37.58337],[-85.60595,37.58419],[-85.6048,37.58799],[-85.60677,37.59045],[-85.60121,37.59356],[-85.59757,37.59209],[-85.59454,37.59525],[-85.59477,37.59896],[-85.58967,37.60162],[-85.60318,37.60603],[-85.61143,37.60735],[-85.61533,37.61327],[-85.61399,37.61587],[-85.60502,37.61737],[-85.59254,37.61379],[-85.58726,37.6176],[-85.58971,37.61956],[-85.58512,37.6253],[-85.57983,37.62668],[-85.57944,37.62315],[-85.57397,37.6173],[-85.57007,37.61721],[-85.56816,37.62347],[-85.57387,37.62955],[-85.57282,37.63825],[-85.57749,37.63958],[-85.58374,37.64432],[-85.58883,37.64426],[-85.59527,37.63984],[-85.60111,37.63989],[-85.60044,37.647],[-85.59758,37.64789],[-85.60101,37.6575],[-85.59615,37.65904],[-85.59743,37.66282],[-85.59348,37.66626],[-85.5963,37.66862],[-85.59561,37.67624],[-85.59218,37.68419],[-85.59326,37.68736],[-85.5925,37.69391],[-85.60025,37.69934],[-85.60697,37.7008],[-85.62582,37.69418],[-85.62763,37.69607],[-85.63419,37.69411],[-85.63789,37.69668],[-85.6373,37.70054],[-85.64366,37.70896],[-85.64529,37.7161],[-85.65605,37.7207],[-85.65932,37.72446],[-85.6651,37.72484],[-85.66495,37.72807],[-85.67086,37.72987],[-85.6768,37.72942],[-85.68049,37.73228],[-85.71683,37.68137],[-85.73871,37.65112],[-85.74284,37.64902]]]},"properties":{"STATEFP":"21","SLDLST":"024","AFFGEOID":"620L800US21024","GEOID":"21024","NAME":"24","NAMELSAD":"State House District 24","STUSPS":"KY","STATE_NAME":"Kentucky","LSAD":"LL","LSY":"2022","ALAND":2485540028,"AWATER":27461181}},
{"type":"Feature","geometry":{"type":"Polygon","coordinates":[[[-85.40511,38.2624],[-85.40733,38.24843],[-85.42405,38.14744],[-85.33872,38.12103],[-85.27557,38.10237],[-85.23264,38.0895],[-85.10165,38.03727],[-85.0992,38.03675],[-85.0934,38.03986],[-85.08403,38.04071],[-85.07792,38.04536],[-85.0713,38.05815],[-85.06169,38.06279],[-85.05896,38.06814],[-85.04778,38.07234],[-85.05262,38.07544],[-85.05454,38.08422],[-85.04895,38.0947],[-85.04809,38.09996],[-85.04492,38.10738],[-85.04627,38.11096],[-85.04198,38.11346],[-85.03965,38.11931],[-85.03129,38.12415],[-85.02675,38.12421],[-85.02371,38.12905],[-85.02292,38.13378],[-85.01875,38.13631],[-85.02,38.14152],[-85.00384,38.16066],[-85.00982,38.16279],[-85.00323,38.16746],[-85.00598,38.17057],[-85.00748,38.17578],[-85.00103,38.22615],[-84.9989,38.27498],[-84.95696,38.33227],[-84.99767,38.33559],[-85.11433,38.34488],[-85.28308,38.35805],[-85.32456,38.31009],[-85.3518,38.30306],[-85.3861,38.30804],[-85.38595,38.305],[-85.37428,38.27441],[-85.37428,38.26852],[-85.38395,38.26595],[-85.38829,38.26376],[-85.39782,38.26387],[-85.40511,38.2624]]]},"properties":{"STATEFP":"21","SLDLST":"058","AFFGEOID":"620L800US21058","GEOID":"21058","NAME":"58","NAMELSAD":"State House District 58","STUSPS":"KY","STATE_NAME":"Kentucky","LSAD":"LL","LSY":"2022","ALAND":960118643,"AWATER":14675580}},
{"type":"Feature","geometry":{"type":"Polygon","coordinates":[[[-87.12809,37.7858],[-87.13284,37.7784],[-87.13547,37.77783],[-87.1344,37.77027],[-87.13949,37.77002],[-87.13787,37.76225],[-87.14615,37.75932],[-87.14637,37.75247],[-87.13138,37.75505],[-87.13069,37.74795],[-87.12545,37.74938],[-87.12159,37.74558],[-87.11542,37.74502],[-87.11331,37.74813],[-87.10649,37.74887],[-87.10694,37.74202],[-87.11038,37.73098],[-87.10594,37.7333],[-87.09899,37.73081],[-87.0963,37.73391],[-87.09006,37.73152],[-87.09258,37.72704],[-87.08428,37.72439],[-87.08431,37.72154],[-87.08739,37.71742],[-87.08567,37.71437],[-87.07791,37.71517],[-87.0781,37.7202],[-87.07455,37.72842],[-87.072,37.72925],[-87.08082,37.73567],[-87.0718,37.73995],[-87.06658,37.73449],[-87.06002,37.73735],[-87.06135,37.7472],[-87.05886,37.75325],[-87.04972,37.75028],[-87.04164,37.74419],[-87.03139,37.74215],[-87.01916,37.73779],[-87.02088,37.72091],[-86.99217,37.7253],[-86.98751,37.72556],[-86.94464,37.71579],[-86.93444,37.71444],[-86.93312,37.71635],[-86.92662,37.73543],[-86.9225,37.74617],[-86.94572,37.7508],[-86.94843,37.75422],[-86.95846,37.75762],[-86.9559,37.76362],[-86.94575,37.77872],[-86.95199,37.77886],[-86.9588,37.78504],[-86.95318,37.79035],[-86.95118,37.7962],[-86.95697,37.80176],[-86.95622,37.80456],[-86.95981,37.81188],[-86.96949,37.81776],[-87.00691,37.83319],[-87.00985,37.83023],[-87.01439,37.83314],[-87.02219,37.83091],[-87.02652,37.82597],[-87.02642,37.82322],[-87.05446,37.83532],[-87.05666,37.82753],[-87.05958,37.8222],[-87.06207,37.81418],[-87.06967,37.80151],[-87.07904,37.7941],[-87.08928,37.78786],[-87.09603,37.78526],[-87.11101,37.78235],[-87.11859,37.78282],[-87.12809,37.7858]]]},"properties":{"STATEFP":"21","SLDLST":"013","AFFGEOID":"620L800US21013","GEOID":"21013","NAME":"13","NAMELSAD":"State House District 13","STUSPS":"KY","STATE_NAME":"Kentucky","LSAD":"LL","LSY":"2022","ALAND":137338705,"AWATER":9333207}},
{"type":"Feature","geometry":{"type":"Polygon","coordinates":[[[-84.55675,38.05602],[-84.56205,38.05127],[-84.56573,38.04574],[-84.55425,38.04666],[-84.55261,38.04481],[-84.55367,38.03344],[-84.56358,38.03686],[-84.56732,38.03517],[-84.5618,38.0285],[-84.55378,38.02181],[-84.54954,38.00952],[-84.54412,38.00396],[-84.52181,37.99633],[-84.51419,38.0184],[-84.52066,38.02031],[-84.51608,38.02931],[-84.51073,38.02812],[-84.50877,38.03152],[-84.49979,38.03783],[-84.49338,38.03812],[-84.491,38.04106],[-84.49416,38.042],[-84.50073,38.04835],[-84.51227,38.04068],[-84.51669,38.045],[-84.51638,38.05007],[-84.50723,38.05069],[-84.50575,38.05417],[-84.51617,38.0609],[-84.51837,38.07495],[-84.52719,38.07412],[-84.53112,38.0708],[-84.53926,38.06396],[-84.55281,38.0584],[-84.55675,38.05602]]]},"properties":{"STATEFP":"21","SLDLST":"075","AFFGEOID":"620L800US21075","GEOID":"21075","NAME":"75","NAMELSAD":"State House District 75","STUSPS":"KY","STATE_NAME":"Kentucky","LSAD":"LL","LSY":"2022","ALAND":28098865,"AWATER":48035}},
{"type":"Feature","geometry":{"type":"Polygon","coordinates":[[[-88.65744,37.04348],[-88.65423,37.04247],[-88.65546,37.03088],[-88.65479,37.01849],[-88.65526,37.01409],[-88.66551,37.01707],[-88.66652,37.01545],[-88.6664,36.99572],[-88.67529,36.9959],[-88.67531,37.00298],[-88.68629,37.00299],[-88.68981,37.00571],[-88.69265,37.01373],[-88.69958,37.02014],[-88.70157,37.0239],[-88.71013,37.02275],[-88.71382,37.02002],[-88.7229,37.01643],[-88.73583,37.01419],[-88.73791,37.0126],[-88.74857,37.00986],[-88.75888,37.0086],[-88.78421,37.00764],[-88.7845,36.99233],[-88.79105,36.99183],[-88.79141,36.98472],[-88.79314,36.98109],[-88.7999,36.97418],[-88.81087,36.97427],[-88.8217,36.96761],[-88.8129,36.94686],[-88.81315,36.85568],[-88.81323,36.77311],[-88.81724,36.76775],[-88.81959,36.75591],[-88.81676,36.69628],[-88.81629,36.68289],[-88.81699,36.63652],[-88.81699,36.56175],[-88.81677,36.50282],[-88.74752,36.50283],[-88.66113,36.50224],[-88.54519,36.50181],[-88.48908,36.50107],[-88.48811,36.58906],[-88.4877,36.61193],[-88.4857,36.75033],[-88.48566,36.77469],[-88.48446,36.85372],[-88.48443,36.91194],[-88.4841,36.9421],[-88.54509,36.94254],[-88.58121,36.94349],[-88.60816,36.94259],[-88.64498,36.94266],[-88.64444,36.9771],[-88.6433,36.99473],[-88.64308,37.00523],[-88.63452,37.00509],[-88.60774,37.00585],[-88.61105,37.02886],[-88.61067,37.04329],[-88.60979,37.05286],[-88.61382,37.05314],[-88.62092,37.05693],[-88.62617,37.05643],[-88.62843,37.05966],[-88.63546,37.06167],[-88.63619,37.05775],[-88.63312,37.05596],[-88.6368,37.05186],[-88.638,37.0437],[-88.64633,37.04374],[-88.64586,37.04711],[-88.65268,37.05008],[-88.65744,37.04348]]]},"properties":{"STATEFP":"21","SLDLST":"002","AFFGEOID":"620L800US21002","GEOID":"21002","NAME":"2","NAMELSAD":"State House District 2","STUSPS":"KY","STATE_NAME":"Kentucky","LSAD":"LL","LSY":"2022","ALAND":1551145254,"AWATER":13945747}},
{"type":"Feature","geometry":{"type":"Polygon","coordinates":[[[-86.16674,36.93402],[-86.16086,36.93],[-86.16055,36.92423],[-86.16462,36.92072],[-86.17251,36.9183],[-86.17621,36.91515],[-86.17523,36.91278],[-86.16882,36.90847],[-86.16442,36.90689],[-86.15777,36.90649],[-86.14897,36.91156],[-86.14953,36.91508],[-86.15243,36.91711],[-86.15047,36.92681],[-86.14706,36.92984],[-86.1366,36.93206],[-86.1351,36.92978],[-86.13985,36.92041],[-86.14193,36.91353],[-86.13475,36.9053],[-86.13541,36.9023],[-86.14302,36.90081],[-86.14711,36.89696],[-86.1413,36.89229],[-86.1369,36.89469],[-86.12907,36.89639],[-86.12502,36.89559],[-86.11532,36.88105],[-86.11375,36.87557],[-86.10945,36.87204],[-86.10988,36.86829],[-86.10642,36.86506],[-86.10049,36.86422],[-86.09753,36.8677],[-86.0988,36.87094],[-86.10494,36.87653],[-86.1087,36.88289],[-86.10792,36.88759],[-86.10254,36.89591],[-86.0974,36.90081],[-86.08845,36.89987],[-86.07846,36.90239],[-86.07042,36.90192],[-86.06662,36.90031],[-86.06453,36.89704],[-86.0681,36.89433],[-86.07784,36.89233],[-86.07682,36.88125],[-86.07021,36.87729],[-86.07247,36.8715],[-86.07659,36.8724],[-86.07781,36.86672],[-86.07546,36.86426],[-86.07802,36.8547],[-86.07209,36.84435],[-86.05889,36.83522],[-86.05569,36.83006],[-86.06357,36.82568],[-86.06604,36.82285],[-86.06841,36.8125],[-86.07178,36.80817],[-86.06996,36.80578],[-86.05618,36.80915],[-86.05072,36.80941],[-86.04743,36.8079],[-86.04745,36.80449],[-86.05111,36.8016],[-86.05212,36.79445],[-86.04712,36.79512],[-86.03922,36.79084],[-86.04008,36.7878],[-86.03631,36.78579],[-86.0347,36.78038],[-86.03871,36.77808],[-86.0472,36.7789],[-86.05287,36.77481],[-86.05129,36.77241],[-86.04074,36.76744],[-86.03731,36.76018],[-86.03465,36.75993],[-86.03073,36.76438],[-86.00707,36.76034],[-86.00231,36.75871],[-85.99386,36.74924],[-85.98288,36.74156],[-85.97691,36.72272],[-85.90024,36.76709],[-85.80701,36.82164],[-85.791,36.82741],[-85.77229,36.83634],[-85.76708,36.8358],[-85.74993,36.84188],[-85.73925,36.84148],[-85.74618,36.94371],[-85.7504,37.0059],[-85.75543,37.02679],[-85.75928,37.06857],[-85.75848,37.09944],[-85.75609,37.10983],[-85.76247,37.11177],[-85.77177,37.10973],[-85.77696,37.13833],[-85.75931,37.15024],[-85.74422,37.16981],[-85.77492,37.16753],[-85.80222,37.16309],[-85.85706,37.15114],[-85.87498,37.14964],[-85.90649,37.14839],[-85.94035,37.1516],[-85.96905,37.1561],[-85.99219,37.15708],[-86.00788,37.1603],[-86.05644,37.16721],[-86.07427,37.05329],[-86.11351,37.06107],[-86.16674,36.93402]]]},"properties":{"STATEFP":"21","SLDLST":"023","AFFGEOID":"620L800US21023","GEOID":"21023","NAME":"23","NAMELSAD":"State House District 23","STUSPS":"KY","STATE_NAME":"Kentucky","LSAD":"LL","LSY":"2022","ALAND":1262269990,"AWATER":32723250}},
{"type":"Feature","geometry":{"type":"Polygon","coordinates":[[[-85.64315,38.12284],[-85.64842,38.12173],[-85.64668,38.11787],[-85.64695,38.11059],[-85.63374,38.10999],[-85.63657,38.09964],[-85.63634,38.09383],[-85.64243,38.09196],[-85.64206,38.08758],[-85.64449,38.08414],[-85.643,38.08131],[-85.55727,38.07384],[-85.55091,38.07614],[-85.51589,38.08877],[-85.48026,38.10001],[-85.42883,38.11838],[-85.42768,38.12582],[-85.43629,38.12906],[-85.44822,38.12966],[-85.45229,38.13311],[-85.45929,38.13282],[-85.46649,38.134],[-85.4694,38.12752],[-85.47877,38.1275],[-85.48355,38.12333],[-85.48922,38.12208],[-85.49948,38.12659],[-85.51436,38.13054],[-85.51734,38.13942],[-85.51564,38.14243],[-85.51077,38.14296],[-85.51003,38.14617],[-85.51443,38.15201],[-85.5142,38.15491],[-85.50495,38.15703],[-85.50288,38.15245],[-85.49676,38.15527],[-85.50113,38.16182],[-85.50512,38.16253],[-85.50462,38.16689],[-85.50759,38.17349],[-85.50351,38.17865],[-85.50518,38.18225],[-85.50855,38.18192],[-85.51269,38.1881],[-85.53576,38.18603],[-85.54446,38.1856],[-85.55243,38.18726],[-85.54961,38.18029],[-85.5502,38.16765],[-85.55405,38.16909],[-85.55588,38.16599],[-85.56151,38.16366],[-85.56687,38.16381],[-85.56935,38.16622],[-85.57125,38.16368],[-85.57231,38.15654],[-85.58805,38.15983],[-85.59205,38.15517],[-85.59763,38.15542],[-85.59845,38.15118],[-85.6022,38.1488],[-85.60624,38.14898],[-85.60679,38.14398],[-85.60129,38.14372],[-85.60062,38.13988],[-85.60339,38.13859],[-85.61344,38.13764],[-85.61428,38.1281],[-85.62092,38.12683],[-85.63404,38.12308],[-85.63895,38.12391],[-85.64315,38.12284]]]},"properties":{"STATEFP":"21","SLDLST":"029","AFFGEOID":"620L800US21029","GEOID":"21029","NAME":"29","NAMELSAD":"State House District 29","STUSPS":"KY","STATE_NAME":"Kentucky","LSAD":"LL","LSY":"2022","ALAND":119677300,"AWATER":2018575}},
{"type":"Feature","geometry":{"type":"Polygon","coordinates":[[[-85.83456,38.15612],[-85.83958,38.14348],[-85.83634,38.14351],[-85.82408,38.14954],[-85.82143,38.13926],[-85.81407,38.13246],[-85.80275,38.1202],[-85.80678,38.11716],[-85.81895,38.11651],[-85.82449,38.11451],[-85.83523,38.11523],[-85.84105,38.10766],[-85.84477,38.10591],[-85.85932,38.10507],[-85.86268,38.10621],[-85.8616,38.09865],[-85.86433,38.09387],[-85.86471,38.08764],[-85.85891,38.08662],[-85.85403,38.08861],[-85.84938,38.0883],[-85.84139,38.09003],[-85.82471,38.09965],[-85.82401,38.09424],[-85.82011,38.09284],[-85.81246,38.1042],[-85.81125,38.10745],[-85.80573,38.10979],[-85.80598,38.11179],[-85.79527,38.11918],[-85.78815,38.1172],[-85.78013,38.11254],[-85.77297,38.11313],[-85.76669,38.11174],[-85.75871,38.10499],[-85.74773,38.11257],[-85.74804,38.11768],[-85.75489,38.1174],[-85.75759,38.12014],[-85.75074,38.12105],[-85.74877,38.12629],[-85.75235,38.1356],[-85.76187,38.13089],[-85.76457,38.13764],[-85.7677,38.13649],[-85.76905,38.14171],[-85.77455,38.14276],[-85.76413,38.14832],[-85.76656,38.15123],[-85.77618,38.1579],[-85.77755,38.16157],[-85.7723,38.16128],[-85.76952,38.16331],[-85.77394,38.16776],[-85.77697,38.17297],[-85.7729,38.17603],[-85.76789,38.18257],[-85.76669,38.18999],[-85.78346,38.18894],[-85.78406,38.18535],[-85.78273,38.17673],[-85.78844,38.17701],[-85.79274,38.17557],[-85.79219,38.18378],[-85.79351,38.18684],[-85.80111,38.18631],[-85.79919,38.18126],[-85.80341,38.17942],[-85.81258,38.18052],[-85.81952,38.17124],[-85.82586,38.16274],[-85.8303,38.16492],[-85.83456,38.15612]]]},"properties":{"STATEFP":"21","SLDLST":"038","AFFGEOID":"620L800US21038","GEOID":"21038","NAME":"38","NAMELSAD":"State House District 38","STUSPS":"KY","STATE_NAME":"Kentucky","LSAD":"LL","LSY":"2022","ALAND":47131303,"AWATER":317196}},
{"type":"Feature","geometry":{"type":"Polygon","coordinates":[[[-85.70399,38.28563],[-85.69801,38.27823],[-85.68886,38.27217],[-85.6884,38.26881],[-85.68276,38.26641],[-85.67486,38.26794],[-85.67204,38.26419],[-85.6605,38.26729],[-85.65458,38.26966],[-85.63805,38.27846],[-85.63303,38.2832],[-85.63629,38.28722],[-85.62843,38.29292],[-85.62241,38.29613],[-85.61974,38.29051],[-85.6109,38.29247],[-85.6062,38.29234],[-85.59769,38.29796],[-85.58928,38.2872],[-85.58138,38.29096],[-85.58777,38.29407],[-85.59264,38.30038],[-85.58566,38.30294],[-85.58174,38.30237],[-85.57403,38.29683],[-85.56785,38.29818],[-85.5657,38.30099],[-85.5687,38.30497],[-85.57756,38.30515],[-85.56833,38.31205],[-85.56152,38.31561],[-85.55324,38.31744],[-85.53202,38.31753],[-85.52697,38.31795],[-85.51277,38.31994],[-85.49474,38.31959],[-85.48573,38.32274],[-85.47734,38.32465],[-85.47259,38.32416],[-85.4686,38.32564],[-85.46443,38.33208],[-85.46456,38.33879],[-85.4687,38.34598],[-85.4723,38.34874],[-85.48061,38.35217],[-85.50139,38.34151],[-85.51721,38.33694],[-85.53357,38.33362],[-85.54536,38.32825],[-85.56132,38.33712],[-85.57473,38.33398],[-85.58527,38.33943],[-85.57837,38.34102],[-85.56941,38.34175],[-85.62537,38.37342],[-85.63786,38.38025],[-85.63868,38.36395],[-85.64431,38.34602],[-85.65136,38.33074],[-85.65535,38.32385],[-85.66792,38.31063],[-85.67357,38.30233],[-85.68356,38.29547],[-85.70399,38.28563]]]},"properties":{"STATEFP":"21","SLDLST":"048","AFFGEOID":"620L800US21048","GEOID":"21048","NAME":"48","NAMELSAD":"State House District 48","STUSPS":"KY","STATE_NAME":"Kentucky","LSAD":"LL","LSY":"2022","ALAND":80727067,"AWATER":9564040}},
{"type":"Feature","geometry":{"type":"Polygon","coordinates":[[[-84.57339,39.03038],[-84.58121,39.02661],[-84.58645,39.02201],[-84.59123,39.02051],[-84.59145,39.01753],[-84.58551,39.00758],[-84.58265,39.00697],[-84.57299,38.9945],[-84.57059,38.99628],[-84.56614,38.9928],[-84.56273,38.9951],[-84.56265,39.00402],[-84.55732,39.00561],[-84.55758,39.00134],[-84.55004,39.00077],[-84.546,38.99516],[-84.53613,38.99521],[-84.53304,38.98811],[-84.53945,38.98365],[-84.54015,38.98105],[-84.52513,38.97589],[-84.51365,38.97562],[-84.51365,38.97872],[-84.50907,38.97895],[-84.50996,38.98325],[-84.51478,38.98589],[-84.52059,38.99303],[-84.52416,39.008],[-84.52455,39.0154],[-84.51454,39.02189],[-84.51125,39.03404],[-84.50325,39.04746],[-84.5043,39.05014],[-84.51498,39.06443],[-84.50763,39.06759],[-84.50928,39.07384],[-84.50279,39.07444],[-84.50094,39.06976],[-84.49384,39.06825],[-84.49382,39.07263],[-84.50437,39.08585],[-84.50338,39.09088],[-84.50432,39.09176],[-84.51508,39.08974],[-84.53388,39.08843],[-84.53804,39.08939],[-84.54185,39.08781],[-84.54337,39.08442],[-84.5494,39.08554],[-84.55366,39.07958],[-84.55456,39.07464],[-84.55929,39.06811],[-84.55835,39.06353],[-84.55225,39.06308],[-84.54899,39.06518],[-84.54351,39.05765],[-84.54842,39.05495],[-84.54188,39.04909],[-84.53967,39.04112],[-84.54481,39.03826],[-84.54186,39.02932],[-84.54451,39.02799],[-84.56243,39.026],[-84.56869,39.02708],[-84.57339,39.03038]]]},"properties":{"STATEFP":"21","SLDLST":"065","AFFGEOID":"620L800US21065","GEOID":"21065","NAME":"65","NAMELSAD":"State House District 65","STUSPS":"KY","STATE_NAME":"Kentucky","LSAD":"LL","LSY":"2022","ALAND":46277721,"AWATER":463862}},
{"type":"Feature","geometry":{"type":"Polygon","coordinates":[[[-85.52697,38.31795],[-85.5146,38.31101],[-85.51896,38.30884],[-85.51742,38.30617],[-85.55466,38.29579],[-85.57486,38.28663],[-85.57362,38.28422],[-85.57626,38.27959],[-85.57163,38.27871],[-85.56835,38.27238],[-85.58202,38.2689],[-85.58689,38.27494],[-85.58986,38.27601],[-85.59973,38.27234],[-85.60376,38.26904],[-85.59593,38.26064],[-85.58915,38.25763],[-85.5884,38.25591],[-85.58486,38.24703],[-85.55138,38.24438],[-85.54736,38.23815],[-85.53997,38.23508],[-85.5347,38.23598],[-85.53203,38.23458],[-85.534,38.24122],[-85.5315,38.24864],[-85.52041,38.24374],[-85.49872,38.2416],[-85.49673,38.2463],[-85.50251,38.24923],[-85.502,38.25781],[-85.51035,38.26075],[-85.5159,38.2601],[-85.5203,38.27471],[-85.51532,38.2816],[-85.51231,38.28946],[-85.50372,38.28719],[-85.5019,38.29341],[-85.49742,38.29299],[-85.49553,38.29774],[-85.49244,38.29854],[-85.46821,38.28531],[-85.4049,38.26373],[-85.40511,38.2624],[-85.39782,38.26387],[-85.38829,38.26376],[-85.38395,38.26595],[-85.37428,38.26852],[-85.37428,38.27441],[-85.38595,38.305],[-85.3861,38.30804],[-85.38376,38.31047],[-85.3778,38.31017],[-85.37599,38.31324],[-85.37777,38.31785],[-85.37178,38.31793],[-85.36602,38.32019],[-85.35915,38.32144],[-85.34962,38.33071],[-85.36104,38.33963],[-85.3664,38.3424],[-85.36821,38.34761],[-85.36757,38.35122],[-85.37207,38.35638],[-85.39225,38.35264],[-85.39889,38.3496],[-85.4073,38.35035],[-85.41459,38.34998],[-85.42659,38.34349],[-85.43482,38.34607],[-85.44749,38.34233],[-85.45079,38.34293],[-85.46456,38.33879],[-85.46443,38.33208],[-85.4686,38.32564],[-85.47259,38.32416],[-85.47734,38.32465],[-85.48573,38.32274],[-85.49474,38.31959],[-85.51277,38.31994],[-85.52697,38.31795]]]},"properties":{"STATEFP":"21","SLDLST":"033","AFFGEOID":"620L800US21033","GEOID":"21033","NAME":"33","NAMELSAD":"State House District 33","STUSPS":"KY","STATE_NAME":"Kentucky","LSAD":"LL","LSY":"2022","ALAND":121477806,"AWATER":1876247}},
{"type":"Feature","geometry":{"type":"Polygon","coordinates":[[[-85.73778,37.81179],[-85.74211,37.80339],[-85.73869,37.79791],[-85.74257,37.79225],[-85.74052,37.78924],[-85.73635,37.788],[-85.73178,37.78899],[-85.72698,37.78778],[-85.72703,37.7847],[-85.73635,37.7817],[-85.73355,37.77748],[-85.72813,37.77418],[-85.71785,37.77594],[-85.71294,37.77344],[-85.71646,37.76848],[-85.71083,37.76577],[-85.7045,37.76815],[-85.69973,37.76246],[-85.6957,37.76195],[-85.69292,37.75528],[-85.68848,37.75605],[-85.68521,37.75915],[-85.68243,37.7577],[-85.68485,37.75137],[-85.68282,37.74965],[-85.6836,37.74179],[-85.67949,37.73933],[-85.6848,37.73688],[-85.6832,37.73284],[-85.68049,37.73228],[-85.6768,37.72942],[-85.67086,37.72987],[-85.66495,37.72807],[-85.6651,37.72484],[-85.65932,37.72446],[-85.65605,37.7207],[-85.64529,37.7161],[-85.64366,37.70896],[-85.6373,37.70054],[-85.63789,37.69668],[-85.63419,37.69411],[-85.62763,37.69607],[-85.62582,37.69418],[-85.60697,37.7008],[-85.60025,37.69934],[-85.5925,37.69391],[-85.59326,37.68736],[-85.59218,37.68419],[-85.59561,37.67624],[-85.5963,37.66862],[-85.59348,37.66626],[-85.59743,37.66282],[-85.59615,37.65904],[-85.60101,37.6575],[-85.59758,37.64789],[-85.60044,37.647],[-85.60111,37.63989],[-85.59527,37.63984],[-85.58883,37.64426],[-85.58374,37.64432],[-85.57749,37.63958],[-85.57282,37.63825],[-85.57387,37.62955],[-85.56816,37.62347],[-85.57007,37.61721],[-85.57397,37.6173],[-85.57944,37.62315],[-85.57983,37.62668],[-85.58512,37.6253],[-85.58971,37.61956],[-85.58726,37.6176],[-85.59254,37.61379],[-85.60502,37.61737],[-85.61399,37.61587],[-85.61533,37.61327],[-85.61143,37.60735],[-85.60318,37.60603],[-85.58967,37.60162],[-85.59477,37.59896],[-85.59454,37.59525],[-85.59757,37.59209],[-85.60121,37.59356],[-85.60677,37.59045],[-85.6048,37.58799],[-85.60595,37.58419],[-85.6017,37.58337],[-85.60491,37.57941],[-85.60562,37.57366],[-85.60416,37.56912],[-85.60747,37.56179],[-85.60783,37.55803],[-85.61299,37.56012],[-85.61847,37.5567],[-85.61965,37.55329],[-85.62332,37.5516],[-85.62395,37.54649],[-85.62613,37.54539],[-85.62394,37.54049],[-85.62095,37.54304],[-85.61807,37.54061],[-85.61257,37.5413],[-85.60616,37.54825],[-85.60171,37.54724],[-85.60479,37.54372],[-85.60105,37.5393],[-85.59556,37.53792],[-85.59875,37.53501],[-85.59382,37.53203],[-85.5888,37.53169],[-85.57626,37.52808],[-85.57075,37.52719],[-85.56424,37.52305],[-85.55997,37.52492],[-85.55891,37.53055],[-85.54798,37.53335],[-85.55251,37.54114],[-85.54879,37.54756],[-85.55113,37.55402],[-85.54864,37.55803],[-85.54363,37.56244],[-85.53517,37.56292],[-85.53082,37.56071],[-85.52567,37.56119],[-85.52513,37.55504],[-85.52129,37.55434],[-85.50452,37.58447],[-85.48249,37.6284],[-85.45049,37.68595],[-85.40178,37.73066],[-85.39229,37.73302],[-85.39129,37.73645],[-85.38631,37.74068],[-85.38319,37.73916],[-85.37332,37.73958],[-85.37396,37.74334],[-85.37232,37.74905],[-85.37516,37.75828],[-85.37495,37.76451],[-85.36873,37.76403],[-85.35723,37.75825],[-85.35295,37.75736],[-85.34571,37.76577],[-85.35246,37.76875],[-85.35583,37.78143],[-85.35567,37.78414],[-85.34705,37.78115],[-85.33786,37.78034],[-85.33632,37.78692],[-85.33123,37.78844],[-85.3252,37.78698],[-85.31942,37.78776],[-85.30823,37.79377],[-85.30602,37.79855],[-85.30748,37.80132],[-85.31375,37.80491],[-85.31361,37.80971],[-85.30833,37.81359],[-85.30612,37.82061],[-85.29976,37.82167],[-85.30094,37.82553],[-85.29794,37.83239],[-85.29028,37.83118],[-85.28034,37.8355],[-85.27709,37.83885],[-85.28065,37.84875],[-85.27855,37.85335],[-85.27458,37.84841],[-85.27087,37.84791],[-85.26803,37.84451],[-85.26427,37.84434],[-85.25829,37.84881],[-85.2462,37.84708],[-85.24303,37.84831],[-85.24651,37.85392],[-85.2554,37.8592],[-85.2555,37.86577],[-85.25177,37.86744],[-85.24656,37.86558],[-85.24427,37.86305],[-85.23845,37.86339],[-85.23922,37.86835],[-85.23404,37.86868],[-85.23192,37.85596],[-85.22687,37.85517],[-85.22386,37.86301],[-85.21919,37.86691],[-85.21625,37.87133],[-85.21362,37.86131],[-85.21385,37.85831],[-85.21812,37.85578],[-85.2156,37.85249],[-85.20803,37.85063],[-85.20341,37.84713],[-85.20099,37.85416],[-85.19629,37.85554],[-85.1971,37.85823],[-85.20539,37.86318],[-85.19607,37.87644],[-85.19622,37.88079],[-85.19867,37.8855],[-85.19976,37.89825],[-85.19747,37.90225],[-85.19114,37.89656],[-85.19018,37.89315],[-85.19415,37.88935],[-85.19307,37.88646],[-85.18751,37.88364],[-85.18488,37.88784],[-85.18645,37.89117],[-85.1814,37.89243],[-85.17599,37.89097],[-85.17218,37.88783],[-85.1688,37.88786],[-85.16598,37.89078],[-85.16035,37.88976],[-85.15883,37.88638],[-85.15382,37.88558],[-85.15384,37.89472],[-85.1528,37.89766],[-85.16783,37.97181],[-85.30506,37.95319],[-85.37914,37.94035],[-85.38329,37.93984],[-85.39956,37.93993],[-85.40826,37.94693],[-85.41288,37.9492],[-85.41995,37.95617],[-85.42582,37.95963],[-85.44008,37.96349],[-85.44099,37.96482],[-85.46344,37.97138],[-85.4892,37.99065],[-85.53415,37.96523],[-85.52788,37.96259],[-85.52396,37.95719],[-85.52524,37.95275],[-85.52995,37.94723],[-85.54292,37.94036],[-85.54907,37.92824],[-85.55573,37.92398],[-85.56077,37.923],[-85.56533,37.9249],[-85.56561,37.92013],[-85.57276,37.916],[-85.57522,37.91692],[-85.58568,37.90773],[-85.58445,37.9037],[-85.5848,37.89355],[-85.57972,37.88348],[-85.58126,37.88103],[-85.58832,37.87576],[-85.59257,37.87609],[-85.59874,37.87218],[-85.60801,37.86925],[-85.61331,37.87003],[-85.61103,37.8649],[-85.61027,37.8589],[-85.6204,37.85043],[-85.6267,37.85005],[-85.62982,37.8453],[-85.63311,37.84386],[-85.64325,37.83403],[-85.65349,37.83273],[-85.65266,37.82904],[-85.66242,37.82478],[-85.67475,37.82344],[-85.67934,37.81721],[-85.68223,37.81971],[-85.68742,37.81792],[-85.69123,37.81851],[-85.69298,37.81524],[-85.69885,37.81123],[-85.70255,37.81421],[-85.70639,37.81413],[-85.72099,37.80777],[-85.72137,37.81018],[-85.73148,37.81224],[-85.73778,37.81179]]]},"properties":{"STATEFP":"21","SLDLST":"050","AFFGEOID":"620L800US21050","GEOID":"21050","NAME":"50","NAMELSAD":"State House District 50","STUSPS":"KY","STATE_NAME":"Kentucky","LSAD":"LL","LSY":"2022","ALAND":1084389929,"AWATER":13962497}},
{"type":"Feature","geometry":{"type":"Polygon","coordinates":[[[-84.29742,36.94593],[-84.29705,36.94101],[-84.30108,36.93676],[-84.31057,36.93222],[-84.31315,36.9294],[-84.31262,36.926],[-84.3082,36.92306],[-84.3041,36.91246],[-84.30503,36.91062],[-84.31196,36.9081],[-84.31585,36.90543],[-84.31745,36.90017],[-84.32191,36.89678],[-84.32215,36.89082],[-84.31602,36.88671],[-84.3148,36.88259],[-84.3158,36.8789],[-84.32496,36.87118],[-84.32345,36.86447],[-84.31487,36.85956],[-84.31705,36.8556],[-84.32541,36.85494],[-84.32985,36.85139],[-84.33181,36.84669],[-84.34112,36.84502],[-84.34467,36.84105],[-84.34475,36.83749],[-84.34021,36.83582],[-84.33397,36.8384],[-84.32718,36.83653],[-84.32044,36.83656],[-84.31801,36.83471],[-84.32056,36.83114],[-84.32881,36.82738],[-84.33835,36.82528],[-84.34523,36.82156],[-84.35527,36.8131],[-84.35528,36.80886],[-84.34744,36.80748],[-84.34514,36.80471],[-84.3503,36.79569],[-84.34882,36.79085],[-84.35001,36.78068],[-84.34653,36.77685],[-84.34021,36.77611],[-84.33758,36.7744],[-84.33656,36.76864],[-84.33107,36.75912],[-84.32265,36.75867],[-84.32297,36.73765],[-84.32086,36.71573],[-84.31667,36.69797],[-84.31295,36.68742],[-84.3076,36.67681],[-84.29561,36.65969],[-84.28852,36.6509],[-84.27153,36.63395],[-84.25503,36.62173],[-84.2396,36.61335],[-84.23674,36.60669],[-84.23455,36.60655],[-84.22787,36.59878],[-84.22907,36.59588],[-84.22719,36.59218],[-84.1275,36.59141],[-83.98784,36.5896],[-83.93076,36.58769],[-83.92833,36.5937],[-83.92843,36.59764],[-83.92471,36.60267],[-83.93166,36.61452],[-83.93242,36.61889],[-83.93866,36.624],[-83.94068,36.62807],[-83.94919,36.6321],[-83.95068,36.6357],[-83.95385,36.63658],[-83.95422,36.64073],[-83.95727,36.6422],[-83.95623,36.64549],[-83.95254,36.64868],[-83.94481,36.65235],[-83.93888,36.6536],[-83.93471,36.65654],[-83.92534,36.66071],[-83.91686,36.66138],[-83.9041,36.66866],[-83.87861,36.68034],[-83.8775,36.68726],[-83.95853,36.72725],[-83.95967,36.74938],[-83.96855,36.76092],[-83.97689,36.76285],[-83.98216,36.75874],[-83.98606,36.76045],[-83.98768,36.76462],[-83.98683,36.77014],[-83.9823,36.77547],[-83.97679,36.77896],[-83.97665,36.78285],[-83.98044,36.78534],[-83.9809,36.79075],[-83.97794,36.79662],[-83.98367,36.80084],[-83.99513,36.80144],[-83.99964,36.80086],[-83.99928,36.80595],[-84.00049,36.81129],[-84.00795,36.81682],[-84.01588,36.81357],[-84.02751,36.81864],[-84.0268,36.82226],[-84.03006,36.82433],[-84.03005,36.82795],[-84.03663,36.83402],[-84.03877,36.83331],[-84.04376,36.83951],[-84.04013,36.84155],[-84.03951,36.84869],[-84.04897,36.85219],[-84.05261,36.85567],[-84.05466,36.85106],[-84.06518,36.85343],[-84.06548,36.86354],[-84.05975,36.86861],[-84.06559,36.86985],[-84.06783,36.87427],[-84.06683,36.87778],[-84.07045,36.89059],[-84.07517,36.89225],[-84.08233,36.89919],[-84.08123,36.90079],[-84.08536,36.90482],[-84.08239,36.90882],[-84.08597,36.92178],[-84.08127,36.92577],[-84.08254,36.93331],[-84.0883,36.94091],[-84.09127,36.94212],[-84.09028,36.94593],[-84.09452,36.9551],[-84.10185,36.95431],[-84.10162,36.96022],[-84.10648,36.95996],[-84.1123,36.96236],[-84.11753,36.96631],[-84.12152,36.97406],[-84.11831,36.98845],[-84.11904,36.99334],[-84.12773,36.98948],[-84.13061,36.99492],[-84.12532,37.00517],[-84.12076,37.00334],[-84.11656,37.00366],[-84.11232,37.00056],[-84.10406,37.0113],[-84.10865,37.01144],[-84.11148,37.01375],[-84.11043,37.01935],[-84.10329,37.02151],[-84.10653,37.02855],[-84.10301,37.03358],[-84.10599,37.03558],[-84.10324,37.03965],[-84.10272,37.04889],[-84.10479,37.05301],[-84.1013,37.05525],[-84.1001,37.06222],[-84.10293,37.06778],[-84.10891,37.06763],[-84.14044,37.05448],[-84.14445,37.05433],[-84.14685,37.0514],[-84.16084,37.05221],[-84.16186,37.04519],[-84.16016,37.04123],[-84.14833,37.03685],[-84.15059,37.03202],[-84.15033,37.02819],[-84.15481,37.02791],[-84.15975,37.02494],[-84.16718,37.02748],[-84.1731,37.0259],[-84.17919,37.0223],[-84.17904,37.01952],[-84.18754,37.01909],[-84.18944,37.01465],[-84.193,37.01293],[-84.20139,37.01774],[-84.20651,37.01705],[-84.20698,37.0117],[-84.2127,37.01043],[-84.21263,37.00721],[-84.21773,37.00337],[-84.21862,36.9956],[-84.22602,36.99153],[-84.22976,36.98631],[-84.24218,36.98035],[-84.2486,36.97495],[-84.25558,36.97517],[-84.25979,36.96864],[-84.26438,36.96684],[-84.26356,36.96233],[-84.26734,36.96067],[-84.27615,36.96177],[-84.27759,36.95638],[-84.2855,36.9561],[-84.29071,36.94968],[-84.29742,36.94593]]]},"properties":{"STATEFP":"21","SLDLST":"082","AFFGEOID":"620L800US21082","GEOID":"21082","NAME":"82","NAMELSAD":"State House District 82","STUSPS":"KY","STATE_NAME":"Kentucky","LSAD":"LL","LSY":"2022","ALAND":1221407785,"AWATER":29021988}},
{"type":"Feature","geometry":{"type":"Polygon","coordinates":[[[-85.83742,38.25091],[-85.83909,38.23973],[-85.82795,38.23845],[-85.82542,38.24033],[-85.8166,38.2382],[-85.7964,38.2364],[-85.79662,38.23409],[-85.79001,38.23266],[-85.78976,38.23007],[-85.78099,38.231],[-85.76302,38.2293],[-85.76356,38.22618],[-85.769,38.22676],[-85.77153,38.22272],[-85.76384,38.21497],[-85.75939,38.21552],[-85.75156,38.21162],[-85.747,38.21137],[-85.74185,38.21359],[-85.73828,38.20805],[-85.73496,38.20968],[-85.73626,38.21479],[-85.73529,38.21889],[-85.72498,38.22919],[-85.73037,38.23453],[-85.73725,38.22837],[-85.74042,38.23038],[-85.75,38.23099],[-85.74947,38.23405],[-85.75534,38.23456],[-85.75466,38.23839],[-85.76065,38.23917],[-85.76005,38.2462],[-85.78205,38.249],[-85.7882,38.24922],[-85.79209,38.2514],[-85.79426,38.2552],[-85.80314,38.25619],[-85.80753,38.25446],[-85.82585,38.25651],[-85.82697,38.25053],[-85.83742,38.25091]]]},"properties":{"STATEFP":"21","SLDLST":"042","AFFGEOID":"620L800US21042","GEOID":"21042","NAME":"42","NAMELSAD":"State House District 42","STUSPS":"KY","STATE_NAME":"Kentucky","LSAD":"LL","LSY":"2022","ALAND":19710425,"AWATER":497590}}
]}