{"type":"FeatureCollection", "features": [
{"type":"Feature","geometry":{"type":"Polygon","coordinates":[[[-85.5835,37.46992],[-85.58517,37.45656],[-85.58151,37.45255],[-85.5831,37.44676],[-85.58671,37.44365],[-85.58664,37.43812],[-85.58448,37.43209],[-85.47808,37.36367],[-85.4797,37.36353],[-85.44047,37.31592],[-85.43687,37.30421],[-85.43123,37.30511],[-85.39278,37.24932],[-85.39066,37.24706],[-85.38928,37.24035],[-85.39156,37.23769],[-85.39713,37.23791],[-85.4038,37.23655],[-85.40736,37.23437],[-85.41144,37.22562],[-85.40648,37.22208],[-85.39119,37.22232],[-85.38655,37.22386],[-85.37189,37.22131],[-85.35277,37.19243],[-85.38026,37.16831],[-85.43384,37.14481],[-85.48189,37.12784],[-85.52688,37.10945],[-85.59096,37.1163],[-85.63231,37.12506],[-85.6609,37.14304],[-85.68648,37.18243],[-85.74422,37.16981],[-85.75931,37.15024],[-85.77696,37.13833],[-85.77177,37.10973],[-85.76247,37.11177],[-85.75609,37.10983],[-85.75848,37.09944],[-85.75928,37.06857],[-85.75543,37.02679],[-85.7504,37.0059],[-85.74618,36.94371],[-85.73925,36.84148],[-85.74993,36.84188],[-85.76708,36.8358],[-85.77229,36.83634],[-85.791,36.82741],[-85.80701,36.82164],[-85.90024,36.76709],[-85.97691,36.72272],[-85.98288,36.74156],[-85.99386,36.74924],[-86.00231,36.75871],[-86.00707,36.76034],[-86.03073,36.76438],[-86.03465,36.75993],[-86.03731,36.76018],[-86.04074,36.76744],[-86.05129,36.77241],[-86.05287,36.77481],[-86.0472,36.7789],[-86.03871,36.77808],[-86.0347,36.78038],[-86.03631,36.78579],[-86.04008,36.7878],[-86.03922,36.79084],[-86.04712,36.79512],[-86.05212,36.79445],[-86.05111,36.8016],[-86.04745,36.80449],[-86.04743,36.8079],[-86.05072,36.80941],[-86.05618,36.80915],[-86.06996,36.80578],[-86.07178,36.80817],[-86.06841,36.8125],[-86.06604,36.82285],[-86.06357,36.82568],[-86.05569,36.83006],[-86.05889,36.83522],[-86.07209,36.84435],[-86.07802,36.8547],[-86.07546,36.86426],[-86.07781,36.86672],[-86.07659,36.8724],[-86.07247,36.8715],[-86.07021,36.87729],[-86.07682,36.88125],[-86.07784,36.89233],[-86.0681,36.89433],[-86.06453,36.89704],[-86.06662,36.90031],[-86.07042,36.90192],[-86.07846,36.90239],[-86.08845,36.89987],[-86.0974,36.90081],[-86.10254,36.89591],[-86.10792,36.88759],[-86.1087,36.88289],[-86.10494,36.87653],[-86.0988,36.87094],[-86.09753,36.8677],[-86.10049,36.86422],[-86.10642,36.86506],[-86.10988,36.86829],[-86.10945,36.87204],[-86.11375,36.87557],[-86.11532,36.88105],[-86.12502,36.89559],[-86.12907,36.89639],[-86.1369,36.89469],[-86.1413,36.89229],[-86.14711,36.89696],[-86.14302,36.90081],[-86.13541,36.9023],[-86.13475,36.9053],[-86.14193,36.91353],[-86.13985,36.92041],[-86.1351,36.92978],[-86.1366,36.93206],[-86.14706,36.92984],[-86.15047,36.92681],[-86.15243,36.91711],[-86.14897,36.91156],[-86.15777,36.90649],[-86.16442,36.90689],[-86.16882,36.90847],[-86.17523,36.91278],[-86.17621,36.91515],[-86.17251,36.9183],[-86.16462,36.92072],[-86.16055,36.92423],[-86.16086,36.93],[-86.16674,36.93402],[-86.11351,37.06107],[-86.19225,37.0767],[-86.21861,37.10403],[-86.2293,37.10163],[-86.23708,37.09785],[-86.24181,37.09701],[-86.24499,37.09272],[-86.25649,37.08559],[-86.2679,37.08224],[-86.28175,37.0806],[-86.29417,37.09006],[-86.30379,37.09005],[-86.3117,37.0879],[-86.32498,37.08566],[-86.32882,37.08213],[-86.33424,37.07942],[-86.34282,37.07679],[-86.35609,37.07012],[-86.3674,37.06212],[-86.37559,37.06057],[-86.37824,37.05896],[-86.38257,37.05157],[-86.39266,37.05629],[-86.39426,37.05913],[-86.3899,37.06053],[-86.39083,37.0638],[-86.38945,37.0692],[-86.39721,37.07187],[-86.40545,37.07931],[-86.41864,37.08129],[-86.42214,37.07627],[-86.42095,37.074],[-86.42296,37.06685],[-86.43574,37.07039],[-86.44032,37.07087],[-86.4419,37.05991],[-86.4371,37.04773],[-86.43876,37.04309],[-86.44453,37.03525],[-86.44508,37.03],[-86.44896,37.02528],[-86.44474,37.0164],[-86.45344,37.01383],[-86.46366,37.01542],[-86.47249,37.01798],[-86.47511,37.01627],[-86.47423,37.00735],[-86.46657,37.0074],[-86.45812,37.00335],[-86.45476,37.00446],[-86.45086,37.00292],[-86.44514,36.99739],[-86.43273,37.00285],[-86.42654,36.99695],[-86.42625,36.99482],[-86.43005,36.98697],[-86.42838,36.98307],[-86.42481,36.9808],[-86.43087,36.97404],[-86.43476,36.97135],[-86.42442,36.94877],[-86.41554,36.95156],[-86.40997,36.94955],[-86.41521,36.93984],[-86.40833,36.93622],[-86.40103,36.93403],[-86.39502,36.93336],[-86.38847,36.93806],[-86.38184,36.94084],[-86.36405,36.93332],[-86.35956,36.9305],[-86.35134,36.92345],[-86.34057,36.92155],[-86.33742,36.92402],[-86.3334,36.93353],[-86.32783,36.94314],[-86.32042,36.9413],[-86.30478,36.9355],[-86.29221,36.92938],[-86.28485,36.92845],[-86.26691,36.91895],[-86.26847,36.90808],[-86.27182,36.89586],[-86.26724,36.89086],[-86.26774,36.88618],[-86.26346,36.88565],[-86.26419,36.87777],[-86.2634,36.87313],[-86.33103,36.82708],[-86.40577,36.77619],[-86.41002,36.74706],[-86.40886,36.74042],[-86.41403,36.7377],[-86.41102,36.73506],[-86.41296,36.73037],[-86.40932,36.72786],[-86.41384,36.72308],[-86.40859,36.72081],[-86.41004,36.71679],[-86.41482,36.71442],[-86.40962,36.71163],[-86.41047,36.70545],[-86.41444,36.7012],[-86.41152,36.69564],[-86.41453,36.69346],[-86.4157,36.68094],[-86.419,36.67832],[-86.41234,36.6725],[-86.41616,36.66548],[-86.4138,36.66101],[-86.41139,36.6506],[-86.37499,36.6498],[-86.35907,36.64985],[-86.33305,36.64878],[-86.29336,36.64536],[-86.19757,36.63936],[-86.08194,36.63385],[-86.08067,36.63394],[-86.03277,36.63037],[-85.95998,36.62812],[-85.87386,36.62364],[-85.83217,36.62205],[-85.80149,36.62242],[-85.78864,36.62185],[-85.73186,36.62043],[-85.67779,36.61816],[-85.55148,36.61573],[-85.48835,36.61499],[-85.43643,36.61852],[-85.49693,36.69072],[-85.4882,36.70403],[-85.48156,36.71243],[-85.47892,36.71741],[-85.47118,36.72752],[-85.47,36.731],[-85.47275,36.73413],[-85.4838,36.73545],[-85.50007,36.73342],[-85.50854,36.7368],[-85.51108,36.73284],[-85.51743,36.73133],[-85.52354,36.73878],[-85.52163,36.74327],[-85.52745,36.7458],[-85.53169,36.75603],[-85.53834,36.7578],[-85.54118,36.76444],[-85.53918,36.77233],[-85.54251,36.77481],[-85.54655,36.77354],[-85.55224,36.77435],[-85.557,36.77167],[-85.56299,36.77298],[-85.57104,36.7707],[-85.57443,36.77279],[-85.5762,36.77817],[-85.58156,36.77852],[-85.58875,36.77735],[-85.59621,36.81804],[-85.58122,36.82289],[-85.57469,36.83824],[-85.58567,36.84861],[-85.5895,36.85471],[-85.59421,36.85747],[-85.5926,36.86084],[-85.59537,36.86242],[-85.59594,36.86677],[-85.59992,36.86872],[-85.5988,36.87342],[-85.58907,36.87323],[-85.5871,36.8708],[-85.58053,36.86896],[-85.5754,36.86365],[-85.56072,36.85086],[-85.53698,36.86219],[-85.50738,36.86751],[-85.47422,36.89382],[-85.45183,36.93814],[-85.32975,36.93068],[-85.23203,36.92507],[-85.21062,36.98003],[-85.20583,36.99686],[-85.18398,37.01809],[-85.16619,37.03327],[-85.13362,37.0735],[-85.09961,37.11447],[-85.08964,37.12555],[-85.04332,37.18603],[-85.05356,37.19675],[-85.0569,37.25704],[-85.11209,37.28209],[-85.14743,37.30443],[-85.16517,37.3104],[-85.15652,37.31907],[-85.1526,37.33116],[-85.14908,37.337],[-85.14531,37.33832],[-85.1399,37.3536],[-85.13536,37.35518],[-85.1325,37.35982],[-85.13124,37.36506],[-85.1332,37.37203],[-85.13289,37.37947],[-85.13116,37.38427],[-85.1271,37.38654],[-85.11896,37.38477],[-85.11178,37.39074],[-85.11026,37.39413],[-85.10618,37.39734],[-85.09545,37.39945],[-85.0911,37.39725],[-85.08732,37.39767],[-85.08252,37.40059],[-85.0805,37.40853],[-85.07377,37.41367],[-85.07792,37.41473],[-85.08141,37.41829],[-85.08825,37.41838],[-85.09194,37.42355],[-85.09725,37.42627],[-85.09827,37.43212],[-85.10309,37.43234],[-85.10904,37.43727],[-85.11218,37.43634],[-85.11576,37.44279],[-85.12328,37.44552],[-85.1288,37.45326],[-85.13374,37.45348],[-85.13652,37.44923],[-85.14309,37.44733],[-85.14606,37.45217],[-85.15066,37.45066],[-85.15329,37.45377],[-85.15902,37.45592],[-85.16065,37.46166],[-85.16956,37.464],[-85.17364,37.46177],[-85.17319,37.45822],[-85.17865,37.4548],[-85.18343,37.45366],[-85.19349,37.45463],[-85.19677,37.44724],[-85.20086,37.44888],[-85.20317,37.44514],[-85.20818,37.44436],[-85.21584,37.44609],[-85.22218,37.44478],[-85.22815,37.44098],[-85.23126,37.43468],[-85.23448,37.43523],[-85.238,37.42765],[-85.24173,37.42718],[-85.2462,37.42036],[-85.2558,37.41965],[-85.25899,37.41697],[-85.26482,37.41646],[-85.27228,37.41728],[-85.2735,37.42324],[-85.27747,37.42485],[-85.27929,37.42917],[-85.27841,37.43484],[-85.28796,37.43679],[-85.29096,37.43957],[-85.29577,37.44059],[-85.30066,37.44501],[-85.30584,37.44559],[-85.31166,37.45082],[-85.31979,37.4502],[-85.33069,37.46135],[-85.33749,37.46186],[-85.34045,37.46951],[-85.34391,37.46845],[-85.35536,37.47097],[-85.36197,37.46663],[-85.36454,37.46836],[-85.36944,37.46619],[-85.37474,37.46909],[-85.38138,37.46551],[-85.38679,37.46779],[-85.39771,37.46854],[-85.4009,37.4741],[-85.41879,37.47383],[-85.42532,37.47439],[-85.42964,37.47843],[-85.4392,37.47873],[-85.44376,37.47696],[-85.44273,37.47179],[-85.45524,37.46997],[-85.46625,37.4656],[-85.47431,37.46713],[-85.47983,37.46539],[-85.4828,37.46776],[-85.48905,37.4676],[-85.49212,37.47191],[-85.49248,37.47907],[-85.50277,37.4823],[-85.50638,37.47724],[-85.5155,37.47352],[-85.51499,37.46791],[-85.52705,37.46132],[-85.52885,37.45407],[-85.53663,37.45647],[-85.54322,37.45523],[-85.54423,37.45785],[-85.55029,37.45916],[-85.55593,37.45836],[-85.56502,37.45978],[-85.56744,37.4638],[-85.57984,37.46556],[-85.5835,37.46992]]]},"properties":{"STATEFP":"21","SLDUST":"016","AFFGEOID":"610U800US21016","GEOID":"21016","NAME":"16","NAMELSAD":"State Senate District 16","STUSPS":"KY","STATE_NAME":"Kentucky","LSAD":"LU","LSY":"2022","ALAND":4679425632,"AWATER":82036456}},
{"type":"Feature","geometry":{"type":"Polygon","coordinates":[[[-83.26329,38.11539],[-83.26958,38.10908],[-83.26127,38.10229],[-83.26121,38.09869],[-83.26396,38.09461],[-83.26347,38.08972],[-83.26574,38.08786],[-83.2667,38.08128],[-83.2702,38.07637],[-83.27085,38.0692],[-83.26763,38.06271],[-83.26776,38.05918],[-83.25634,38.05456],[-83.24947,38.05012],[-83.24068,38.05121],[-83.2386,38.05346],[-83.23284,38.05186],[-83.23068,38.04629],[-83.22289,38.04396],[-83.22074,38.03842],[-83.22127,38.02719],[-83.21239,38.02713],[-83.21153,38.02224],[-83.20269,38.01386],[-83.19667,38.01349],[-83.19445,38.01065],[-83.184,38.01311],[-83.17647,38.01285],[-83.17384,38.01693],[-83.16677,38.01169],[-83.15868,38.0082],[-83.15599,38.01063],[-83.15198,38.01044],[-83.14697,38.00008],[-83.14175,37.99725],[-83.13636,38.00429],[-83.13046,38.00369],[-83.12012,38.00426],[-83.10982,38.0039],[-83.1046,38.0062],[-83.10169,38.00975],[-83.09682,38.01016],[-83.09325,38.00787],[-83.0773,38.00719],[-83.07505,38.00284],[-83.06495,38.00771],[-83.05907,38.00587],[-83.05629,38.00235],[-83.05716,37.9994],[-83.04773,37.99682],[-83.03654,38.00096],[-83.03482,38.00468],[-83.02913,38.00949],[-83.02173,38.00556],[-83.02413,38.0039],[-83.01921,37.9993],[-83.02522,37.99141],[-83.02224,37.9879],[-83.02207,37.98219],[-83.01388,37.97922],[-83.01606,37.97422],[-83.01081,37.96993],[-83.00414,37.96655],[-82.99889,37.9678],[-82.99846,37.96394],[-82.9927,37.96132],[-82.98709,37.96242],[-82.98744,37.95585],[-82.98477,37.95123],[-82.98124,37.95001],[-82.98155,37.94052],[-82.97714,37.93921],[-82.97535,37.93079],[-82.96838,37.92403],[-82.96884,37.91994],[-82.97307,37.91408],[-82.97006,37.91114],[-82.96148,37.91261],[-82.96123,37.90643],[-82.9643,37.9033],[-82.96333,37.89729],[-82.96632,37.89352],[-82.97035,37.89781],[-82.97722,37.89345],[-82.98186,37.89888],[-82.98766,37.89688],[-82.98816,37.8915],[-82.98301,37.88401],[-82.98378,37.87587],[-82.98922,37.86959],[-82.99223,37.87128],[-82.99923,37.86797],[-83.00465,37.85925],[-82.98411,37.84151],[-82.98646,37.83871],[-82.98152,37.83541],[-82.98682,37.82982],[-82.98406,37.82585],[-82.98974,37.81782],[-82.98772,37.81409],[-82.9832,37.81064],[-82.95058,37.79473],[-82.94809,37.72383],[-82.94826,37.71987],[-82.94076,37.71634],[-82.93808,37.71756],[-82.93277,37.71636],[-82.92717,37.71936],[-82.92235,37.71565],[-82.91539,37.71287],[-82.91199,37.71017],[-82.90348,37.70687],[-82.90115,37.7032],[-82.89748,37.70836],[-82.89176,37.70869],[-82.88509,37.71566],[-82.88076,37.71637],[-82.87626,37.71931],[-82.87083,37.72914],[-82.86674,37.73115],[-82.8621,37.72767],[-82.84555,37.72952],[-82.79155,37.74443],[-82.78541,37.74589],[-82.77565,37.74206],[-82.76698,37.74193],[-82.76385,37.74931],[-82.76317,37.75623],[-82.75582,37.75172],[-82.75252,37.75187],[-82.74707,37.74821],[-82.73919,37.74768],[-82.73718,37.74487],[-82.72321,37.74908],[-82.7206,37.74438],[-82.7132,37.74455],[-82.70828,37.73952],[-82.70306,37.73908],[-82.7012,37.73698],[-82.69622,37.73809],[-82.68496,37.73534],[-82.68728,37.73172],[-82.68405,37.72882],[-82.68072,37.72977],[-82.67205,37.72553],[-82.66631,37.72738],[-82.6634,37.72563],[-82.65372,37.72663],[-82.64415,37.72422],[-82.64106,37.71937],[-82.63687,37.71686],[-82.63304,37.7172],[-82.62914,37.71222],[-82.62472,37.71025],[-82.62168,37.70494],[-82.61683,37.70685],[-82.59772,37.7],[-82.59018,37.69262],[-82.58506,37.69193],[-82.58347,37.69412],[-82.57656,37.69448],[-82.57533,37.68794],[-82.57003,37.68973],[-82.56477,37.689],[-82.56356,37.68484],[-82.56528,37.68171],[-82.57042,37.68054],[-82.58193,37.68007],[-82.5836,37.67724],[-82.59011,37.68089],[-82.59791,37.67872],[-82.6008,37.6736],[-82.60585,37.675],[-82.60971,37.67422],[-82.61454,37.67032],[-82.61205,37.66556],[-82.61295,37.66096],[-82.60209,37.65947],[-82.60275,37.653],[-82.60607,37.64956],[-82.59828,37.64223],[-82.60481,37.60961],[-82.62066,37.52786],[-82.62448,37.52091],[-82.62216,37.51691],[-82.62387,37.51043],[-82.62358,37.50405],[-82.61641,37.50529],[-82.61162,37.50358],[-82.60518,37.50631],[-82.59779,37.50275],[-82.59631,37.49818],[-82.6004,37.49438],[-82.5946,37.49076],[-82.59333,37.48614],[-82.59018,37.48174],[-82.5899,37.47425],[-82.58712,37.47305],[-82.58456,37.46708],[-82.58805,37.46352],[-82.58737,37.45958],[-82.59045,37.45715],[-82.58854,37.44657],[-82.59145,37.44419],[-82.59261,37.43979],[-82.59882,37.43967],[-82.60194,37.43702],[-82.59942,37.43326],[-82.59955,37.42922],[-82.60424,37.42496],[-82.60639,37.41913],[-82.60346,37.41578],[-82.60461,37.41028],[-82.61015,37.41022],[-82.61261,37.40842],[-82.61286,37.39969],[-82.61737,37.39936],[-82.6218,37.39332],[-82.61874,37.38837],[-82.62856,37.38073],[-82.63303,37.37931],[-82.63832,37.38144],[-82.64839,37.3797],[-82.65363,37.3803],[-82.65779,37.3751],[-82.66329,37.37301],[-82.66617,37.37003],[-82.66365,37.36692],[-82.66378,37.36066],[-82.65736,37.358],[-82.65198,37.35146],[-82.65862,37.34522],[-82.66326,37.34252],[-82.661,37.33718],[-82.6658,37.32728],[-82.66529,37.3237],[-82.66984,37.3213],[-82.67029,37.3161],[-82.67229,37.31289],[-82.67237,37.30684],[-82.68067,37.30602],[-82.68387,37.30848],[-82.6903,37.30579],[-82.69348,37.30622],[-82.70069,37.29961],[-82.69935,37.29574],[-82.70024,37.29051],[-82.70954,37.28677],[-82.71063,37.2837],[-82.71482,37.28323],[-82.71885,37.28028],[-82.72456,37.28104],[-82.73269,37.2715],[-82.72336,37.26381],[-82.72602,37.25882],[-82.72425,37.25693],[-82.71357,37.25706],[-82.71024,37.25957],[-82.69989,37.25543],[-82.69935,37.24817],[-82.70485,37.24564],[-82.70291,37.2419],[-82.69608,37.24258],[-82.69119,37.24121],[-82.6912,37.23855],[-82.69455,37.23418],[-82.6919,37.23172],[-82.68638,37.23215],[-82.68224,37.22813],[-82.67924,37.22977],[-82.67202,37.22732],[-82.66694,37.23029],[-82.66447,37.2353],[-82.66055,37.23677],[-82.65397,37.23563],[-82.6525,37.23911],[-82.6433,37.24515],[-82.63696,37.24467],[-82.63484,37.24848],[-82.62892,37.2478],[-82.62186,37.24045],[-82.60485,37.23027],[-82.59943,37.22768],[-82.59623,37.22347],[-82.5941,37.21335],[-82.58836,37.20814],[-82.57581,37.20589],[-82.56538,37.19609],[-82.55037,37.20446],[-82.5458,37.20307],[-82.5413,37.20653],[-82.53663,37.20692],[-82.53158,37.20916],[-82.53179,37.2121],[-82.52446,37.21496],[-82.52012,37.21291],[-82.50943,37.21892],[-82.5079,37.22273],[-82.49886,37.22704],[-82.49149,37.22509],[-82.48722,37.2278],[-82.48644,37.2312],[-82.47328,37.23557],[-82.46307,37.23829],[-82.45702,37.23829],[-82.44916,37.24391],[-82.43573,37.24649],[-82.43102,37.24677],[-82.41809,37.25133],[-82.38328,37.26015],[-82.37659,37.2599],[-82.36453,37.26442],[-82.35534,37.26522],[-82.35095,37.26708],[-82.34207,37.27411],[-82.34185,37.28089],[-82.33694,37.27974],[-82.33157,37.28221],[-82.32462,37.28318],[-82.31896,37.28752],[-82.31603,37.29488],[-82.30941,37.30007],[-82.29191,37.31164],[-82.25435,37.33775],[-82.20269,37.37404],[-82.20174,37.37511],[-82.12485,37.42727],[-82.06281,37.47091],[-82.05089,37.48053],[-81.96801,37.53804],[-81.96497,37.54303],[-81.97015,37.5465],[-81.97639,37.54543],[-81.98248,37.54181],[-81.98909,37.54251],[-81.9926,37.53832],[-81.99691,37.53857],[-81.99984,37.54258],[-82.00741,37.53368],[-82.01592,37.53432],[-82.01692,37.53856],[-82.02101,37.54053],[-82.02883,37.53767],[-82.03693,37.54273],[-82.03897,37.54793],[-82.04478,37.54671],[-82.04481,37.54181],[-82.0424,37.53577],[-82.04438,37.52902],[-82.0482,37.52897],[-82.04846,37.53396],[-82.05479,37.53676],[-82.06442,37.53687],[-82.06442,37.54452],[-82.07325,37.55502],[-82.07503,37.55582],[-82.08918,37.556],[-82.10003,37.5528],[-82.10535,37.55426],[-82.10195,37.55811],[-82.10481,37.56019],[-82.11067,37.55874],[-82.1173,37.55923],[-82.12382,37.55139],[-82.13325,37.55283],[-82.13532,37.55735],[-82.13353,37.56035],[-82.13611,37.56387],[-82.14318,37.56577],[-82.14465,37.56832],[-82.14183,37.57095],[-82.1296,37.57197],[-82.12437,37.57641],[-82.12732,37.58667],[-82.13228,37.59333],[-82.14155,37.59517],[-82.14806,37.59078],[-82.15672,37.59279],[-82.15761,37.59677],[-82.15611,37.60495],[-82.15674,37.6092],[-82.16523,37.60773],[-82.16853,37.60869],[-82.16951,37.61319],[-82.16419,37.62019],[-82.16951,37.62198],[-82.17668,37.6182],[-82.18143,37.62184],[-82.18169,37.62715],[-82.17348,37.63106],[-82.17276,37.63401],[-82.17596,37.6374],[-82.17734,37.64172],[-82.17469,37.64653],[-82.17763,37.64896],[-82.18546,37.64893],[-82.19117,37.64401],[-82.18798,37.6395],[-82.18601,37.62841],[-82.19239,37.62561],[-82.2012,37.6279],[-82.20586,37.62507],[-82.21344,37.62522],[-82.2202,37.63391],[-82.21685,37.6416],[-82.22355,37.64433],[-82.22611,37.65309],[-82.23417,37.65626],[-82.24041,37.66157],[-82.2519,37.65685],[-82.25711,37.65675],[-82.27202,37.66378],[-82.2823,37.67583],[-82.28469,37.67528],[-82.28817,37.66823],[-82.29439,37.67045],[-82.29439,37.67796],[-82.30231,37.67555],[-82.30387,37.67839],[-82.29612,37.68617],[-82.3015,37.69078],[-82.30196,37.69622],[-82.29732,37.69982],[-82.29663,37.7024],[-82.30095,37.70614],[-82.30724,37.70767],[-82.31066,37.7133],[-82.3117,37.71877],[-82.3162,37.72154],[-82.3183,37.73305],[-82.32683,37.73626],[-82.33379,37.74155],[-82.33403,37.74323],[-82.32748,37.74937],[-82.32141,37.75127],[-82.321,37.75688],[-82.3173,37.7602],[-82.31078,37.76269],[-82.3152,37.76552],[-82.32736,37.76223],[-82.33399,37.76508],[-82.33165,37.76816],[-82.32351,37.77223],[-82.3237,37.77503],[-82.32972,37.7757],[-82.33598,37.7745],[-82.33889,37.77686],[-82.33838,37.78043],[-82.34046,37.78606],[-82.34849,37.78677],[-82.35427,37.7931],[-82.36389,37.795],[-82.36556,37.79832],[-82.36997,37.80175],[-82.37617,37.80203],[-82.37813,37.80433],[-82.37958,37.81091],[-82.38526,37.81741],[-82.38921,37.81721],[-82.39698,37.80901],[-82.40165,37.81009],[-82.4022,37.81268],[-82.39844,37.82165],[-82.39968,37.82994],[-82.40894,37.83664],[-82.41212,37.84389],[-82.41955,37.8458],[-82.42059,37.84786],[-82.41476,37.85551],[-82.42391,37.86024],[-82.42244,37.86393],[-82.40899,37.86577],[-82.40967,37.86893],[-82.41684,37.86963],[-82.41905,37.87284],[-82.4192,37.88208],[-82.42264,37.88667],[-82.43211,37.88991],[-82.43532,37.89683],[-82.43812,37.90021],[-82.44733,37.90386],[-82.45233,37.9087],[-82.45999,37.90954],[-82.46288,37.91483],[-82.46768,37.9142],[-82.46895,37.91096],[-82.46823,37.90357],[-82.47106,37.89937],[-82.47632,37.90315],[-82.47423,37.90805],[-82.47553,37.91195],[-82.47932,37.91483],[-82.48739,37.91668],[-82.48809,37.91956],[-82.481,37.9243],[-82.48189,37.92679],[-82.49467,37.92679],[-82.49727,37.92762],[-82.5022,37.93305],[-82.50039,37.93652],[-82.4919,37.93574],[-82.48992,37.93923],[-82.49672,37.94162],[-82.49529,37.94661],[-82.48784,37.94529],[-82.48096,37.94914],[-82.47155,37.95906],[-82.47267,37.96072],[-82.48399,37.96334],[-82.48426,37.97138],[-82.48189,37.97296],[-82.46938,37.97306],[-82.46499,37.97686],[-82.46407,37.9803],[-82.46554,37.98472],[-82.47307,37.98665],[-82.48397,37.98409],[-82.48611,37.99051],[-82.48597,37.99571],[-82.48924,37.99898],[-82.50077,37.99903],[-82.5072,38.00151],[-82.51442,37.99923],[-82.51919,38.00113],[-82.51558,38.00475],[-82.51975,38.00838],[-82.52583,38.01956],[-82.52582,38.02641],[-82.53498,38.03225],[-82.53864,38.03738],[-82.53729,38.0452],[-82.54124,38.04844],[-82.54478,38.05426],[-82.54485,38.05852],[-82.54941,38.06306],[-82.54958,38.06858],[-82.55126,38.0708],[-82.5596,38.07284],[-82.56574,38.08064],[-82.57407,38.0821],[-82.58404,38.09066],[-82.58549,38.09426],[-82.5857,38.107],[-82.5936,38.11087],[-82.59801,38.11592],[-82.60659,38.12084],[-82.61615,38.12022],[-82.62116,38.12324],[-82.62117,38.132],[-82.62618,38.13484],[-82.63427,38.13667],[-82.63731,38.13905],[-82.63829,38.14349],[-82.63895,38.15674],[-82.64474,38.16549],[-82.643,38.16956],[-82.63905,38.17111],[-82.62546,38.17049],[-82.61943,38.16903],[-82.61134,38.17155],[-82.60425,38.18764],[-82.59933,38.19723],[-82.59844,38.21739],[-82.60894,38.22366],[-82.61252,38.23455],[-82.60713,38.24598],[-82.60462,38.2473],[-82.60436,38.25508],[-82.6072,38.26148],[-82.6143,38.26608],[-82.61967,38.26567],[-82.62737,38.26894],[-82.63475,38.26695],[-82.69947,38.26191],[-82.70596,38.25282],[-82.71036,38.25416],[-82.71511,38.25047],[-82.72119,38.2499],[-82.7238,38.24378],[-82.73532,38.24243],[-82.73743,38.23723],[-82.74661,38.23888],[-82.75312,38.23661],[-82.76259,38.23469],[-82.77193,38.23712],[-82.778,38.24103],[-82.78205,38.23808],[-82.7858,38.23954],[-82.78658,38.24476],[-82.79326,38.24459],[-82.79464,38.24061],[-82.81072,38.23837],[-82.81411,38.23392],[-82.81691,38.23498],[-82.82111,38.23273],[-82.82407,38.22829],[-82.81487,38.22297],[-82.81239,38.22012],[-82.81411,38.21729],[-82.82364,38.208],[-82.83443,38.20503],[-82.84026,38.20164],[-82.84198,38.19895],[-82.85038,38.19187],[-82.85694,38.19057],[-82.86779,38.19402],[-82.87264,38.19234],[-82.88325,38.19603],[-82.88694,38.19134],[-82.8938,38.18816],[-82.89752,38.1828],[-82.90065,38.18287],[-82.91185,38.17909],[-82.91878,38.17899],[-82.92154,38.17542],[-82.92481,38.17511],[-82.94269,38.16979],[-82.94501,38.16833],[-82.95002,38.1721],[-82.95698,38.17456],[-82.97174,38.1736],[-82.97573,38.172],[-82.98966,38.17973],[-82.99043,38.18431],[-82.98895,38.18896],[-83.0008,38.19255],[-83.00709,38.19225],[-83.01194,38.19918],[-83.01147,38.20575],[-83.02383,38.19695],[-83.02879,38.19567],[-83.03628,38.19962],[-83.03982,38.19969],[-83.04352,38.19522],[-83.04754,38.19347],[-83.04857,38.1904],[-83.04666,38.18695],[-83.0518,38.18244],[-83.05577,38.18474],[-83.05308,38.18955],[-83.05478,38.19156],[-83.06016,38.19163],[-83.06256,38.19767],[-83.07157,38.20443],[-83.07584,38.20656],[-83.07711,38.21084],[-83.08457,38.22001],[-83.08368,38.22272],[-83.09208,38.22798],[-83.10168,38.22609],[-83.10623,38.23355],[-83.11605,38.2362],[-83.11847,38.23327],[-83.13501,38.24204],[-83.15504,38.25879],[-83.15471,38.2608],[-83.15896,38.26446],[-83.16638,38.26615],[-83.17571,38.26685],[-83.17756,38.26109],[-83.18562,38.25823],[-83.18585,38.25256],[-83.19091,38.2501],[-83.19769,38.24885],[-83.2029,38.25025],[-83.2026,38.2457],[-83.20996,38.24222],[-83.21576,38.23724],[-83.21902,38.23234],[-83.2168,38.22978],[-83.22008,38.22749],[-83.22321,38.22151],[-83.22263,38.21154],[-83.22091,38.20985],[-83.23257,38.19876],[-83.23327,38.19309],[-83.24431,38.19238],[-83.24694,38.1855],[-83.25818,38.18805],[-83.25783,38.1836],[-83.24894,38.18025],[-83.24332,38.1761],[-83.23793,38.17772],[-83.22994,38.17595],[-83.22676,38.17379],[-83.21545,38.17707],[-83.20526,38.17551],[-83.20344,38.17245],[-83.19937,38.1707],[-83.20117,38.16743],[-83.21181,38.16447],[-83.21824,38.15833],[-83.21706,38.15262],[-83.22002,38.1488],[-83.21837,38.14628],[-83.222,38.1325],[-83.22547,38.13114],[-83.23427,38.1329],[-83.24263,38.13031],[-83.24793,38.13015],[-83.25921,38.12015],[-83.26329,38.11539]]]},"properties":{"STATEFP":"21","SLDUST":"031","AFFGEOID":"610U800US21031","GEOID":"21031","NAME":"31","NAMELSAD":"State Senate District 31","STUSPS":"KY","STATE_NAME":"Kentucky","LSAD":"LU","LSY":"2022","ALAND":4992791910,"AWATER":28416290}},
{"type":"Feature","geometry":{"type":"Polygon","coordinates":[[[-87.80105,37.37944],[-87.80842,37.37495],[-88.00376,37.26512],[-88.05248,37.23766],[-88.05163,37.23404],[-88.05419,37.22952],[-88.06117,37.23155],[-88.06752,37.23059],[-88.07486,37.22734],[-88.07887,37.22674],[-88.08106,37.22335],[-88.08949,37.22207],[-88.08946,37.21877],[-88.08313,37.21686],[-88.08047,37.21213],[-88.08307,37.20862],[-88.08957,37.2068],[-88.08885,37.19972],[-88.08614,37.19746],[-88.08373,37.19215],[-88.08358,37.18412],[-88.08882,37.17941],[-88.07667,37.17659],[-88.06639,37.1774],[-88.04228,37.17477],[-88.01184,37.12623],[-87.99777,37.10428],[-87.97508,37.06739],[-87.94618,37.03528],[-87.877,36.96012],[-87.87031,36.95828],[-87.86621,36.9539],[-87.86327,36.95391],[-87.85809,36.95071],[-87.76487,36.97474],[-87.73337,37.0021],[-87.65972,36.9664],[-87.67187,36.87889],[-87.67376,36.82792],[-87.67377,36.75585],[-87.69419,36.63707],[-87.64115,36.63804],[-87.56305,36.63911],[-87.41431,36.64105],[-87.33598,36.64154],[-87.31874,36.74302],[-87.31716,36.75017],[-87.29315,36.88535],[-87.28214,36.94549],[-87.25937,37.0724],[-87.25511,37.07463],[-87.2506,37.07032],[-87.24924,37.06584],[-87.24525,37.06412],[-87.24837,37.05828],[-87.24658,37.05441],[-87.25344,37.05329],[-87.26041,37.0539],[-87.25938,37.04977],[-87.25265,37.05053],[-87.2508,37.04907],[-87.25026,37.04056],[-87.16888,37.04308],[-87.11807,37.04473],[-87.05316,37.06102],[-87.00113,37.06941],[-86.9764,37.07359],[-86.94139,37.06898],[-86.94486,37.07341],[-86.94291,37.07675],[-86.92454,37.0801],[-86.91917,37.08025],[-86.91242,37.08344],[-86.90547,37.08396],[-86.9051,37.08749],[-86.90014,37.08695],[-86.89529,37.0884],[-86.89725,37.09169],[-86.898,37.10181],[-86.90093,37.10505],[-86.90114,37.10883],[-86.89837,37.11189],[-86.89163,37.10998],[-86.88466,37.10973],[-86.88902,37.1155],[-86.89255,37.11482],[-86.89752,37.11801],[-86.89657,37.11989],[-86.90068,37.12328],[-86.89791,37.12591],[-86.90099,37.13108],[-86.9065,37.13018],[-86.90747,37.1265],[-86.91598,37.12583],[-86.91278,37.1359],[-86.92364,37.14286],[-86.93275,37.13569],[-86.93835,37.13613],[-86.93713,37.13922],[-86.9308,37.14055],[-86.92427,37.14462],[-86.92681,37.15123],[-86.92587,37.15341],[-86.92688,37.16027],[-86.92383,37.16264],[-86.92059,37.16935],[-86.91991,37.17639],[-86.91445,37.17787],[-86.90477,37.17799],[-86.90076,37.17656],[-86.89534,37.17736],[-86.89065,37.18515],[-86.89297,37.18766],[-86.90038,37.18437],[-86.90821,37.18949],[-86.90928,37.19301],[-86.90156,37.19196],[-86.90234,37.19659],[-86.90548,37.2024],[-86.9062,37.20785],[-86.90318,37.21171],[-86.89927,37.21231],[-86.90544,37.22053],[-86.91045,37.22355],[-86.91927,37.22519],[-86.9201,37.23016],[-86.91539,37.23358],[-86.92322,37.24149],[-86.93369,37.2401],[-86.93756,37.23727],[-86.94312,37.2377],[-86.94701,37.24059],[-86.94848,37.24638],[-86.95369,37.24994],[-86.95524,37.25279],[-86.95484,37.25762],[-86.95845,37.26086],[-86.96311,37.26089],[-86.96607,37.2572],[-86.97154,37.25796],[-86.97949,37.26716],[-86.98267,37.26963],[-86.98401,37.27448],[-86.98093,37.28634],[-86.98247,37.29521],[-86.98829,37.30269],[-86.98901,37.31055],[-86.98596,37.31657],[-86.98585,37.32091],[-86.98863,37.32459],[-86.99558,37.32706],[-86.99947,37.33309],[-87.0055,37.33747],[-87.01202,37.34573],[-87.01615,37.35314],[-87.02255,37.35865],[-87.03057,37.36331],[-87.04063,37.36673],[-87.05189,37.36947],[-87.07059,37.37047],[-87.08737,37.35984],[-87.09004,37.35521],[-87.09128,37.34796],[-87.09792,37.33868],[-87.09966,37.33255],[-87.10258,37.32862],[-87.11246,37.3243],[-87.1211,37.32588],[-87.12883,37.33338],[-87.13419,37.33246],[-87.13698,37.33552],[-87.13721,37.34128],[-87.12505,37.35536],[-87.12376,37.36081],[-87.11644,37.36479],[-87.11039,37.36694],[-87.09516,37.37593],[-87.09406,37.37811],[-87.09966,37.38838],[-87.0968,37.39648],[-87.0983,37.40411],[-87.09825,37.41191],[-87.0998,37.41604],[-87.1062,37.41528],[-87.1123,37.41154],[-87.17107,37.41359],[-87.20917,37.38224],[-87.21634,37.38045],[-87.22862,37.38361],[-87.22967,37.38238],[-87.23903,37.38517],[-87.25177,37.38641],[-87.29596,37.39182],[-87.29538,37.3871],[-87.29763,37.38484],[-87.30398,37.38329],[-87.30996,37.37679],[-87.30745,37.37388],[-87.30098,37.3747],[-87.29959,37.36831],[-87.30254,37.36557],[-87.3064,37.36626],[-87.31188,37.36369],[-87.32005,37.35117],[-87.31737,37.34776],[-87.32256,37.34388],[-87.33041,37.34407],[-87.33822,37.33599],[-87.33707,37.33004],[-87.33943,37.32448],[-87.34358,37.32541],[-87.34315,37.31894],[-87.33963,37.31496],[-87.34327,37.3134],[-87.34519,37.30986],[-87.35519,37.31087],[-87.35594,37.31441],[-87.36137,37.31304],[-87.36311,37.3169],[-87.36676,37.31854],[-87.37769,37.31214],[-87.37799,37.30511],[-87.37519,37.30432],[-87.37197,37.29923],[-87.37629,37.29679],[-87.38074,37.29201],[-87.38396,37.29083],[-87.37748,37.2857],[-87.38433,37.27906],[-87.38703,37.27361],[-87.38516,37.26696],[-87.38883,37.2614],[-87.3873,37.25542],[-87.37979,37.25342],[-87.37302,37.25048],[-87.36507,37.24959],[-87.3688,37.24644],[-87.3653,37.24164],[-87.36826,37.23877],[-87.35591,37.23658],[-87.35614,37.22999],[-87.34932,37.22695],[-87.34683,37.22347],[-87.34681,37.21903],[-87.34307,37.21616],[-87.34574,37.21233],[-87.34052,37.20935],[-87.33652,37.20988],[-87.33128,37.20478],[-87.33042,37.19996],[-87.31163,37.19682],[-87.30788,37.19461],[-87.30884,37.19105],[-87.31205,37.18988],[-87.31419,37.18524],[-87.31254,37.17989],[-87.32342,37.1715],[-87.32232,37.16781],[-87.32436,37.16553],[-87.33044,37.16474],[-87.33565,37.15695],[-87.34311,37.15752],[-87.34464,37.1562],[-87.35169,37.15931],[-87.35373,37.15752],[-87.35964,37.15693],[-87.3602,37.14997],[-87.35701,37.14546],[-87.35967,37.14446],[-87.36236,37.13941],[-87.36956,37.13719],[-87.37467,37.13368],[-87.45644,37.1288],[-87.48518,37.12691],[-87.49083,37.12583],[-87.49455,37.12311],[-87.49723,37.11886],[-87.50301,37.11627],[-87.51015,37.11471],[-87.51095,37.11065],[-87.5145,37.10698],[-87.52161,37.10534],[-87.54997,37.11362],[-87.62232,37.13524],[-87.65009,37.1471],[-87.66829,37.14973],[-87.68062,37.14924],[-87.68014,37.15124],[-87.68635,37.15588],[-87.69007,37.15477],[-87.69839,37.15856],[-87.69949,37.16504],[-87.70568,37.16725],[-87.71368,37.17869],[-87.71994,37.17528],[-87.72527,37.17958],[-87.72907,37.17824],[-87.72992,37.18316],[-87.7328,37.1878],[-87.73702,37.19077],[-87.74523,37.18919],[-87.7471,37.19284],[-87.74797,37.2092],[-87.75753,37.20796],[-87.75716,37.20403],[-87.76396,37.19489],[-87.77469,37.19813],[-87.7733,37.20297],[-87.77772,37.20638],[-87.76949,37.20889],[-87.7659,37.21156],[-87.7601,37.21353],[-87.76103,37.21614],[-87.76754,37.21705],[-87.77154,37.21413],[-87.77459,37.21886],[-87.78051,37.22419],[-87.78664,37.22063],[-87.78791,37.22438],[-87.78631,37.22914],[-87.78895,37.23247],[-87.79631,37.2334],[-87.80391,37.2432],[-87.79755,37.24583],[-87.79837,37.24882],[-87.79435,37.255],[-87.78698,37.25477],[-87.78907,37.25893],[-87.794,37.25798],[-87.79699,37.26121],[-87.79762,37.26815],[-87.7942,37.26923],[-87.79655,37.27707],[-87.7929,37.2825],[-87.79548,37.28648],[-87.79351,37.28932],[-87.79742,37.29282],[-87.80036,37.29152],[-87.80695,37.29332],[-87.80652,37.2999],[-87.80159,37.30409],[-87.80271,37.31088],[-87.79707,37.31591],[-87.79581,37.31912],[-87.80316,37.31826],[-87.8063,37.32099],[-87.80968,37.31727],[-87.82022,37.31793],[-87.82094,37.31635],[-87.81784,37.30905],[-87.81886,37.30432],[-87.82385,37.30386],[-87.82935,37.30656],[-87.83208,37.31024],[-87.83761,37.30984],[-87.8436,37.31531],[-87.85173,37.31867],[-87.85071,37.32164],[-87.84596,37.32572],[-87.8368,37.33113],[-87.83375,37.3399],[-87.82864,37.34211],[-87.82241,37.34181],[-87.82267,37.3454],[-87.81482,37.34261],[-87.81546,37.35093],[-87.8184,37.35403],[-87.82487,37.35183],[-87.82789,37.35299],[-87.82822,37.3589],[-87.81996,37.36603],[-87.81146,37.36409],[-87.80537,37.37131],[-87.80525,37.37361],[-87.80105,37.37944]]]},"properties":{"STATEFP":"21","SLDUST":"003","AFFGEOID":"610U800US21003","GEOID":"21003","NAME":"3","NAMELSAD":"State Senate District 3","STUSPS":"KY","STATE_NAME":"Kentucky","LSAD":"LU","LSY":"2022","ALAND":3962097124,"AWATER":56506750}},
{"type":"Feature","geometry":{"type":"Polygon","coordinates":[[[-84.593,38.97733],[-84.59798,38.96613],[-84.59383,38.95822],[-84.59326,38.94916],[-84.57172,38.9371],[-84.56977,38.93447],[-84.54841,38.92406],[-84.54934,38.91951],[-84.55973,38.92253],[-84.55527,38.91774],[-84.54479,38.9152],[-84.54449,38.90449],[-84.54202,38.90147],[-84.53995,38.89413],[-84.54002,38.88933],[-84.53548,38.88396],[-84.53582,38.87484],[-84.54011,38.86793],[-84.53607,38.85933],[-84.53611,38.85136],[-84.54018,38.84815],[-84.54905,38.848],[-84.55019,38.84451],[-84.5593,38.84237],[-84.55997,38.84043],[-84.56816,38.83794],[-84.56944,38.83342],[-84.57815,38.83302],[-84.5819,38.83027],[-84.58876,38.82771],[-84.59128,38.80956],[-84.59411,38.80067],[-84.60733,38.80686],[-84.61564,38.80226],[-84.61747,38.80327],[-84.63001,38.8029],[-84.64358,38.798],[-84.64497,38.79285],[-84.65617,38.79012],[-84.6577,38.78585],[-84.65602,38.78233],[-84.66011,38.77729],[-84.78077,38.76521],[-84.78579,38.72046],[-84.77432,38.61859],[-84.73845,38.5957],[-84.68076,38.5597],[-84.6745,38.55794],[-84.67413,38.55512],[-84.6793,38.55128],[-84.67515,38.54615],[-84.66782,38.54553],[-84.66546,38.54345],[-84.66931,38.54076],[-84.67148,38.53471],[-84.67147,38.52743],[-84.66814,38.52776],[-84.66694,38.53175],[-84.65775,38.53282],[-84.65816,38.52908],[-84.65434,38.52851],[-84.65208,38.52352],[-84.6462,38.52078],[-84.65005,38.51529],[-84.64512,38.51326],[-84.63616,38.50284],[-84.63356,38.49502],[-84.62844,38.49139],[-84.62665,38.48513],[-84.62108,38.48168],[-84.60529,38.48054],[-84.60077,38.48103],[-84.58054,38.47304],[-84.62358,38.43119],[-84.64946,38.41657],[-84.70607,38.37006],[-84.74059,38.35242],[-84.73792,38.30909],[-84.73777,38.2977],[-84.73029,38.2083],[-84.72517,38.19543],[-84.72411,38.19124],[-84.73068,38.18998],[-84.73158,38.18739],[-84.72744,38.1854],[-84.72144,38.1856],[-84.71873,38.17996],[-84.71416,38.17538],[-84.70754,38.17339],[-84.70319,38.17889],[-84.69571,38.17828],[-84.69267,38.18106],[-84.68844,38.18076],[-84.688,38.17691],[-84.69135,38.17515],[-84.6854,38.17065],[-84.68143,38.16924],[-84.67566,38.17216],[-84.68379,38.17494],[-84.67831,38.17931],[-84.66648,38.17592],[-84.66017,38.17908],[-84.65571,38.17947],[-84.64782,38.17661],[-84.6494,38.16897],[-84.65527,38.17101],[-84.65743,38.1674],[-84.6569,38.16132],[-84.65269,38.16038],[-84.65056,38.16265],[-84.64584,38.16326],[-84.64233,38.15747],[-84.6521,38.1584],[-84.65213,38.15179],[-84.65019,38.14936],[-84.65028,38.14482],[-84.6458,38.14545],[-84.64657,38.13467],[-84.64241,38.13576],[-84.63972,38.13136],[-84.63404,38.12599],[-84.63413,38.12179],[-84.63698,38.12056],[-84.63928,38.12802],[-84.64395,38.12604],[-84.64061,38.12347],[-84.64173,38.12016],[-84.64653,38.11922],[-84.65326,38.12101],[-84.65305,38.11646],[-84.64995,38.11235],[-84.64501,38.11663],[-84.63338,38.11088],[-84.62502,38.11656],[-84.64926,38.04321],[-84.64343,38.04138],[-84.63455,38.0405],[-84.62497,38.04284],[-84.60888,38.04243],[-84.59333,38.04427],[-84.57595,38.04417],[-84.56573,38.04574],[-84.56205,38.05127],[-84.55675,38.05602],[-84.56375,38.05935],[-84.55885,38.06839],[-84.5534,38.07439],[-84.54527,38.08014],[-84.54715,38.08907],[-84.54133,38.0861],[-84.53681,38.09048],[-84.53933,38.09248],[-84.53994,38.09961],[-84.53726,38.10556],[-84.54387,38.10571],[-84.53833,38.11682],[-84.53237,38.11522],[-84.53398,38.1125],[-84.52767,38.11167],[-84.53147,38.13655],[-84.53899,38.15907],[-84.40185,38.20789],[-84.41568,38.21368],[-84.41952,38.21399],[-84.4223,38.21709],[-84.41683,38.22125],[-84.41823,38.22922],[-84.42138,38.2316],[-84.42341,38.2381],[-84.42266,38.24468],[-84.4207,38.24674],[-84.42127,38.25278],[-84.43687,38.26635],[-84.43549,38.271],[-84.43698,38.27418],[-84.44152,38.27599],[-84.44122,38.28194],[-84.44471,38.2851],[-84.44059,38.29617],[-84.43699,38.29625],[-84.43301,38.29906],[-84.43385,38.30416],[-84.43986,38.31512],[-84.43996,38.31926],[-84.44402,38.32057],[-84.44665,38.3244],[-84.44646,38.32862],[-84.45221,38.33148],[-84.45592,38.3365],[-84.45694,38.34263],[-84.46089,38.34843],[-84.46263,38.358],[-84.46266,38.36468],[-84.4611,38.36682],[-84.45989,38.37897],[-84.4624,38.38446],[-84.46627,38.38788],[-84.46769,38.39288],[-84.47182,38.39444],[-84.47426,38.40017],[-84.48136,38.40375],[-84.48543,38.41015],[-84.48946,38.4115],[-84.49551,38.41726],[-84.50264,38.41868],[-84.52282,38.42833],[-84.52402,38.43131],[-84.52795,38.43325],[-84.5265,38.43807],[-84.52711,38.44503],[-84.52621,38.44984],[-84.53142,38.45842],[-84.54392,38.46473],[-84.54713,38.4681],[-84.55146,38.47931],[-84.553,38.48992],[-84.55405,38.4916],[-84.54824,38.49637],[-84.54281,38.4993],[-84.53539,38.50083],[-84.52747,38.50571],[-84.52139,38.5083],[-84.51302,38.50884],[-84.50914,38.50743],[-84.50277,38.51198],[-84.49587,38.51221],[-84.48529,38.50855],[-84.4763,38.54272],[-84.48948,38.59691],[-84.50031,38.64396],[-84.5049,38.665],[-84.52398,38.75431],[-84.53229,38.79194],[-84.41849,38.8059],[-84.42087,38.8082],[-84.41746,38.81194],[-84.42161,38.82393],[-84.42715,38.82792],[-84.43031,38.82855],[-84.43844,38.82469],[-84.44233,38.81784],[-84.44751,38.81734],[-84.45151,38.82034],[-84.45332,38.82804],[-84.4527,38.83579],[-84.45403,38.83964],[-84.46203,38.84717],[-84.4634,38.85206],[-84.45243,38.85844],[-84.44943,38.86129],[-84.45271,38.86629],[-84.44888,38.87222],[-84.44493,38.88055],[-84.44302,38.88906],[-84.43965,38.89726],[-84.43891,38.90488],[-84.44463,38.91174],[-84.4439,38.9159],[-84.44864,38.92078],[-84.4519,38.92898],[-84.46011,38.93887],[-84.46344,38.9465],[-84.46175,38.94945],[-84.46388,38.95202],[-84.4701,38.9481],[-84.47704,38.94857],[-84.47913,38.95145],[-84.47645,38.95951],[-84.47311,38.95979],[-84.47433,38.96596],[-84.48966,38.96357],[-84.49545,38.96085],[-84.50023,38.96273],[-84.50374,38.96592],[-84.50307,38.97046],[-84.51255,38.9692],[-84.52565,38.96456],[-84.53108,38.97135],[-84.53657,38.97098],[-84.53778,38.9735],[-84.54494,38.97665],[-84.54948,38.97497],[-84.55966,38.97932],[-84.56547,38.97858],[-84.57782,38.9731],[-84.58565,38.98015],[-84.59088,38.98011],[-84.593,38.97733]]]},"properties":{"STATEFP":"21","SLDUST":"017","AFFGEOID":"610U800US21017","GEOID":"21017","NAME":"17","NAMELSAD":"State Senate District 17","STUSPS":"KY","STATE_NAME":"Kentucky","LSAD":"LU","LSY":"2022","ALAND":1679698812,"AWATER":18818841}},
{"type":"Feature","geometry":{"type":"Polygon","coordinates":[[[-85.04332,37.18603],[-85.08964,37.12555],[-85.09961,37.11447],[-85.13362,37.0735],[-85.16619,37.03327],[-85.18398,37.01809],[-85.20583,36.99686],[-85.21062,36.98003],[-85.23203,36.92507],[-85.32975,36.93068],[-85.45183,36.93814],[-85.47422,36.89382],[-85.50738,36.86751],[-85.53698,36.86219],[-85.56072,36.85086],[-85.5754,36.86365],[-85.58053,36.86896],[-85.5871,36.8708],[-85.58907,36.87323],[-85.5988,36.87342],[-85.59992,36.86872],[-85.59594,36.86677],[-85.59537,36.86242],[-85.5926,36.86084],[-85.59421,36.85747],[-85.5895,36.85471],[-85.58567,36.84861],[-85.57469,36.83824],[-85.58122,36.82289],[-85.59621,36.81804],[-85.58875,36.77735],[-85.58156,36.77852],[-85.5762,36.77817],[-85.57443,36.77279],[-85.57104,36.7707],[-85.56299,36.77298],[-85.557,36.77167],[-85.55224,36.77435],[-85.54655,36.77354],[-85.54251,36.77481],[-85.53918,36.77233],[-85.54118,36.76444],[-85.53834,36.7578],[-85.53169,36.75603],[-85.52745,36.7458],[-85.52163,36.74327],[-85.52354,36.73878],[-85.51743,36.73133],[-85.51108,36.73284],[-85.50854,36.7368],[-85.50007,36.73342],[-85.4838,36.73545],[-85.47275,36.73413],[-85.47,36.731],[-85.47118,36.72752],[-85.47892,36.71741],[-85.48156,36.71243],[-85.4882,36.70403],[-85.49693,36.69072],[-85.43643,36.61852],[-85.43012,36.61895],[-85.33412,36.62295],[-85.32465,36.62455],[-85.3004,36.62444],[-85.29063,36.62645],[-85.27629,36.62651],[-85.19537,36.6255],[-85.09613,36.62248],[-85.08642,36.62191],[-85.02463,36.61935],[-84.98645,36.61667],[-84.94395,36.61257],[-84.85974,36.6065],[-84.84309,36.60513],[-84.80374,36.60427],[-84.77846,36.60321],[-84.67424,36.73916],[-84.679,36.74481],[-84.67929,36.74817],[-84.67427,36.75133],[-84.67231,36.75845],[-84.66625,36.75649],[-84.66545,36.76198],[-84.6597,36.76197],[-84.65435,36.76738],[-84.6504,36.76816],[-84.64201,36.76683],[-84.64043,36.77022],[-84.63295,36.77445],[-84.63237,36.78011],[-84.62475,36.77939],[-84.62298,36.78427],[-84.62736,36.7878],[-84.62256,36.79393],[-84.61676,36.79568],[-84.60843,36.79429],[-84.60794,36.80017],[-84.60003,36.79861],[-84.5962,36.79985],[-84.60307,36.80638],[-84.59921,36.80863],[-84.59575,36.80561],[-84.59229,36.80823],[-84.58813,36.80603],[-84.58773,36.8014],[-84.58168,36.80404],[-84.58686,36.80666],[-84.58516,36.81044],[-84.57934,36.8144],[-84.57775,36.81872],[-84.57773,36.82495],[-84.58216,36.826],[-84.58717,36.83112],[-84.59542,36.83727],[-84.59155,36.84002],[-84.58155,36.8406],[-84.57383,36.84429],[-84.57403,36.84764],[-84.58584,36.85045],[-84.58962,36.85557],[-84.59167,36.86251],[-84.58058,36.86291],[-84.57816,36.86713],[-84.53164,36.89007],[-84.41682,36.94692],[-84.39742,36.94937],[-84.38657,36.9515],[-84.38242,36.9532],[-84.36817,36.9626],[-84.3634,36.96255],[-84.35802,36.9594],[-84.35024,36.96369],[-84.34473,36.9717],[-84.34639,36.97699],[-84.34671,36.98332],[-84.34992,36.98728],[-84.34736,36.9902],[-84.34015,36.99032],[-84.33487,36.99184],[-84.32794,36.99758],[-84.31706,36.99933],[-84.31342,37.00708],[-84.31684,37.01075],[-84.32628,37.01557],[-84.32973,37.01941],[-84.33179,37.02438],[-84.32829,37.02826],[-84.31979,37.02862],[-84.31617,37.02321],[-84.30957,37.02561],[-84.30761,37.03207],[-84.30302,37.0384],[-84.30612,37.04101],[-84.31078,37.03796],[-84.31703,37.04049],[-84.318,37.04648],[-84.31582,37.05127],[-84.31758,37.05788],[-84.32522,37.06218],[-84.32427,37.06815],[-84.31855,37.07054],[-84.31465,37.07715],[-84.30935,37.07757],[-84.30328,37.08022],[-84.30149,37.08754],[-84.29848,37.0886],[-84.29141,37.08727],[-84.28479,37.08928],[-84.28694,37.09454],[-84.28017,37.10189],[-84.29072,37.11038],[-84.29296,37.11356],[-84.2887,37.1153],[-84.28171,37.11431],[-84.27903,37.11966],[-84.28753,37.12344],[-84.29389,37.12113],[-84.29699,37.12226],[-84.28941,37.12956],[-84.29228,37.13546],[-84.29133,37.14027],[-84.29372,37.14433],[-84.29183,37.14933],[-84.28908,37.15174],[-84.29208,37.16091],[-84.30047,37.16394],[-84.36241,37.21409],[-84.42707,37.2646],[-84.44629,37.27905],[-84.50029,37.32714],[-84.50293,37.3288],[-84.55646,37.35573],[-84.63412,37.30052],[-84.68919,37.26076],[-84.80934,37.17503],[-84.90111,37.1163],[-84.91656,37.10728],[-84.95441,37.10227],[-84.97047,37.11294],[-85.04332,37.18603]]]},"properties":{"STATEFP":"21","SLDUST":"015","AFFGEOID":"610U800US21015","GEOID":"21015","NAME":"15","NAMELSAD":"State Senate District 15","STUSPS":"KY","STATE_NAME":"Kentucky","LSAD":"LU","LSY":"2022","ALAND":4847485581,"AWATER":230230188}},
{"type":"Feature","geometry":{"type":"Polygon","coordinates":[[[-87.0998,37.41604],[-87.09825,37.41191],[-87.0983,37.40411],[-87.0968,37.39648],[-87.09966,37.38838],[-87.09406,37.37811],[-87.09516,37.37593],[-87.11039,37.36694],[-87.11644,37.36479],[-87.12376,37.36081],[-87.12505,37.35536],[-87.13721,37.34128],[-87.13698,37.33552],[-87.13419,37.33246],[-87.12883,37.33338],[-87.1211,37.32588],[-87.11246,37.3243],[-87.10258,37.32862],[-87.09966,37.33255],[-87.09792,37.33868],[-87.09128,37.34796],[-87.09004,37.35521],[-87.08737,37.35984],[-87.07059,37.37047],[-87.05189,37.36947],[-87.04063,37.36673],[-87.03057,37.36331],[-87.02255,37.35865],[-87.01615,37.35314],[-87.01202,37.34573],[-87.0055,37.33747],[-86.99947,37.33309],[-86.99558,37.32706],[-86.98863,37.32459],[-86.98585,37.32091],[-86.98596,37.31657],[-86.98901,37.31055],[-86.98829,37.30269],[-86.98247,37.29521],[-86.98093,37.28634],[-86.98401,37.27448],[-86.98267,37.26963],[-86.97949,37.26716],[-86.97154,37.25796],[-86.96607,37.2572],[-86.96311,37.26089],[-86.95845,37.26086],[-86.95484,37.25762],[-86.95524,37.25279],[-86.95369,37.24994],[-86.94848,37.24638],[-86.94701,37.24059],[-86.94312,37.2377],[-86.93756,37.23727],[-86.93369,37.2401],[-86.92322,37.24149],[-86.91539,37.23358],[-86.9201,37.23016],[-86.91927,37.22519],[-86.91045,37.22355],[-86.90544,37.22053],[-86.89927,37.21231],[-86.90318,37.21171],[-86.9062,37.20785],[-86.90548,37.2024],[-86.90234,37.19659],[-86.90156,37.19196],[-86.90928,37.19301],[-86.90821,37.18949],[-86.90038,37.18437],[-86.89297,37.18766],[-86.89065,37.18515],[-86.89534,37.17736],[-86.90076,37.17656],[-86.90477,37.17799],[-86.91445,37.17787],[-86.91991,37.17639],[-86.92059,37.16935],[-86.92383,37.16264],[-86.92688,37.16027],[-86.92587,37.15341],[-86.92681,37.15123],[-86.92427,37.14462],[-86.9308,37.14055],[-86.93713,37.13922],[-86.93835,37.13613],[-86.93275,37.13569],[-86.92364,37.14286],[-86.91278,37.1359],[-86.91598,37.12583],[-86.90747,37.1265],[-86.9065,37.13018],[-86.90099,37.13108],[-86.89791,37.12591],[-86.90068,37.12328],[-86.89657,37.11989],[-86.89752,37.11801],[-86.89255,37.11482],[-86.88902,37.1155],[-86.88466,37.10973],[-86.89163,37.10998],[-86.89837,37.11189],[-86.90114,37.10883],[-86.90093,37.10505],[-86.898,37.10181],[-86.89725,37.09169],[-86.89529,37.0884],[-86.90014,37.08695],[-86.9051,37.08749],[-86.90547,37.08396],[-86.91242,37.08344],[-86.91917,37.08025],[-86.92454,37.0801],[-86.94291,37.07675],[-86.94486,37.07341],[-86.94139,37.06898],[-86.84535,37.05651],[-86.79602,37.04009],[-86.67446,36.99977],[-86.66187,37.03233],[-86.63749,37.09449],[-86.61682,37.14672],[-86.61302,37.15411],[-86.61433,37.15906],[-86.61418,37.16694],[-86.61907,37.16939],[-86.62361,37.17475],[-86.62338,37.18105],[-86.61816,37.18391],[-86.61418,37.18077],[-86.61119,37.18089],[-86.60662,37.18522],[-86.59447,37.18497],[-86.58869,37.17887],[-86.58252,37.18036],[-86.58113,37.18507],[-86.57363,37.18401],[-86.56332,37.18727],[-86.5633,37.18021],[-86.55192,37.17631],[-86.54104,37.17601],[-86.53767,37.18067],[-86.53214,37.18142],[-86.52964,37.17712],[-86.52709,37.1769],[-86.52325,37.18321],[-86.51597,37.18653],[-86.50951,37.18553],[-86.50122,37.18749],[-86.49649,37.19071],[-86.49287,37.18545],[-86.48459,37.18188],[-86.48412,37.17773],[-86.47246,37.16637],[-86.46823,37.16024],[-86.46731,37.15346],[-86.45768,37.15059],[-86.44925,37.15107],[-86.4443,37.15404],[-86.44463,37.16101],[-86.44282,37.16556],[-86.43749,37.16611],[-86.43251,37.16108],[-86.42375,37.15826],[-86.41631,37.15309],[-86.41225,37.15186],[-86.40892,37.15451],[-86.4119,37.16196],[-86.40879,37.16761],[-86.39916,37.1699],[-86.41442,37.20171],[-86.46913,37.3211],[-86.33681,37.32602],[-86.32069,37.32673],[-86.20919,37.33293],[-86.20189,37.3304],[-86.19945,37.32827],[-86.19305,37.32791],[-86.1913,37.33058],[-86.19309,37.33397],[-86.1909,37.33968],[-86.18674,37.33736],[-86.18022,37.33732],[-86.17696,37.33277],[-86.1709,37.33209],[-86.15759,37.33565],[-86.15352,37.33932],[-86.15746,37.34272],[-86.16155,37.35001],[-86.15845,37.35148],[-86.15527,37.34865],[-86.15616,37.34486],[-86.14222,37.34365],[-86.13575,37.3439],[-86.13236,37.3393],[-86.12743,37.33854],[-86.12411,37.34449],[-86.12064,37.34633],[-86.1159,37.34337],[-86.1228,37.33831],[-86.12266,37.33236],[-86.11866,37.3332],[-86.11538,37.33877],[-86.1089,37.33361],[-86.09917,37.33031],[-86.09519,37.33312],[-86.10202,37.33483],[-86.10622,37.33855],[-86.10203,37.34194],[-86.10503,37.34993],[-86.10291,37.35266],[-86.09873,37.3515],[-86.0973,37.34668],[-86.09125,37.34534],[-86.09002,37.35118],[-86.08316,37.35177],[-86.07981,37.34801],[-86.09037,37.34273],[-86.08949,37.33941],[-86.08492,37.34063],[-86.08164,37.34454],[-86.07753,37.34169],[-86.07128,37.34037],[-86.07363,37.34805],[-86.06455,37.34861],[-86.06356,37.35158],[-86.06992,37.35424],[-86.06688,37.35709],[-86.06452,37.36351],[-86.06943,37.36798],[-86.06756,37.37337],[-86.05841,37.37337],[-86.05866,37.37606],[-86.06593,37.37574],[-86.07229,37.38099],[-86.06548,37.38393],[-86.07023,37.38849],[-86.06399,37.38893],[-86.05795,37.38509],[-86.05266,37.38469],[-86.05108,37.38723],[-86.05648,37.38999],[-86.05387,37.39422],[-86.04446,37.39194],[-86.04219,37.3892],[-86.04666,37.38416],[-86.04559,37.3813],[-86.0392,37.3829],[-86.03937,37.38732],[-86.0435,37.39242],[-86.04249,37.39503],[-86.03621,37.39464],[-86.03286,37.39114],[-86.01909,37.39454],[-86.0255,37.39788],[-86.02631,37.40297],[-86.03902,37.40382],[-86.04287,37.40538],[-86.04365,37.40883],[-86.0379,37.41123],[-86.03987,37.41711],[-86.03275,37.41815],[-86.03383,37.4226],[-86.03229,37.42681],[-86.04317,37.42869],[-86.04376,37.43098],[-86.03843,37.43455],[-86.04578,37.43533],[-86.04294,37.43918],[-86.04818,37.44055],[-86.05064,37.44406],[-86.0453,37.44774],[-86.0476,37.44993],[-86.05106,37.45282],[-86.05667,37.44853],[-86.06005,37.45108],[-86.05675,37.4532],[-86.06731,37.45739],[-86.06314,37.46489],[-86.06358,37.46775],[-86.0603,37.47254],[-86.05602,37.47199],[-86.05174,37.47884],[-86.05294,37.48384],[-86.06155,37.4899],[-86.05681,37.49108],[-86.05399,37.49486],[-86.06051,37.49811],[-86.05751,37.5015],[-86.06283,37.50322],[-86.06407,37.5079],[-86.10167,37.55062],[-86.11409,37.56713],[-86.11663,37.56406],[-86.12422,37.56717],[-86.13204,37.56662],[-86.13387,37.56336],[-86.14061,37.56409],[-86.14304,37.55954],[-86.14755,37.55998],[-86.15603,37.56285],[-86.16131,37.5629],[-86.16581,37.56769],[-86.17455,37.56203],[-86.17346,37.55613],[-86.17667,37.55484],[-86.17949,37.55823],[-86.17796,37.56167],[-86.18237,37.56253],[-86.18476,37.55914],[-86.18806,37.56121],[-86.18979,37.56528],[-86.19571,37.56553],[-86.19903,37.57066],[-86.2053,37.57254],[-86.21133,37.57886],[-86.21374,37.57608],[-86.22108,37.57603],[-86.21975,37.58035],[-86.22412,37.58142],[-86.23219,37.57503],[-86.23749,37.58553],[-86.2376,37.59015],[-86.24162,37.59257],[-86.24088,37.59685],[-86.24718,37.60158],[-86.25036,37.59441],[-86.25631,37.59283],[-86.25948,37.58643],[-86.2643,37.58865],[-86.26813,37.58463],[-86.27633,37.58766],[-86.2742,37.58992],[-86.27527,37.59352],[-86.22189,37.68064],[-86.15128,37.79888],[-86.00739,37.81852],[-85.97595,37.87579],[-85.99901,37.99998],[-86.01845,37.99653],[-86.02556,37.9945],[-86.03247,37.9901],[-86.03543,37.98136],[-86.03358,37.97023],[-86.03435,37.96462],[-86.03819,37.95959],[-86.04231,37.95817],[-86.05003,37.9605],[-86.058,37.96767],[-86.06486,37.97562],[-86.0699,37.98371],[-86.07593,37.99549],[-86.07939,38.00063],[-86.08634,38.00493],[-86.10417,38.01263],[-86.11752,38.01544],[-86.1283,38.01619],[-86.1479,38.01475],[-86.16531,38.00987],[-86.17656,38.01023],[-86.19093,38.01644],[-86.22071,38.02818],[-86.22333,38.03152],[-86.23345,38.03818],[-86.23334,38.03963],[-86.24693,38.04468],[-86.25926,38.05122],[-86.2672,38.0568],[-86.27138,38.06196],[-86.27358,38.06744],[-86.2777,38.08248],[-86.2791,38.10075],[-86.27536,38.11411],[-86.27027,38.12978],[-86.2706,38.13578],[-86.27285,38.14084],[-86.28711,38.15794],[-86.29574,38.16407],[-86.31714,38.17291],[-86.33348,38.18437],[-86.34774,38.19536],[-86.35772,38.19881],[-86.3675,38.19731],[-86.3738,38.19335],[-86.37815,38.18585],[-86.37858,38.17857],[-86.37743,38.17138],[-86.37174,38.16418],[-86.36605,38.16153],[-86.35755,38.15991],[-86.34486,38.15897],[-86.32803,38.15479],[-86.32393,38.15237],[-86.32119,38.14701],[-86.32385,38.13841],[-86.32911,38.132],[-86.33366,38.12924],[-86.34056,38.12774],[-86.35247,38.12846],[-86.37532,38.13063],[-86.37977,38.12927],[-86.38781,38.12439],[-86.39184,38.11715],[-86.39615,38.10715],[-86.40188,38.10433],[-86.40507,38.1058],[-86.4182,38.11709],[-86.42954,38.12528],[-86.43969,38.12741],[-86.44979,38.12722],[-86.45711,38.12453],[-86.46325,38.11928],[-86.46608,38.11444],[-86.46622,38.10678],[-86.46386,38.10118],[-86.45883,38.09601],[-86.43405,38.08676],[-86.43135,38.08347],[-86.43009,38.07864],[-86.43279,38.06717],[-86.43824,38.06043],[-86.45219,38.05049],[-86.46208,38.04753],[-86.48039,38.04558],[-86.50005,38.04576],[-86.51176,38.04445],[-86.51729,38.04263],[-86.52182,38.03833],[-86.52497,38.02788],[-86.52438,38.01861],[-86.52567,38.00715],[-86.52584,37.99839],[-86.52489,37.98183],[-86.52517,37.96823],[-86.52383,37.96217],[-86.51857,37.9518],[-86.51259,37.94695],[-86.50939,37.94249],[-86.50704,37.93644],[-86.50662,37.93072],[-86.51101,37.92612],[-86.51924,37.92216],[-86.53416,37.91701],[-86.54851,37.91784],[-86.56626,37.92216],[-86.58032,37.92315],[-86.58858,37.92116],[-86.59612,37.91429],[-86.59985,37.90675],[-86.6001,37.90122],[-86.59815,37.88455],[-86.59939,37.87475],[-86.59748,37.87148],[-86.59811,37.86738],[-86.60462,37.85827],[-86.62576,37.84727],[-86.63826,37.84272],[-86.64803,37.84143],[-86.6553,37.84251],[-86.6586,37.83883],[-86.66609,37.8358],[-86.67787,37.79284],[-86.62232,37.65501],[-86.75809,37.71089],[-86.82343,37.73775],[-86.86655,37.70885],[-86.81751,37.67381],[-86.82424,37.67106],[-86.82776,37.66728],[-86.84194,37.66542],[-86.8542,37.65496],[-86.86485,37.64957],[-86.87799,37.64706],[-86.87918,37.64291],[-86.89267,37.64286],[-86.8952,37.63907],[-86.90341,37.63422],[-86.90488,37.62982],[-86.91496,37.63054],[-86.91809,37.62563],[-86.92433,37.62562],[-86.93095,37.62375],[-86.93323,37.62623],[-86.93864,37.62562],[-86.94187,37.62874],[-86.9483,37.63054],[-86.95283,37.62802],[-86.98788,37.59793],[-87.0061,37.58047],[-87.03826,37.5608],[-87.04938,37.55186],[-87.10311,37.4809],[-87.10727,37.47954],[-87.11334,37.47151],[-87.11727,37.47238],[-87.11789,37.47825],[-87.12029,37.47977],[-87.12094,37.48425],[-87.12427,37.48695],[-87.12872,37.48524],[-87.13046,37.48185],[-87.12363,37.47521],[-87.12118,37.46969],[-87.11464,37.46565],[-87.10701,37.46359],[-87.10484,37.46155],[-87.10274,37.44553],[-87.10446,37.43587],[-87.10042,37.42803],[-87.10123,37.42093],[-87.0998,37.41604]]]},"properties":{"STATEFP":"21","SLDUST":"005","AFFGEOID":"610U800US21005","GEOID":"21005","NAME":"5","NAMELSAD":"State Senate District 5","STUSPS":"KY","STATE_NAME":"Kentucky","LSAD":"LU","LSY":"2022","ALAND":6184711649,"AWATER":157469090}},
{"type":"Feature","geometry":{"type":"Polygon","coordinates":[[[-85.76005,38.2462],[-85.76059,38.24205],[-85.75414,38.24135],[-85.75466,38.23839],[-85.74883,38.23776],[-85.74462,38.23887],[-85.73375,38.23812],[-85.72737,38.24129],[-85.72868,38.24386],[-85.722,38.2499],[-85.71574,38.25021],[-85.70453,38.24554],[-85.6889,38.2451],[-85.6806,38.24866],[-85.67198,38.24879],[-85.66501,38.24394],[-85.65695,38.24612],[-85.65386,38.24226],[-85.64821,38.24406],[-85.65056,38.24696],[-85.64504,38.24932],[-85.64207,38.24627],[-85.64772,38.24347],[-85.64282,38.23748],[-85.63663,38.24035],[-85.62728,38.23315],[-85.63334,38.22979],[-85.62528,38.22541],[-85.62228,38.22172],[-85.62859,38.21815],[-85.62776,38.21336],[-85.63045,38.21108],[-85.62463,38.20649],[-85.62213,38.20716],[-85.61833,38.20282],[-85.60981,38.19922],[-85.60307,38.19857],[-85.60482,38.19303],[-85.60697,38.18104],[-85.60945,38.18108],[-85.61927,38.17073],[-85.62002,38.16671],[-85.613,38.16377],[-85.61316,38.16066],[-85.60567,38.16034],[-85.60485,38.15573],[-85.59763,38.15542],[-85.59845,38.15118],[-85.6023,38.14765],[-85.59532,38.14734],[-85.59837,38.14104],[-85.60339,38.13859],[-85.6096,38.13752],[-85.60191,38.13154],[-85.60806,38.1271],[-85.61463,38.12487],[-85.63494,38.11965],[-85.64668,38.11787],[-85.64921,38.11404],[-85.65587,38.11304],[-85.66015,38.11533],[-85.67504,38.11051],[-85.67259,38.10351],[-85.67106,38.10385],[-85.65042,38.10285],[-85.64695,38.11059],[-85.61191,38.10866],[-85.61175,38.11136],[-85.60625,38.11106],[-85.60541,38.1149],[-85.60229,38.11674],[-85.60166,38.12304],[-85.59466,38.12276],[-85.59416,38.1277],[-85.59034,38.13166],[-85.58888,38.14039],[-85.58336,38.14189],[-85.59196,38.15968],[-85.59894,38.1649],[-85.5975,38.17092],[-85.58513,38.16869],[-85.58422,38.174],[-85.57659,38.17356],[-85.57624,38.17605],[-85.58358,38.18236],[-85.58405,38.18594],[-85.57598,38.18851],[-85.57097,38.18624],[-85.56895,38.1902],[-85.56546,38.19428],[-85.5707,38.19867],[-85.57058,38.20275],[-85.55982,38.20283],[-85.55879,38.2126],[-85.55354,38.22168],[-85.55554,38.22325],[-85.5718,38.22251],[-85.57882,38.2234],[-85.59016,38.22692],[-85.60323,38.21882],[-85.60692,38.21936],[-85.61111,38.22482],[-85.62312,38.23789],[-85.61896,38.25164],[-85.62247,38.25784],[-85.61731,38.26063],[-85.60681,38.26195],[-85.61036,38.26664],[-85.60445,38.26978],[-85.60869,38.27433],[-85.60801,38.2784],[-85.60893,38.29063],[-85.61679,38.3],[-85.6278,38.29559],[-85.62769,38.30686],[-85.62256,38.32153],[-85.63926,38.33133],[-85.65097,38.33161],[-85.65535,38.32385],[-85.66792,38.31063],[-85.67357,38.30233],[-85.68356,38.29547],[-85.73544,38.27048],[-85.72953,38.26293],[-85.72414,38.26226],[-85.71408,38.26455],[-85.7072,38.25962],[-85.70171,38.2577],[-85.69988,38.25375],[-85.71918,38.25364],[-85.72196,38.25691],[-85.72685,38.25446],[-85.73103,38.24967],[-85.74029,38.25202],[-85.74236,38.2401],[-85.74639,38.24052],[-85.7456,38.24514],[-85.76005,38.2462]]]},"properties":{"STATEFP":"21","SLDUST":"026","AFFGEOID":"610U800US21026","GEOID":"21026","NAME":"26","NAMELSAD":"State Senate District 26","STUSPS":"KY","STATE_NAME":"Kentucky","LSAD":"LU","LSY":"2022","ALAND":99228205,"AWATER":7828807}},
{"type":"Feature","geometry":{"type":"Polygon","coordinates":[[[-86.67446,36.99977],[-86.61646,36.89216],[-86.60661,36.89314],[-86.59505,36.89861],[-86.58533,36.90719],[-86.57557,36.91273],[-86.56702,36.91569],[-86.55712,36.92112],[-86.54276,36.93087],[-86.53012,36.94442],[-86.53324,36.94613],[-86.52365,36.95292],[-86.52203,36.95149],[-86.51683,36.95659],[-86.50955,36.95559],[-86.50823,36.95317],[-86.50204,36.95451],[-86.48744,36.96336],[-86.47103,36.97621],[-86.46699,36.98085],[-86.46178,36.9819],[-86.45371,36.98859],[-86.44738,36.98658],[-86.44217,36.98756],[-86.43476,36.97135],[-86.43087,36.97404],[-86.42481,36.9808],[-86.42838,36.98307],[-86.43005,36.98697],[-86.42625,36.99482],[-86.42654,36.99695],[-86.43273,37.00285],[-86.44514,36.99739],[-86.45086,37.00292],[-86.45476,37.00446],[-86.45812,37.00335],[-86.46657,37.0074],[-86.47423,37.00735],[-86.47511,37.01627],[-86.47249,37.01798],[-86.46366,37.01542],[-86.45344,37.01383],[-86.44474,37.0164],[-86.44896,37.02528],[-86.44508,37.03],[-86.44453,37.03525],[-86.43876,37.04309],[-86.4371,37.04773],[-86.4419,37.05991],[-86.44032,37.07087],[-86.43574,37.07039],[-86.42296,37.06685],[-86.42095,37.074],[-86.42214,37.07627],[-86.41864,37.08129],[-86.40545,37.07931],[-86.39721,37.07187],[-86.38945,37.0692],[-86.39083,37.0638],[-86.3899,37.06053],[-86.39426,37.05913],[-86.39266,37.05629],[-86.38257,37.05157],[-86.37824,37.05896],[-86.37559,37.06057],[-86.3674,37.06212],[-86.35609,37.07012],[-86.34282,37.07679],[-86.33424,37.07942],[-86.32882,37.08213],[-86.32498,37.08566],[-86.3117,37.0879],[-86.30379,37.09005],[-86.29417,37.09006],[-86.28175,37.0806],[-86.2679,37.08224],[-86.25649,37.08559],[-86.24499,37.09272],[-86.24181,37.09701],[-86.23708,37.09785],[-86.2293,37.10163],[-86.21861,37.10403],[-86.19225,37.0767],[-86.11351,37.06107],[-86.16674,36.93402],[-86.16086,36.93],[-86.16055,36.92423],[-86.16462,36.92072],[-86.17251,36.9183],[-86.17621,36.91515],[-86.17523,36.91278],[-86.16882,36.90847],[-86.16442,36.90689],[-86.15777,36.90649],[-86.14897,36.91156],[-86.15243,36.91711],[-86.15047,36.92681],[-86.14706,36.92984],[-86.1366,36.93206],[-86.1351,36.92978],[-86.13985,36.92041],[-86.14193,36.91353],[-86.13475,36.9053],[-86.13541,36.9023],[-86.14302,36.90081],[-86.14711,36.89696],[-86.1413,36.89229],[-86.1369,36.89469],[-86.12907,36.89639],[-86.12502,36.89559],[-86.11532,36.88105],[-86.11375,36.87557],[-86.10945,36.87204],[-86.10988,36.86829],[-86.10642,36.86506],[-86.10049,36.86422],[-86.09753,36.8677],[-86.0988,36.87094],[-86.10494,36.87653],[-86.1087,36.88289],[-86.10792,36.88759],[-86.10254,36.89591],[-86.0974,36.90081],[-86.08845,36.89987],[-86.07846,36.90239],[-86.07042,36.90192],[-86.06662,36.90031],[-86.06453,36.89704],[-86.0681,36.89433],[-86.07784,36.89233],[-86.07682,36.88125],[-86.07021,36.87729],[-86.07247,36.8715],[-86.07659,36.8724],[-86.07781,36.86672],[-86.07546,36.86426],[-86.07802,36.8547],[-86.07209,36.84435],[-86.05889,36.83522],[-86.05569,36.83006],[-86.06357,36.82568],[-86.06604,36.82285],[-86.06841,36.8125],[-86.07178,36.80817],[-86.06996,36.80578],[-86.05618,36.80915],[-86.05072,36.80941],[-86.04743,36.8079],[-86.04745,36.80449],[-86.05111,36.8016],[-86.05212,36.79445],[-86.04712,36.79512],[-86.03922,36.79084],[-86.04008,36.7878],[-86.03631,36.78579],[-86.0347,36.78038],[-86.03871,36.77808],[-86.0472,36.7789],[-86.05287,36.77481],[-86.05129,36.77241],[-86.04074,36.76744],[-86.03731,36.76018],[-86.03465,36.75993],[-86.03073,36.76438],[-86.00707,36.76034],[-86.00231,36.75871],[-85.99386,36.74924],[-85.98288,36.74156],[-85.97691,36.72272],[-85.90024,36.76709],[-85.80701,36.82164],[-85.791,36.82741],[-85.77229,36.83634],[-85.76708,36.8358],[-85.74993,36.84188],[-85.73925,36.84148],[-85.74618,36.94371],[-85.7504,37.0059],[-85.75543,37.02679],[-85.75928,37.06857],[-85.75848,37.09944],[-85.75609,37.10983],[-85.76247,37.11177],[-85.77177,37.10973],[-85.77696,37.13833],[-85.75931,37.15024],[-85.74422,37.16981],[-85.68648,37.18243],[-85.6609,37.14304],[-85.63231,37.12506],[-85.59096,37.1163],[-85.52688,37.10945],[-85.48189,37.12784],[-85.43384,37.14481],[-85.38026,37.16831],[-85.35277,37.19243],[-85.37189,37.22131],[-85.38655,37.22386],[-85.39119,37.22232],[-85.40648,37.22208],[-85.41144,37.22562],[-85.40736,37.23437],[-85.4038,37.23655],[-85.39713,37.23791],[-85.39156,37.23769],[-85.38928,37.24035],[-85.39066,37.24706],[-85.39278,37.24932],[-85.43123,37.30511],[-85.43687,37.30421],[-85.44047,37.31592],[-85.4797,37.36353],[-85.47808,37.36367],[-85.58448,37.43209],[-85.58664,37.43812],[-85.58671,37.44365],[-85.5831,37.44676],[-85.58151,37.45255],[-85.58517,37.45656],[-85.5835,37.46992],[-85.59043,37.46914],[-85.59318,37.47027],[-85.60334,37.46744],[-85.60689,37.46102],[-85.61071,37.46036],[-85.61721,37.46501],[-85.61783,37.46812],[-85.62351,37.46764],[-85.62844,37.47118],[-85.63435,37.47168],[-85.63627,37.46469],[-85.64009,37.45962],[-85.63823,37.45408],[-85.64456,37.44936],[-85.6551,37.44744],[-85.66247,37.43877],[-85.66539,37.43676],[-85.66437,37.43205],[-85.66059,37.43087],[-85.65733,37.422],[-85.73332,37.42533],[-85.75028,37.43115],[-85.8928,37.44031],[-86.0476,37.44993],[-86.0453,37.44774],[-86.05064,37.44406],[-86.04818,37.44055],[-86.04294,37.43918],[-86.04578,37.43533],[-86.03843,37.43455],[-86.04376,37.43098],[-86.04317,37.42869],[-86.03229,37.42681],[-86.03383,37.4226],[-86.03275,37.41815],[-86.03987,37.41711],[-86.0379,37.41123],[-86.04365,37.40883],[-86.04287,37.40538],[-86.03902,37.40382],[-86.02631,37.40297],[-86.0255,37.39788],[-86.01909,37.39454],[-86.03286,37.39114],[-86.03621,37.39464],[-86.04249,37.39503],[-86.0435,37.39242],[-86.03937,37.38732],[-86.0392,37.3829],[-86.04559,37.3813],[-86.04666,37.38416],[-86.04219,37.3892],[-86.04446,37.39194],[-86.05387,37.39422],[-86.05648,37.38999],[-86.05108,37.38723],[-86.05266,37.38469],[-86.05795,37.38509],[-86.06399,37.38893],[-86.07023,37.38849],[-86.06548,37.38393],[-86.07229,37.38099],[-86.06593,37.37574],[-86.05866,37.37606],[-86.05841,37.37337],[-86.06756,37.37337],[-86.06943,37.36798],[-86.06452,37.36351],[-86.06688,37.35709],[-86.06992,37.35424],[-86.06356,37.35158],[-86.06455,37.34861],[-86.07363,37.34805],[-86.07128,37.34037],[-86.07753,37.34169],[-86.08164,37.34454],[-86.08492,37.34063],[-86.08949,37.33941],[-86.09037,37.34273],[-86.07981,37.34801],[-86.08316,37.35177],[-86.09002,37.35118],[-86.09125,37.34534],[-86.0973,37.34668],[-86.09873,37.3515],[-86.10291,37.35266],[-86.10503,37.34993],[-86.10203,37.34194],[-86.10622,37.33855],[-86.10202,37.33483],[-86.09519,37.33312],[-86.09917,37.33031],[-86.1089,37.33361],[-86.11538,37.33877],[-86.11866,37.3332],[-86.12266,37.33236],[-86.1228,37.33831],[-86.1159,37.34337],[-86.12064,37.34633],[-86.12411,37.34449],[-86.12743,37.33854],[-86.13236,37.3393],[-86.13575,37.3439],[-86.14222,37.34365],[-86.15616,37.34486],[-86.15527,37.34865],[-86.15845,37.35148],[-86.16155,37.35001],[-86.15746,37.34272],[-86.15352,37.33932],[-86.15759,37.33565],[-86.1709,37.33209],[-86.17696,37.33277],[-86.18022,37.33732],[-86.18674,37.33736],[-86.1909,37.33968],[-86.19309,37.33397],[-86.1913,37.33058],[-86.19305,37.32791],[-86.19945,37.32827],[-86.20189,37.3304],[-86.20919,37.33293],[-86.32069,37.32673],[-86.33681,37.32602],[-86.46913,37.3211],[-86.41442,37.20171],[-86.39916,37.1699],[-86.40879,37.16761],[-86.4119,37.16196],[-86.40892,37.15451],[-86.41225,37.15186],[-86.41631,37.15309],[-86.42375,37.15826],[-86.43251,37.16108],[-86.43749,37.16611],[-86.44282,37.16556],[-86.44463,37.16101],[-86.4443,37.15404],[-86.44925,37.15107],[-86.45768,37.15059],[-86.46731,37.15346],[-86.46823,37.16024],[-86.47246,37.16637],[-86.48412,37.17773],[-86.48459,37.18188],[-86.49287,37.18545],[-86.49649,37.19071],[-86.50122,37.18749],[-86.50951,37.18553],[-86.51597,37.18653],[-86.52325,37.18321],[-86.52709,37.1769],[-86.52964,37.17712],[-86.53214,37.18142],[-86.53767,37.18067],[-86.54104,37.17601],[-86.55192,37.17631],[-86.5633,37.18021],[-86.56332,37.18727],[-86.57363,37.18401],[-86.58113,37.18507],[-86.58252,37.18036],[-86.58869,37.17887],[-86.59447,37.18497],[-86.60662,37.18522],[-86.61119,37.18089],[-86.61418,37.18077],[-86.61816,37.18391],[-86.62338,37.18105],[-86.62361,37.17475],[-86.61907,37.16939],[-86.61418,37.16694],[-86.61433,37.15906],[-86.61302,37.15411],[-86.61682,37.14672],[-86.63749,37.09449],[-86.66187,37.03233],[-86.67446,36.99977]]]},"properties":{"STATEFP":"21","SLDUST":"009","AFFGEOID":"610U800US21009","GEOID":"21009","NAME":"9","NAMELSAD":"State Senate District 9","STUSPS":"KY","STATE_NAME":"Kentucky","LSAD":"LU","LSY":"2022","ALAND":4423125741,"AWATER":74075477}},
{"type":"Feature","geometry":{"type":"Polygon","coordinates":[[[-85.73778,37.81179],[-85.74211,37.80339],[-85.73869,37.79791],[-85.74257,37.79225],[-85.74052,37.78924],[-85.73635,37.788],[-85.73178,37.78899],[-85.72698,37.78778],[-85.72703,37.7847],[-85.73635,37.7817],[-85.73355,37.77748],[-85.72813,37.77418],[-85.71785,37.77594],[-85.71294,37.77344],[-85.71646,37.76848],[-85.71083,37.76577],[-85.7045,37.76815],[-85.69973,37.76246],[-85.6957,37.76195],[-85.69292,37.75528],[-85.68848,37.75605],[-85.68521,37.75915],[-85.68243,37.7577],[-85.68485,37.75137],[-85.68282,37.74965],[-85.6836,37.74179],[-85.67949,37.73933],[-85.6848,37.73688],[-85.68049,37.73228],[-85.71683,37.68137],[-85.73871,37.65112],[-85.74284,37.64902],[-85.76048,37.64721],[-85.76612,37.64461],[-85.77258,37.63971],[-85.77635,37.63865],[-85.7745,37.63131],[-85.78547,37.62909],[-85.78945,37.62727],[-85.79413,37.62736],[-85.80352,37.62159],[-85.80093,37.61436],[-85.7973,37.60808],[-85.80702,37.60176],[-85.80707,37.59645],[-85.81232,37.59231],[-85.81929,37.58423],[-85.81937,37.57873],[-85.82189,37.57342],[-85.83866,37.56871],[-85.87486,37.5453],[-85.87601,37.54326],[-85.88861,37.47378],[-85.89446,37.47231],[-85.89362,37.45944],[-85.89144,37.45139],[-85.8928,37.44031],[-85.75028,37.43115],[-85.73332,37.42533],[-85.65733,37.422],[-85.66059,37.43087],[-85.66437,37.43205],[-85.66539,37.43676],[-85.66247,37.43877],[-85.6551,37.44744],[-85.64456,37.44936],[-85.63823,37.45408],[-85.64009,37.45962],[-85.63627,37.46469],[-85.63435,37.47168],[-85.62844,37.47118],[-85.62351,37.46764],[-85.61783,37.46812],[-85.61721,37.46501],[-85.61071,37.46036],[-85.60689,37.46102],[-85.60334,37.46744],[-85.59318,37.47027],[-85.59043,37.46914],[-85.5835,37.46992],[-85.57984,37.46556],[-85.56744,37.4638],[-85.56502,37.45978],[-85.55593,37.45836],[-85.55029,37.45916],[-85.54423,37.45785],[-85.54322,37.45523],[-85.53663,37.45647],[-85.52885,37.45407],[-85.52705,37.46132],[-85.51499,37.46791],[-85.5155,37.47352],[-85.50638,37.47724],[-85.50277,37.4823],[-85.49248,37.47907],[-85.49212,37.47191],[-85.48905,37.4676],[-85.4828,37.46776],[-85.47983,37.46539],[-85.47431,37.46713],[-85.46625,37.4656],[-85.45524,37.46997],[-85.44273,37.47179],[-85.44376,37.47696],[-85.4392,37.47873],[-85.42964,37.47843],[-85.42532,37.47439],[-85.41879,37.47383],[-85.4009,37.4741],[-85.39771,37.46854],[-85.38679,37.46779],[-85.38138,37.46551],[-85.37474,37.46909],[-85.36944,37.46619],[-85.36454,37.46836],[-85.36197,37.46663],[-85.35536,37.47097],[-85.34391,37.46845],[-85.34045,37.46951],[-85.33749,37.46186],[-85.33069,37.46135],[-85.31979,37.4502],[-85.31166,37.45082],[-85.30584,37.44559],[-85.30066,37.44501],[-85.29577,37.44059],[-85.29096,37.43957],[-85.28796,37.43679],[-85.27841,37.43484],[-85.27929,37.42917],[-85.27747,37.42485],[-85.2735,37.42324],[-85.27228,37.41728],[-85.26482,37.41646],[-85.25899,37.41697],[-85.2558,37.41965],[-85.2462,37.42036],[-85.24173,37.42718],[-85.238,37.42765],[-85.23448,37.43523],[-85.23126,37.43468],[-85.22815,37.44098],[-85.22218,37.44478],[-85.21584,37.44609],[-85.20818,37.44436],[-85.20317,37.44514],[-85.20086,37.44888],[-85.19677,37.44724],[-85.19349,37.45463],[-85.18343,37.45366],[-85.17865,37.4548],[-85.17319,37.45822],[-85.17364,37.46177],[-85.16956,37.464],[-85.16065,37.46166],[-85.15902,37.45592],[-85.15329,37.45377],[-85.15066,37.45066],[-85.14606,37.45217],[-85.14309,37.44733],[-85.13652,37.44923],[-85.13374,37.45348],[-85.1288,37.45326],[-85.12328,37.44552],[-85.11576,37.44279],[-85.11218,37.43634],[-85.10904,37.43727],[-85.10309,37.43234],[-85.09827,37.43212],[-85.09725,37.42627],[-85.09194,37.42355],[-85.08825,37.41838],[-85.08141,37.41829],[-85.07792,37.41473],[-85.07377,37.41367],[-85.07063,37.41375],[-85.06121,37.41825],[-85.05522,37.41676],[-85.04983,37.41258],[-85.04665,37.41354],[-85.0445,37.41912],[-85.04266,37.46101],[-85.04351,37.50009],[-85.03967,37.54523],[-85.03447,37.5967],[-85.03017,37.63127],[-85.02502,37.67885],[-85.0158,37.74047],[-85.00581,37.81661],[-85.01203,37.81717],[-85.00953,37.83559],[-85.00326,37.83503],[-85.00052,37.85472],[-85.01008,37.85925],[-85.0245,37.87824],[-85.03098,37.88153],[-85.03053,37.89154],[-85.0355,37.89168],[-85.03524,37.88844],[-85.04509,37.89184],[-85.04841,37.89583],[-85.05463,37.89406],[-85.05959,37.89043],[-85.06719,37.89653],[-85.06853,37.89549],[-85.06602,37.8889],[-85.07577,37.88853],[-85.07957,37.89122],[-85.08514,37.89191],[-85.08844,37.88765],[-85.10354,37.89122],[-85.10691,37.8939],[-85.10778,37.90385],[-85.10619,37.90925],[-85.11562,37.91391],[-85.1251,37.91615],[-85.12745,37.91421],[-85.12773,37.90761],[-85.13169,37.90454],[-85.13363,37.89861],[-85.14398,37.90191],[-85.14399,37.89837],[-85.13917,37.89698],[-85.13876,37.89158],[-85.14313,37.89234],[-85.14751,37.89101],[-85.14897,37.89672],[-85.1528,37.89766],[-85.16783,37.97181],[-85.16922,37.98137],[-85.16629,37.98752],[-85.17004,37.9947],[-85.16919,37.99792],[-85.16516,38.00052],[-85.16189,37.99057],[-85.15518,37.99224],[-85.14801,37.99648],[-85.13897,37.99813],[-85.13105,37.99588],[-85.12636,38.00366],[-85.12337,38.01058],[-85.12645,38.02029],[-85.11924,38.02095],[-85.12043,38.02595],[-85.11313,38.02564],[-85.1093,38.02717],[-85.10165,38.03727],[-85.23264,38.0895],[-85.27557,38.10237],[-85.33872,38.12103],[-85.42405,38.14744],[-85.42883,38.11838],[-85.43047,38.10725],[-85.43483,38.10575],[-85.43804,38.10193],[-85.44708,38.10155],[-85.45187,38.10231],[-85.46287,38.09588],[-85.46923,38.09622],[-85.51192,38.01288],[-85.51688,38.01127],[-85.4892,37.99065],[-85.53415,37.96523],[-85.52788,37.96259],[-85.52396,37.95719],[-85.52524,37.95275],[-85.52995,37.94723],[-85.54292,37.94036],[-85.54907,37.92824],[-85.55573,37.92398],[-85.56077,37.923],[-85.56533,37.9249],[-85.56561,37.92013],[-85.57276,37.916],[-85.57522,37.91692],[-85.58568,37.90773],[-85.58445,37.9037],[-85.5848,37.89355],[-85.57972,37.88348],[-85.58126,37.88103],[-85.58832,37.87576],[-85.59257,37.87609],[-85.59874,37.87218],[-85.60801,37.86925],[-85.61331,37.87003],[-85.61103,37.8649],[-85.61027,37.8589],[-85.6204,37.85043],[-85.6267,37.85005],[-85.62982,37.8453],[-85.63311,37.84386],[-85.64325,37.83403],[-85.65349,37.83273],[-85.65266,37.82904],[-85.66242,37.82478],[-85.67475,37.82344],[-85.67934,37.81721],[-85.68223,37.81971],[-85.68742,37.81792],[-85.69123,37.81851],[-85.69298,37.81524],[-85.69885,37.81123],[-85.70255,37.81421],[-85.70639,37.81413],[-85.72099,37.80777],[-85.72137,37.81018],[-85.73148,37.81224],[-85.73778,37.81179]]]},"properties":{"STATEFP":"21","SLDUST":"014","AFFGEOID":"610U800US21014","GEOID":"21014","NAME":"14","NAMELSAD":"State Senate District 14","STUSPS":"KY","STATE_NAME":"Kentucky","LSAD":"LU","LSY":"2022","ALAND":3903710126,"AWATER":52303063}},
{"type":"Feature","geometry":{"type":"Polygon","coordinates":[[[-85.03053,37.89154],[-85.03098,37.88153],[-85.0245,37.87824],[-85.01008,37.85925],[-85.00052,37.85472],[-85.00326,37.83503],[-85.00953,37.83559],[-85.01203,37.81717],[-85.00581,37.81661],[-85.0158,37.74047],[-85.02502,37.67885],[-85.03017,37.63127],[-85.03447,37.5967],[-85.03967,37.54523],[-85.02707,37.55053],[-85.0228,37.54992],[-85.01311,37.55127],[-85.00475,37.54674],[-85.00241,37.54853],[-85.00218,37.53363],[-84.94917,37.53297],[-84.8981,37.53211],[-84.84743,37.54834],[-84.78336,37.5767],[-84.74731,37.58553],[-84.75286,37.58854],[-84.75683,37.58836],[-84.75537,37.5961],[-84.74613,37.59758],[-84.74447,37.59403],[-84.74699,37.58561],[-84.72367,37.59134],[-84.6961,37.60772],[-84.69589,37.60971],[-84.68828,37.61251],[-84.68928,37.61437],[-84.69591,37.61642],[-84.69556,37.61903],[-84.6903,37.62243],[-84.68381,37.62099],[-84.67662,37.62398],[-84.67491,37.62102],[-84.67717,37.6182],[-84.67306,37.61589],[-84.66617,37.6175],[-84.66207,37.62411],[-84.65838,37.61775],[-84.65467,37.62342],[-84.6544,37.62741],[-84.6583,37.6345],[-84.66453,37.63311],[-84.66606,37.63976],[-84.65952,37.64244],[-84.65425,37.64083],[-84.65183,37.64968],[-84.65567,37.65398],[-84.65928,37.65473],[-84.66596,37.65288],[-84.66839,37.64718],[-84.67229,37.64582],[-84.67815,37.64603],[-84.67891,37.6424],[-84.67248,37.64061],[-84.67904,37.63681],[-84.68618,37.63974],[-84.69404,37.64112],[-84.69029,37.64675],[-84.67887,37.65285],[-84.67886,37.65515],[-84.68331,37.6594],[-84.6889,37.65875],[-84.69337,37.66456],[-84.70084,37.66148],[-84.70362,37.66444],[-84.69822,37.66851],[-84.68535,37.67291],[-84.68032,37.67597],[-84.68525,37.68172],[-84.68262,37.68414],[-84.68579,37.68761],[-84.69192,37.68533],[-84.69706,37.68163],[-84.7011,37.68226],[-84.70379,37.68741],[-84.69822,37.69453],[-84.70003,37.69741],[-84.70427,37.69763],[-84.71557,37.69528],[-84.72239,37.6928],[-84.72687,37.69683],[-84.7346,37.69501],[-84.7437,37.69839],[-84.73898,37.70615],[-84.73392,37.70854],[-84.73381,37.71075],[-84.73992,37.71353],[-84.74364,37.71258],[-84.74501,37.71618],[-84.73873,37.71865],[-84.73333,37.71803],[-84.72674,37.7138],[-84.72428,37.7162],[-84.73017,37.72543],[-84.7279,37.72881],[-84.72331,37.72591],[-84.71737,37.72442],[-84.70952,37.72426],[-84.70218,37.72539],[-84.69674,37.72283],[-84.68948,37.72696],[-84.69805,37.73061],[-84.70591,37.73162],[-84.7058,37.73625],[-84.69609,37.73919],[-84.69044,37.73499],[-84.68833,37.73622],[-84.68856,37.74175],[-84.69148,37.74485],[-84.70171,37.74535],[-84.70518,37.74827],[-84.70318,37.75527],[-84.6959,37.75705],[-84.69382,37.76282],[-84.70192,37.76685],[-84.71017,37.76601],[-84.71577,37.76999],[-84.71167,37.77445],[-84.71041,37.78114],[-84.70383,37.78541],[-84.70332,37.79096],[-84.70541,37.79313],[-84.71189,37.79333],[-84.7098,37.80008],[-84.71643,37.79956],[-84.71344,37.80642],[-84.71475,37.81222],[-84.72311,37.8205],[-84.72468,37.82483],[-84.72342,37.83295],[-84.7169,37.84092],[-84.70892,37.84397],[-84.6955,37.84542],[-84.69045,37.84863],[-84.68909,37.8548],[-84.6942,37.85948],[-84.70992,37.86195],[-84.70297,37.88116],[-84.67476,37.96209],[-84.66013,38.00375],[-84.61039,37.99078],[-84.59233,37.98643],[-84.54507,37.96705],[-84.54591,37.97346],[-84.54054,37.9803],[-84.53014,37.97617],[-84.52612,37.98635],[-84.51682,37.98377],[-84.51263,37.99111],[-84.5093,37.98926],[-84.50586,37.99134],[-84.52668,37.99786],[-84.5282,38.00718],[-84.53458,38.01343],[-84.54185,38.01468],[-84.54864,38.01714],[-84.55474,38.01342],[-84.5606,38.01605],[-84.56012,38.01916],[-84.56291,38.02228],[-84.55779,38.02534],[-84.55434,38.03027],[-84.55261,38.04481],[-84.55425,38.04666],[-84.56573,38.04574],[-84.57595,38.04417],[-84.59333,38.04427],[-84.60888,38.04243],[-84.62497,38.04284],[-84.63455,38.0405],[-84.64343,38.04138],[-84.64926,38.04321],[-84.62502,38.11656],[-84.63338,38.11088],[-84.64501,38.11663],[-84.64995,38.11235],[-84.65305,38.11646],[-84.65326,38.12101],[-84.64653,38.11922],[-84.64173,38.12016],[-84.64061,38.12347],[-84.64395,38.12604],[-84.63928,38.12802],[-84.63698,38.12056],[-84.63413,38.12179],[-84.63404,38.12599],[-84.63972,38.13136],[-84.64241,38.13576],[-84.64657,38.13467],[-84.6458,38.14545],[-84.65028,38.14482],[-84.65019,38.14936],[-84.65213,38.15179],[-84.6521,38.1584],[-84.64233,38.15747],[-84.64584,38.16326],[-84.65056,38.16265],[-84.65269,38.16038],[-84.6569,38.16132],[-84.65743,38.1674],[-84.65527,38.17101],[-84.6494,38.16897],[-84.64782,38.17661],[-84.65571,38.17947],[-84.66017,38.17908],[-84.66648,38.17592],[-84.67831,38.17931],[-84.68379,38.17494],[-84.67566,38.17216],[-84.68143,38.16924],[-84.6854,38.17065],[-84.69135,38.17515],[-84.688,38.17691],[-84.68844,38.18076],[-84.69267,38.18106],[-84.69571,38.17828],[-84.70319,38.17889],[-84.70754,38.17339],[-84.71416,38.17538],[-84.71873,38.17996],[-84.72144,38.1856],[-84.72744,38.1854],[-84.73158,38.18739],[-84.73068,38.18998],[-84.72411,38.19124],[-84.72517,38.19543],[-84.80742,38.16368],[-84.8648,38.14137],[-84.866,38.13463],[-84.86513,38.12406],[-84.86337,38.12134],[-84.86491,38.11693],[-84.86448,38.10758],[-84.86514,38.09644],[-84.8619,38.09128],[-84.85567,38.0902],[-84.84217,38.1],[-84.8363,38.09859],[-84.83011,38.09255],[-84.82742,38.08294],[-84.82873,38.081],[-84.8414,38.07259],[-84.84299,38.07001],[-84.84041,38.0664],[-84.83613,38.06381],[-84.82693,38.06046],[-84.82599,38.05499],[-84.82948,38.05221],[-84.84372,38.05271],[-84.84935,38.04891],[-84.84987,38.04586],[-84.84674,38.04091],[-84.8347,38.03448],[-84.83117,38.03048],[-84.82975,38.02362],[-84.83126,38.02012],[-84.83731,38.01424],[-84.8372,38.00784],[-84.82439,38.00362],[-84.81714,38],[-84.8166,37.9961],[-84.8215,37.98937],[-84.82354,37.98249],[-84.81806,37.97339],[-84.81216,37.9712],[-84.80669,37.97174],[-84.79633,37.97009],[-84.85494,37.95145],[-84.85719,37.94894],[-84.88375,37.93989],[-84.89243,37.94362],[-84.88973,37.94675],[-84.89558,37.94771],[-84.90214,37.93843],[-84.90501,37.94103],[-84.91007,37.94088],[-84.90938,37.94927],[-84.91536,37.94963],[-84.91809,37.94719],[-84.92228,37.94729],[-84.92162,37.95307],[-84.93308,37.95419],[-84.94804,37.94896],[-84.94862,37.94469],[-84.95627,37.94608],[-84.95738,37.93724],[-84.96824,37.93473],[-84.97335,37.93551],[-84.97721,37.92881],[-84.97719,37.92017],[-84.97914,37.91516],[-84.98657,37.91226],[-84.98719,37.90566],[-84.99327,37.90737],[-84.99554,37.90375],[-85.0007,37.90733],[-85.00114,37.90095],[-85.00745,37.89767],[-85.00617,37.89306],[-85.00798,37.89097],[-85.01349,37.89209],[-85.01469,37.895],[-85.02117,37.89356],[-85.0201,37.89106],[-85.02231,37.88648],[-85.03053,37.89154]]]},"properties":{"STATEFP":"21","SLDUST":"012","AFFGEOID":"610U800US21012","GEOID":"21012","NAME":"12","NAMELSAD":"State Senate District 12","STUSPS":"KY","STATE_NAME":"Kentucky","LSAD":"LU","LSY":"2022","ALAND":1669131174,"AWATER":23195053}},
{"type":"Feature","geometry":{"type":"Polygon","coordinates":[[[-85.76005,38.2462],[-85.77493,38.24802],[-85.77688,38.23735],[-85.77872,38.2345],[-85.77205,38.23393],[-85.77131,38.23011],[-85.78099,38.231],[-85.78349,38.22045],[-85.78785,38.221],[-85.79087,38.21615],[-85.79835,38.21489],[-85.80057,38.20336],[-85.80484,38.19691],[-85.80046,38.19642],[-85.79161,38.20328],[-85.78478,38.2129],[-85.77607,38.21088],[-85.76956,38.21125],[-85.77053,38.20571],[-85.77619,38.20633],[-85.77741,38.19862],[-85.76844,38.19867],[-85.76556,38.20515],[-85.76117,38.20516],[-85.7495,38.16191],[-85.75153,38.15729],[-85.76413,38.14832],[-85.77455,38.14276],[-85.77245,38.1327],[-85.77554,38.12774],[-85.77695,38.11983],[-85.78444,38.11542],[-85.77647,38.10944],[-85.77837,38.10769],[-85.76422,38.09538],[-85.76152,38.10257],[-85.74865,38.1122],[-85.73975,38.10335],[-85.73597,38.10665],[-85.73719,38.11619],[-85.73246,38.1176],[-85.72381,38.11597],[-85.70151,38.11605],[-85.69726,38.11721],[-85.68408,38.11599],[-85.67725,38.11806],[-85.66871,38.11936],[-85.66707,38.11732],[-85.64315,38.12284],[-85.64186,38.13948],[-85.64371,38.1402],[-85.64351,38.15376],[-85.64551,38.1554],[-85.64059,38.16084],[-85.63867,38.18003],[-85.64217,38.18036],[-85.64329,38.18421],[-85.63832,38.1839],[-85.63785,38.18717],[-85.66266,38.20045],[-85.66726,38.20541],[-85.67412,38.20318],[-85.68229,38.19797],[-85.68601,38.20087],[-85.69324,38.20086],[-85.69745,38.1969],[-85.70296,38.1976],[-85.71081,38.19051],[-85.71692,38.19126],[-85.74088,38.19062],[-85.74374,38.19431],[-85.74724,38.19269],[-85.75089,38.19489],[-85.75106,38.20865],[-85.74185,38.21359],[-85.74532,38.21697],[-85.74909,38.21534],[-85.75161,38.22014],[-85.74532,38.22285],[-85.74167,38.2263],[-85.74191,38.2308],[-85.72765,38.23573],[-85.72448,38.23163],[-85.71789,38.23224],[-85.70735,38.2383],[-85.70453,38.24554],[-85.71574,38.25021],[-85.722,38.2499],[-85.72868,38.24386],[-85.72737,38.24129],[-85.73375,38.23812],[-85.74462,38.23887],[-85.74883,38.23776],[-85.75466,38.23839],[-85.75414,38.24135],[-85.76059,38.24205],[-85.76005,38.2462]]]},"properties":{"STATEFP":"21","SLDUST":"035","AFFGEOID":"610U800US21035","GEOID":"21035","NAME":"35","NAMELSAD":"State Senate District 35","STUSPS":"KY","STATE_NAME":"Kentucky","LSAD":"LU","LSY":"2022","ALAND":115471427,"AWATER":692650}},
{"type":"Feature","geometry":{"type":"Polygon","coordinates":[[[-85.07377,37.41367],[-85.0805,37.40853],[-85.08252,37.40059],[-85.08732,37.39767],[-85.0911,37.39725],[-85.09545,37.39945],[-85.10618,37.39734],[-85.11026,37.39413],[-85.11178,37.39074],[-85.11896,37.38477],[-85.1271,37.38654],[-85.13116,37.38427],[-85.13289,37.37947],[-85.1332,37.37203],[-85.13124,37.36506],[-85.1325,37.35982],[-85.13536,37.35518],[-85.1399,37.3536],[-85.14531,37.33832],[-85.14908,37.337],[-85.1526,37.33116],[-85.15652,37.31907],[-85.16517,37.3104],[-85.14743,37.30443],[-85.11209,37.28209],[-85.0569,37.25704],[-85.05356,37.19675],[-85.04332,37.18603],[-84.97047,37.11294],[-84.95441,37.10227],[-84.91656,37.10728],[-84.90111,37.1163],[-84.80934,37.17503],[-84.68919,37.26076],[-84.63412,37.30052],[-84.55646,37.35573],[-84.50293,37.3288],[-84.50029,37.32714],[-84.44629,37.27905],[-84.42707,37.2646],[-84.36241,37.21409],[-84.30047,37.16394],[-84.29208,37.16091],[-84.28908,37.15174],[-84.29183,37.14933],[-84.29372,37.14433],[-84.29133,37.14027],[-84.29228,37.13546],[-84.28941,37.12956],[-84.29699,37.12226],[-84.29389,37.12113],[-84.28753,37.12344],[-84.27903,37.11966],[-84.28171,37.11431],[-84.2887,37.1153],[-84.29296,37.11356],[-84.29072,37.11038],[-84.28017,37.10189],[-84.28694,37.09454],[-84.28479,37.08928],[-84.29141,37.08727],[-84.29848,37.0886],[-84.30149,37.08754],[-84.30328,37.08022],[-84.30935,37.07757],[-84.31465,37.07715],[-84.31855,37.07054],[-84.32427,37.06815],[-84.32522,37.06218],[-84.31758,37.05788],[-84.31582,37.05127],[-84.318,37.04648],[-84.31703,37.04049],[-84.31078,37.03796],[-84.30612,37.04101],[-84.30302,37.0384],[-84.30761,37.03207],[-84.30957,37.02561],[-84.31617,37.02321],[-84.31979,37.02862],[-84.32829,37.02826],[-84.33179,37.02438],[-84.32973,37.01941],[-84.32628,37.01557],[-84.31684,37.01075],[-84.31342,37.00708],[-84.31706,36.99933],[-84.32794,36.99758],[-84.33487,36.99184],[-84.34015,36.99032],[-84.34736,36.9902],[-84.34992,36.98728],[-84.34671,36.98332],[-84.34639,36.97699],[-84.34473,36.9717],[-84.35024,36.96369],[-84.35802,36.9594],[-84.35988,36.95429],[-84.36759,36.95005],[-84.36821,36.94559],[-84.36406,36.94184],[-84.35907,36.93987],[-84.34587,36.9395],[-84.33663,36.94186],[-84.32451,36.94619],[-84.31366,36.94218],[-84.30811,36.94301],[-84.30194,36.9466],[-84.29742,36.94593],[-84.29071,36.94968],[-84.2855,36.9561],[-84.27759,36.95638],[-84.27615,36.96177],[-84.26734,36.96067],[-84.26356,36.96233],[-84.26438,36.96684],[-84.25556,36.97112],[-84.25688,36.96621],[-84.26039,36.96292],[-84.25516,36.95988],[-84.25182,36.95375],[-84.24589,36.9557],[-84.23713,36.95052],[-84.23809,36.94723],[-84.23213,36.9435],[-84.22543,36.94592],[-84.22445,36.94854],[-84.22467,36.95692],[-84.22249,36.96027],[-84.2177,36.95748],[-84.21715,36.95324],[-84.20977,36.94709],[-84.20361,36.95145],[-84.19999,36.94545],[-84.19661,36.9472],[-84.1902,36.94771],[-84.1855,36.94511],[-84.18313,36.93937],[-84.17423,36.9403],[-84.1713,36.9426],[-84.16558,36.94407],[-84.16085,36.94774],[-84.16306,36.95087],[-84.15833,36.95387],[-84.15188,36.95543],[-84.15064,36.96749],[-84.14414,36.96727],[-84.14239,36.96491],[-84.14555,36.96231],[-84.14531,36.95632],[-84.14044,36.95717],[-84.1363,36.96014],[-84.13385,36.96893],[-84.12555,36.97021],[-84.12094,36.96874],[-84.1123,36.96236],[-84.10648,36.95996],[-84.10162,36.96022],[-84.10185,36.95431],[-84.09452,36.9551],[-84.08643,36.96194],[-84.07864,36.9647],[-84.07659,36.96981],[-84.06766,36.97488],[-84.06176,36.97627],[-84.05746,36.97318],[-84.05423,36.97629],[-84.04175,36.97676],[-84.03825,36.98388],[-84.03231,36.98863],[-84.02712,36.98614],[-84.02347,36.98911],[-84.01985,36.98497],[-84.01571,36.98344],[-84.00936,36.98714],[-84.00576,36.9856],[-84.00175,36.98149],[-83.98819,36.98008],[-83.98172,36.98316],[-83.97812,36.98241],[-83.97823,36.97881],[-83.97256,36.97759],[-83.96734,36.97865],[-83.95914,36.97727],[-83.95169,36.98754],[-83.94246,36.98986],[-83.93578,36.99577],[-83.93168,36.99641],[-83.93472,37.00104],[-83.93389,37.00743],[-83.93044,37.00938],[-83.92443,37.02534],[-83.92234,37.03641],[-83.91626,37.03651],[-83.90554,37.03244],[-83.89912,37.03815],[-83.89367,37.04077],[-83.89082,37.04386],[-83.88483,37.04283],[-83.87572,37.04871],[-83.8716,37.0583],[-83.87778,37.0631],[-83.88449,37.06175],[-83.88439,37.06721],[-83.88772,37.07512],[-83.88584,37.0774],[-83.88044,37.07759],[-83.87492,37.08263],[-83.87296,37.08046],[-83.86576,37.08699],[-83.86253,37.09136],[-83.86745,37.09708],[-83.86674,37.10404],[-83.87301,37.108],[-83.87491,37.10728],[-83.8829,37.10902],[-83.88095,37.114],[-83.88567,37.11877],[-83.89185,37.11698],[-83.90388,37.11047],[-83.9096,37.11283],[-83.91516,37.11269],[-83.91941,37.10979],[-83.9254,37.11177],[-83.93289,37.11914],[-83.93551,37.12327],[-83.93292,37.12855],[-83.93567,37.13212],[-83.93809,37.13835],[-83.9484,37.15194],[-83.96447,37.16586],[-83.96891,37.16743],[-83.96899,37.17479],[-83.95614,37.18159],[-83.95404,37.18801],[-83.95012,37.18889],[-83.95045,37.19553],[-83.94747,37.20034],[-83.94233,37.20079],[-83.94064,37.205],[-83.94372,37.25055],[-84.00561,37.25334],[-84.04473,37.26774],[-84.04613,37.26664],[-84.05571,37.27091],[-84.05609,37.27604],[-84.04845,37.2818],[-84.05999,37.28572],[-84.06386,37.28328],[-84.06856,37.28516],[-84.0753,37.28444],[-84.0763,37.28777],[-84.08336,37.2925],[-84.087,37.29091],[-84.08853,37.29474],[-84.09334,37.29631],[-84.09555,37.29956],[-84.10133,37.30002],[-84.09943,37.30312],[-84.10725,37.30807],[-84.10132,37.3118],[-84.09525,37.31227],[-84.09769,37.31618],[-84.1071,37.31587],[-84.10629,37.31893],[-84.10926,37.32334],[-84.10807,37.32655],[-84.11411,37.32946],[-84.11905,37.33575],[-84.12494,37.33563],[-84.12851,37.33382],[-84.12804,37.32978],[-84.13417,37.32654],[-84.1379,37.31976],[-84.14177,37.32479],[-84.14593,37.32748],[-84.14437,37.33075],[-84.13682,37.32938],[-84.13604,37.33531],[-84.14192,37.3403],[-84.14079,37.34431],[-84.13377,37.34414],[-84.13365,37.34993],[-84.14068,37.34967],[-84.14302,37.35234],[-84.12913,37.35784],[-84.13095,37.36131],[-84.13563,37.36437],[-84.13878,37.3684],[-84.14559,37.36858],[-84.15624,37.37457],[-84.15758,37.37736],[-84.16948,37.38541],[-84.16937,37.39664],[-84.16387,37.40472],[-84.16317,37.411],[-84.15928,37.41737],[-84.16955,37.42623],[-84.16894,37.42985],[-84.17302,37.43264],[-84.17692,37.4412],[-84.18304,37.44543],[-84.18437,37.44809],[-84.18245,37.45285],[-84.18468,37.4558],[-84.18926,37.45684],[-84.19077,37.46495],[-84.19302,37.46638],[-84.1962,37.4777],[-84.20011,37.48352],[-84.20355,37.48618],[-84.20406,37.49044],[-84.20016,37.49571],[-84.20361,37.4988],[-84.20478,37.50759],[-84.20415,37.51156],[-84.19821,37.51531],[-84.19949,37.52286],[-84.2122,37.52398],[-84.21503,37.52564],[-84.22422,37.52719],[-84.23518,37.51979],[-84.23973,37.5238],[-84.2484,37.5248],[-84.25334,37.52318],[-84.25511,37.51892],[-84.26298,37.51557],[-84.26865,37.51557],[-84.26999,37.51967],[-84.27813,37.52366],[-84.28693,37.52461],[-84.2922,37.52307],[-84.30193,37.52343],[-84.30255,37.52789],[-84.29856,37.53511],[-84.30393,37.53742],[-84.30707,37.53512],[-84.30725,37.53097],[-84.31296,37.52833],[-84.31627,37.52986],[-84.31742,37.5348],[-84.32306,37.5391],[-84.32699,37.53747],[-84.32995,37.53952],[-84.33655,37.53608],[-84.3478,37.53906],[-84.34868,37.5344],[-84.35354,37.5216],[-84.36132,37.51367],[-84.35892,37.50567],[-84.35433,37.50176],[-84.35747,37.49495],[-84.36205,37.48843],[-84.36643,37.48593],[-84.36777,37.48074],[-84.37044,37.48009],[-84.37444,37.47266],[-84.44672,37.48589],[-84.45239,37.49277],[-84.46417,37.49286],[-84.4708,37.49659],[-84.47302,37.49448],[-84.56198,37.55456],[-84.61847,37.59305],[-84.61746,37.59872],[-84.62231,37.60358],[-84.63269,37.60097],[-84.64125,37.60878],[-84.64425,37.61277],[-84.64888,37.61055],[-84.64895,37.61559],[-84.65257,37.61821],[-84.6445,37.62375],[-84.64047,37.61874],[-84.63625,37.62249],[-84.64088,37.62371],[-84.64365,37.62752],[-84.64421,37.63188],[-84.65024,37.63319],[-84.65156,37.63599],[-84.6583,37.6345],[-84.6544,37.62741],[-84.65467,37.62342],[-84.65838,37.61775],[-84.66207,37.62411],[-84.66617,37.6175],[-84.67306,37.61589],[-84.67717,37.6182],[-84.67491,37.62102],[-84.67662,37.62398],[-84.68381,37.62099],[-84.6903,37.62243],[-84.69556,37.61903],[-84.69591,37.61642],[-84.68928,37.61437],[-84.68828,37.61251],[-84.69589,37.60971],[-84.6961,37.60772],[-84.72367,37.59134],[-84.74699,37.58561],[-84.74447,37.59403],[-84.74613,37.59758],[-84.75537,37.5961],[-84.75683,37.58836],[-84.75286,37.58854],[-84.74731,37.58553],[-84.78336,37.5767],[-84.84743,37.54834],[-84.8981,37.53211],[-84.94917,37.53297],[-85.00218,37.53363],[-85.00241,37.54853],[-85.00475,37.54674],[-85.01311,37.55127],[-85.0228,37.54992],[-85.02707,37.55053],[-85.03967,37.54523],[-85.04351,37.50009],[-85.04266,37.46101],[-85.0445,37.41912],[-85.04665,37.41354],[-85.04983,37.41258],[-85.05522,37.41676],[-85.06121,37.41825],[-85.07063,37.41375],[-85.07377,37.41367]]]},"properties":{"STATEFP":"21","SLDUST":"021","AFFGEOID":"610U800US21021","GEOID":"21021","NAME":"21","NAMELSAD":"State Senate District 21","STUSPS":"KY","STATE_NAME":"Kentucky","LSAD":"LU","LSY":"2022","ALAND":3956027470,"AWATER":42714410}},
{"type":"Feature","geometry":{"type":"Polygon","coordinates":[[[-87.30294,37.89771],[-87.31975,37.90552],[-87.33354,37.90834],[-87.33586,37.9074],[-87.34493,37.91116],[-87.35274,37.91609],[-87.35634,37.91972],[-87.36367,37.92224],[-87.37341,37.93116],[-87.37345,37.93224],[-87.38543,37.93767],[-87.39579,37.94018],[-87.40224,37.94268],[-87.41332,37.94471],[-87.42415,37.94432],[-87.42831,37.94505],[-87.4378,37.94422],[-87.45046,37.94145],[-87.46551,37.93369],[-87.48245,37.92226],[-87.49689,37.91117],[-87.50748,37.90673],[-87.5115,37.90643],[-87.52028,37.91262],[-87.53153,37.9163],[-87.55128,37.92542],[-87.56207,37.93329],[-87.5683,37.94063],[-87.57215,37.94663],[-87.5736,37.95164],[-87.57699,37.95229],[-87.57449,37.95721],[-87.5741,37.96211],[-87.57573,37.96778],[-87.57918,37.97153],[-87.58454,37.97466],[-87.59617,37.97486],[-87.60157,37.9713],[-87.6033,37.96729],[-87.60345,37.96028],[-87.60559,37.95014],[-87.6079,37.94697],[-87.61905,37.93852],[-87.61873,37.93393],[-87.62527,37.92962],[-87.62789,37.92225],[-87.62559,37.91603],[-87.6208,37.90768],[-87.61179,37.9014],[-87.59712,37.89239],[-87.58714,37.88486],[-87.58374,37.87808],[-87.58392,37.87248],[-87.58804,37.86898],[-87.59027,37.85858],[-87.6066,37.83867],[-87.6154,37.83197],[-87.62501,37.82908],[-87.63581,37.82702],[-87.64586,37.8259],[-87.65517,37.82604],[-87.66652,37.82746],[-87.6724,37.82913],[-87.67919,37.83632],[-87.6819,37.84641],[-87.68163,37.85592],[-87.66682,37.87985],[-87.66438,37.88674],[-87.66684,37.89576],[-87.67176,37.8998],[-87.67913,37.90295],[-87.68705,37.90305],[-87.71067,37.8939],[-87.72363,37.89206],[-87.73812,37.8947],[-87.76259,37.89074],[-87.78173,37.87882],[-87.78641,37.87656],[-87.79518,37.87527],[-87.80754,37.87523],[-87.82977,37.87642],[-87.83886,37.88017],[-87.84644,37.88799],[-87.84649,37.89353],[-87.85724,37.90065],[-87.86166,37.90948],[-87.86609,37.91517],[-87.87254,37.921],[-87.88332,37.92624],[-87.89247,37.92793],[-87.89806,37.92751],[-87.90479,37.92489],[-87.92174,37.90789],[-87.92777,37.90092],[-87.93836,37.8908],[-87.94007,37.88767],[-87.94102,37.87917],[-87.94,37.87504],[-87.93623,37.86794],[-87.9273,37.85871],[-87.91489,37.84962],[-87.91028,37.84342],[-87.90777,37.83761],[-87.9038,37.81776],[-87.90681,37.80762],[-87.91914,37.80213],[-87.92754,37.79985],[-87.93494,37.79522],[-87.9347,37.79183],[-87.9386,37.78791],[-87.94451,37.77526],[-87.94859,37.77234],[-87.95259,37.77174],[-87.96003,37.77322],[-87.97026,37.78186],[-87.97639,37.788],[-87.99117,37.79405],[-87.9971,37.79767],[-88.00471,37.80015],[-88.01514,37.80193],[-88.02102,37.80141],[-88.02803,37.79922],[-88.03244,37.79636],[-88.03583,37.79192],[-88.03877,37.78431],[-88.04087,37.77208],[-88.0426,37.76712],[-88.04994,37.75408],[-88.05959,37.74261],[-88.0638,37.73865],[-88.07254,37.73329],[-88.08192,37.73039],[-88.09576,37.72321],[-88.10184,37.71804],[-88.1178,37.71258],[-88.12503,37.70709],[-88.13234,37.69714],[-88.13428,37.6915],[-88.14543,37.68259],[-88.15165,37.6751],[-88.15821,37.66454],[-88.16019,37.65759],[-88.15864,37.6491],[-88.15837,37.63995],[-88.15683,37.6328],[-88.15269,37.62283],[-88.14175,37.60285],[-88.14238,37.59243],[-88.14078,37.58522],[-88.13428,37.57464],[-88.12294,37.56935],[-88.10314,37.55394],[-88.09281,37.53964],[-88.08805,37.53512],[-88.07805,37.53203],[-88.07224,37.52883],[-88.06902,37.5253],[-88.06331,37.51576],[-88.06283,37.50812],[-88.06133,37.50531],[-88.0527,37.50728],[-88.04749,37.51827],[-88.0427,37.51737],[-88.0386,37.51327],[-88.03409,37.5136],[-88.03073,37.51659],[-88.02999,37.52051],[-88.02106,37.52853],[-88.02017,37.53207],[-88.02356,37.53787],[-88.02057,37.54416],[-88.01606,37.54722],[-88.0037,37.54639],[-88.00062,37.54444],[-87.99881,37.53858],[-87.99865,37.52976],[-87.99955,37.52623],[-87.99882,37.51802],[-87.99974,37.51461],[-87.99692,37.50627],[-87.9914,37.50283],[-87.98791,37.49625],[-87.98056,37.49396],[-87.97701,37.50065],[-87.97198,37.4993],[-87.97099,37.49501],[-87.96683,37.48887],[-87.9665,37.48462],[-87.97609,37.47666],[-87.98138,37.47686],[-87.98281,37.47421],[-87.97633,37.47059],[-87.97104,37.46988],[-87.96799,37.472],[-87.96459,37.47046],[-87.95518,37.47893],[-87.95016,37.47991],[-87.94338,37.47725],[-87.93638,37.48027],[-87.93249,37.47645],[-87.94176,37.46938],[-87.94395,37.46522],[-87.94108,37.45462],[-87.94184,37.45283],[-87.93792,37.44607],[-87.93638,37.43865],[-87.93992,37.43337],[-87.93832,37.42564],[-87.93253,37.41671],[-87.93274,37.41308],[-87.92877,37.40863],[-87.92093,37.40979],[-87.90597,37.3995],[-87.90303,37.3982],[-87.89262,37.40307],[-87.88069,37.40544],[-87.87581,37.40767],[-87.8705,37.40543],[-87.8636,37.41102],[-87.86241,37.41565],[-87.85652,37.41444],[-87.85497,37.41809],[-87.84703,37.42075],[-87.84361,37.41682],[-87.84691,37.40589],[-87.84395,37.40104],[-87.84636,37.39434],[-87.85079,37.39579],[-87.85902,37.39269],[-87.85968,37.38009],[-87.84738,37.37558],[-87.84273,37.37656],[-87.83998,37.37965],[-87.83648,37.37762],[-87.82637,37.38009],[-87.82531,37.38507],[-87.81736,37.38266],[-87.80819,37.37663],[-87.80105,37.37944],[-87.80525,37.37361],[-87.80537,37.37131],[-87.81146,37.36409],[-87.81996,37.36603],[-87.82822,37.3589],[-87.82789,37.35299],[-87.82487,37.35183],[-87.8184,37.35403],[-87.81546,37.35093],[-87.81482,37.34261],[-87.82267,37.3454],[-87.82241,37.34181],[-87.82864,37.34211],[-87.83375,37.3399],[-87.8368,37.33113],[-87.84596,37.32572],[-87.85071,37.32164],[-87.85173,37.31867],[-87.8436,37.31531],[-87.83761,37.30984],[-87.83208,37.31024],[-87.82935,37.30656],[-87.82385,37.30386],[-87.81886,37.30432],[-87.81784,37.30905],[-87.82094,37.31635],[-87.82022,37.31793],[-87.80968,37.31727],[-87.8063,37.32099],[-87.80316,37.31826],[-87.79581,37.31912],[-87.79707,37.31591],[-87.80271,37.31088],[-87.80159,37.30409],[-87.80652,37.2999],[-87.80695,37.29332],[-87.80036,37.29152],[-87.79742,37.29282],[-87.79351,37.28932],[-87.79548,37.28648],[-87.7929,37.2825],[-87.79655,37.27707],[-87.7942,37.26923],[-87.79762,37.26815],[-87.79699,37.26121],[-87.794,37.25798],[-87.78907,37.25893],[-87.78698,37.25477],[-87.79435,37.255],[-87.79837,37.24882],[-87.79755,37.24583],[-87.80391,37.2432],[-87.79631,37.2334],[-87.78895,37.23247],[-87.78631,37.22914],[-87.78791,37.22438],[-87.78664,37.22063],[-87.78051,37.22419],[-87.77459,37.21886],[-87.77154,37.21413],[-87.76754,37.21705],[-87.76103,37.21614],[-87.7601,37.21353],[-87.7659,37.21156],[-87.76949,37.20889],[-87.77772,37.20638],[-87.7733,37.20297],[-87.77469,37.19813],[-87.76396,37.19489],[-87.75716,37.20403],[-87.75753,37.20796],[-87.74797,37.2092],[-87.7471,37.19284],[-87.74523,37.18919],[-87.73702,37.19077],[-87.7328,37.1878],[-87.72992,37.18316],[-87.72907,37.17824],[-87.72527,37.17958],[-87.71994,37.17528],[-87.71368,37.17869],[-87.70568,37.16725],[-87.69949,37.16504],[-87.69839,37.15856],[-87.69007,37.15477],[-87.68635,37.15588],[-87.68014,37.15124],[-87.68062,37.14924],[-87.66829,37.14973],[-87.65009,37.1471],[-87.62232,37.13524],[-87.54997,37.11362],[-87.52161,37.10534],[-87.5145,37.10698],[-87.51095,37.11065],[-87.51015,37.11471],[-87.50301,37.11627],[-87.49723,37.11886],[-87.49455,37.12311],[-87.49083,37.12583],[-87.48518,37.12691],[-87.45644,37.1288],[-87.37467,37.13368],[-87.36956,37.13719],[-87.36236,37.13941],[-87.35967,37.14446],[-87.35701,37.14546],[-87.3602,37.14997],[-87.35964,37.15693],[-87.35373,37.15752],[-87.35169,37.15931],[-87.34464,37.1562],[-87.34311,37.15752],[-87.33565,37.15695],[-87.33044,37.16474],[-87.32436,37.16553],[-87.32232,37.16781],[-87.32342,37.1715],[-87.31254,37.17989],[-87.31419,37.18524],[-87.31205,37.18988],[-87.30884,37.19105],[-87.30788,37.19461],[-87.31163,37.19682],[-87.33042,37.19996],[-87.33128,37.20478],[-87.33652,37.20988],[-87.34052,37.20935],[-87.34574,37.21233],[-87.34307,37.21616],[-87.34681,37.21903],[-87.34683,37.22347],[-87.34932,37.22695],[-87.35614,37.22999],[-87.35591,37.23658],[-87.36826,37.23877],[-87.3653,37.24164],[-87.3688,37.24644],[-87.36507,37.24959],[-87.37302,37.25048],[-87.37979,37.25342],[-87.3873,37.25542],[-87.38883,37.2614],[-87.38516,37.26696],[-87.38703,37.27361],[-87.38433,37.27906],[-87.37748,37.2857],[-87.38396,37.29083],[-87.38074,37.29201],[-87.37629,37.29679],[-87.37197,37.29923],[-87.37519,37.30432],[-87.37799,37.30511],[-87.37769,37.31214],[-87.36676,37.31854],[-87.36311,37.3169],[-87.36137,37.31304],[-87.35594,37.31441],[-87.35519,37.31087],[-87.34519,37.30986],[-87.34327,37.3134],[-87.33963,37.31496],[-87.34315,37.31894],[-87.34358,37.32541],[-87.33943,37.32448],[-87.33707,37.33004],[-87.33822,37.33599],[-87.33041,37.34407],[-87.32256,37.34388],[-87.31737,37.34776],[-87.32005,37.35117],[-87.31188,37.36369],[-87.3064,37.36626],[-87.30254,37.36557],[-87.29959,37.36831],[-87.30098,37.3747],[-87.30745,37.37388],[-87.30996,37.37679],[-87.30398,37.38329],[-87.29763,37.38484],[-87.29538,37.3871],[-87.29596,37.39182],[-87.30053,37.39016],[-87.30519,37.39491],[-87.30814,37.40037],[-87.31148,37.40187],[-87.31917,37.4008],[-87.32037,37.39803],[-87.32854,37.39846],[-87.32971,37.40822],[-87.33218,37.41158],[-87.33537,37.4119],[-87.35109,37.42493],[-87.35262,37.42752],[-87.35134,37.4375],[-87.35514,37.44631],[-87.35588,37.46037],[-87.3583,37.46569],[-87.35733,37.47122],[-87.35441,37.47669],[-87.35411,37.48065],[-87.36166,37.48805],[-87.35688,37.49539],[-87.35963,37.50228],[-87.35794,37.50707],[-87.35002,37.51414],[-87.3494,37.51867],[-87.35346,37.52402],[-87.35456,37.52837],[-87.36005,37.53281],[-87.3653,37.53278],[-87.36663,37.53484],[-87.36216,37.53971],[-87.35961,37.54613],[-87.3609,37.55024],[-87.36898,37.55866],[-87.37269,37.56446],[-87.38,37.57843],[-87.39175,37.58701],[-87.39697,37.58925],[-87.41012,37.58975],[-87.42192,37.5924],[-87.44455,37.59168],[-87.46446,37.59376],[-87.4827,37.60091],[-87.48464,37.60582],[-87.49965,37.62745],[-87.49992,37.63927],[-87.49414,37.64896],[-87.47684,37.66132],[-87.47281,37.66487],[-87.46489,37.66766],[-87.45388,37.66935],[-87.43844,37.67093],[-87.42668,37.66991],[-87.42053,37.67015],[-87.41301,37.67468],[-87.40529,37.68961],[-87.39846,37.69812],[-87.3961,37.70248],[-87.3939,37.71027],[-87.39534,37.72017],[-87.39409,37.724],[-87.38726,37.73002],[-87.37873,37.73489],[-87.37076,37.73781],[-87.33956,37.73913],[-87.32077,37.74252],[-87.30098,37.75359],[-87.28978,37.76108],[-87.28471,37.76986],[-87.27161,37.78012],[-87.274,37.78426],[-87.29391,37.78383],[-87.29852,37.78658],[-87.29833,37.79258],[-87.30029,37.79614],[-87.30641,37.79582],[-87.31048,37.79901],[-87.30829,37.80371],[-87.30287,37.80894],[-87.30326,37.81171],[-87.30738,37.81521],[-87.31551,37.81617],[-87.31928,37.81905],[-87.3234,37.81924],[-87.30294,37.89771]]]},"properties":{"STATEFP":"21","SLDUST":"004","AFFGEOID":"610U800US21004","GEOID":"21004","NAME":"4","NAMELSAD":"State Senate District 4","STUSPS":"KY","STATE_NAME":"Kentucky","LSAD":"LU","LSY":"2022","ALAND":4282421632,"AWATER":169344335}},
{"type":"Feature","geometry":{"type":"Polygon","coordinates":[[[-85.65097,38.33161],[-85.63926,38.33133],[-85.62256,38.32153],[-85.62769,38.30686],[-85.6278,38.29559],[-85.61679,38.3],[-85.60893,38.29063],[-85.60801,38.2784],[-85.60869,38.27433],[-85.60445,38.26978],[-85.59932,38.26414],[-85.56397,38.27394],[-85.56905,38.28418],[-85.57232,38.2876],[-85.57761,38.28603],[-85.58271,38.29249],[-85.58288,38.29618],[-85.58566,38.30294],[-85.59725,38.29946],[-85.59861,38.30245],[-85.59349,38.3089],[-85.60015,38.31173],[-85.60476,38.30921],[-85.60866,38.31295],[-85.60572,38.31881],[-85.58917,38.31685],[-85.58223,38.31485],[-85.56979,38.31868],[-85.57448,38.33022],[-85.56114,38.33332],[-85.55996,38.33638],[-85.52697,38.31795],[-85.53202,38.31753],[-85.55324,38.31744],[-85.56152,38.31561],[-85.57237,38.30937],[-85.5585,38.30339],[-85.54861,38.29747],[-85.51742,38.30617],[-85.51896,38.30884],[-85.5146,38.31101],[-85.49827,38.30174],[-85.46821,38.28531],[-85.46073,38.28598],[-85.46284,38.29131],[-85.45498,38.29207],[-85.45432,38.29926],[-85.44873,38.29615],[-85.44508,38.29945],[-85.43747,38.29684],[-85.4321,38.29348],[-85.42668,38.29298],[-85.42753,38.30354],[-85.42327,38.30218],[-85.41676,38.30244],[-85.41421,38.29608],[-85.40846,38.29462],[-85.40978,38.30173],[-85.40857,38.304],[-85.39542,38.30539],[-85.39278,38.30788],[-85.3861,38.30804],[-85.3518,38.30306],[-85.32456,38.31009],[-85.28308,38.35805],[-85.29556,38.37391],[-85.32511,38.40408],[-85.33178,38.44311],[-85.34608,38.45954],[-85.31508,38.4921],[-85.30985,38.49937],[-85.30547,38.49752],[-85.29871,38.49708],[-85.28893,38.49813],[-85.27963,38.49627],[-85.27336,38.50006],[-85.24772,38.52611],[-85.19384,38.5668],[-85.16827,38.58545],[-85.21137,38.58022],[-85.21583,38.58519],[-85.21887,38.59602],[-85.21398,38.60135],[-85.21953,38.60735],[-85.22102,38.61216],[-85.23026,38.61782],[-85.2314,38.62095],[-85.22907,38.62713],[-85.25891,38.65632],[-85.32968,38.72582],[-85.33309,38.7362],[-85.34895,38.7323],[-85.36522,38.73047],[-85.37226,38.73045],[-85.39783,38.73562],[-85.41024,38.73714],[-85.41954,38.73551],[-85.4363,38.72848],[-85.44227,38.71985],[-85.45018,38.71193],[-85.45236,38.70819],[-85.45675,38.69225],[-85.45549,38.68209],[-85.44481,38.67008],[-85.43874,38.65932],[-85.43774,38.6489],[-85.43946,38.63581],[-85.43973,38.61149],[-85.4363,38.59839],[-85.41897,38.57132],[-85.41582,38.56356],[-85.41574,38.54672],[-85.41705,38.54173],[-85.42244,38.53293],[-85.42874,38.52707],[-85.43844,38.52193],[-85.45855,38.51468],[-85.46686,38.51084],[-85.47512,38.50369],[-85.47947,38.49453],[-85.48125,38.48837],[-85.49142,38.4747],[-85.49887,38.46824],[-85.5094,38.46349],[-85.52479,38.45764],[-85.53821,38.45521],[-85.55241,38.45361],[-85.57491,38.45258],[-85.58603,38.45009],[-85.5971,38.4451],[-85.60446,38.44082],[-85.61828,38.42635],[-85.62406,38.41233],[-85.62996,38.40231],[-85.63294,38.39567],[-85.63786,38.38026],[-85.63868,38.36395],[-85.64431,38.34602],[-85.65097,38.33161]]]},"properties":{"STATEFP":"21","SLDUST":"006","AFFGEOID":"610U800US21006","GEOID":"21006","NAME":"6","NAMELSAD":"State Senate District 6","STUSPS":"KY","STATE_NAME":"Kentucky","LSAD":"LU","LSY":"2022","ALAND":915702943,"AWATER":48863354}},
{"type":"Feature","geometry":{"type":"Polygon","coordinates":[[[-87.30294,37.89771],[-87.3234,37.81924],[-87.31928,37.81905],[-87.31551,37.81617],[-87.30738,37.81521],[-87.30326,37.81171],[-87.30287,37.80894],[-87.30829,37.80371],[-87.31048,37.79901],[-87.30641,37.79582],[-87.30029,37.79614],[-87.29833,37.79258],[-87.29852,37.78658],[-87.29391,37.78383],[-87.274,37.78426],[-87.27161,37.78012],[-87.28471,37.76986],[-87.28978,37.76108],[-87.30098,37.75359],[-87.32077,37.74252],[-87.33956,37.73913],[-87.37076,37.73781],[-87.37873,37.73489],[-87.38726,37.73002],[-87.39409,37.724],[-87.39534,37.72017],[-87.3939,37.71027],[-87.3961,37.70248],[-87.39846,37.69812],[-87.40529,37.68961],[-87.41301,37.67468],[-87.42053,37.67015],[-87.42668,37.66991],[-87.43844,37.67093],[-87.45388,37.66935],[-87.46489,37.66766],[-87.47281,37.66487],[-87.47684,37.66132],[-87.49414,37.64896],[-87.49992,37.63927],[-87.49965,37.62745],[-87.48464,37.60582],[-87.4827,37.60091],[-87.46446,37.59376],[-87.44455,37.59168],[-87.42192,37.5924],[-87.41012,37.58975],[-87.39697,37.58925],[-87.39175,37.58701],[-87.38,37.57843],[-87.37269,37.56446],[-87.36898,37.55866],[-87.3609,37.55024],[-87.35961,37.54613],[-87.36216,37.53971],[-87.36663,37.53484],[-87.3653,37.53278],[-87.36005,37.53281],[-87.35456,37.52837],[-87.35346,37.52402],[-87.3494,37.51867],[-87.35002,37.51414],[-87.35794,37.50707],[-87.35963,37.50228],[-87.35688,37.49539],[-87.36166,37.48805],[-87.35411,37.48065],[-87.35441,37.47669],[-87.35733,37.47122],[-87.3583,37.46569],[-87.35588,37.46037],[-87.35514,37.44631],[-87.35134,37.4375],[-87.35262,37.42752],[-87.35109,37.42493],[-87.33537,37.4119],[-87.33218,37.41158],[-87.32971,37.40822],[-87.32854,37.39846],[-87.32037,37.39803],[-87.31917,37.4008],[-87.31148,37.40187],[-87.30814,37.40037],[-87.30519,37.39491],[-87.30053,37.39016],[-87.29596,37.39182],[-87.25177,37.38641],[-87.23903,37.38517],[-87.22967,37.38238],[-87.22862,37.38361],[-87.21634,37.38045],[-87.20917,37.38224],[-87.17107,37.41359],[-87.1123,37.41154],[-87.1062,37.41528],[-87.0998,37.41604],[-87.10123,37.42093],[-87.10042,37.42803],[-87.10446,37.43587],[-87.10274,37.44553],[-87.10484,37.46155],[-87.10701,37.46359],[-87.11464,37.46565],[-87.12118,37.46969],[-87.12363,37.47521],[-87.13046,37.48185],[-87.12872,37.48524],[-87.12427,37.48695],[-87.12094,37.48425],[-87.12029,37.47977],[-87.11789,37.47825],[-87.11727,37.47238],[-87.11334,37.47151],[-87.10727,37.47954],[-87.10311,37.4809],[-87.04938,37.55186],[-87.03826,37.5608],[-87.0061,37.58047],[-86.98788,37.59793],[-86.95283,37.62802],[-86.9483,37.63054],[-86.94187,37.62874],[-86.93864,37.62562],[-86.93323,37.62623],[-86.93095,37.62375],[-86.92433,37.62562],[-86.91809,37.62563],[-86.91496,37.63054],[-86.90488,37.62982],[-86.90341,37.63422],[-86.8952,37.63907],[-86.89267,37.64286],[-86.87918,37.64291],[-86.87799,37.64706],[-86.86485,37.64957],[-86.8542,37.65496],[-86.84194,37.66542],[-86.82776,37.66728],[-86.82424,37.67106],[-86.81751,37.67381],[-86.86655,37.70885],[-86.82343,37.73775],[-86.75809,37.71089],[-86.62232,37.65501],[-86.67787,37.79284],[-86.66609,37.8358],[-86.6586,37.83883],[-86.6553,37.84251],[-86.65827,37.84414],[-86.66164,37.84971],[-86.66249,37.85695],[-86.65837,37.86938],[-86.64873,37.88604],[-86.64475,37.89481],[-86.64414,37.90237],[-86.64551,37.90653],[-86.65009,37.91062],[-86.66089,37.91306],[-86.67304,37.9149],[-86.68093,37.91501],[-86.68601,37.91308],[-86.69199,37.90853],[-86.70782,37.89837],[-86.71846,37.89312],[-86.72225,37.89265],[-86.73146,37.89434],[-86.73472,37.89659],[-86.75099,37.91289],[-86.76473,37.93241],[-86.77551,37.94941],[-86.77991,37.95546],[-86.77857,37.9573],[-86.78717,37.9688],[-86.79051,37.98005],[-86.79551,37.98945],[-86.80313,37.99248],[-86.81527,37.99888],[-86.82349,37.99894],[-86.83516,37.99375],[-86.84903,37.99002],[-86.85595,37.98729],[-86.86322,37.9825],[-86.87587,37.97077],[-86.87936,37.96927],[-86.88648,37.96307],[-86.89029,37.95743],[-86.90198,37.94645],[-86.91795,37.93724],[-86.92582,37.93511],[-86.93336,37.93494],[-86.94463,37.93353],[-86.96478,37.93238],[-86.968,37.933],[-86.97896,37.9302],[-87.0033,37.9224],[-87.01237,37.91871],[-87.03417,37.90626],[-87.04016,37.90122],[-87.0452,37.89433],[-87.04589,37.88757],[-87.04341,37.87994],[-87.04329,37.86855],[-87.04751,37.85875],[-87.05666,37.82753],[-87.05958,37.8222],[-87.06207,37.81418],[-87.06967,37.80151],[-87.07904,37.7941],[-87.08928,37.78786],[-87.09603,37.78526],[-87.11101,37.78235],[-87.11859,37.78282],[-87.12963,37.78661],[-87.1342,37.79294],[-87.13704,37.80719],[-87.14151,37.81632],[-87.15626,37.83593],[-87.16475,37.84135],[-87.17036,37.8422],[-87.17584,37.84102],[-87.20387,37.84449],[-87.22034,37.84908],[-87.23459,37.85722],[-87.25647,37.8684],[-87.26798,37.87743],[-87.27317,37.88012],[-87.28042,37.88564],[-87.29831,37.89592],[-87.30294,37.89771]]]},"properties":{"STATEFP":"21","SLDUST":"008","AFFGEOID":"610U800US21008","GEOID":"21008","NAME":"8","NAMELSAD":"State Senate District 8","STUSPS":"KY","STATE_NAME":"Kentucky","LSAD":"LU","LSY":"2022","ALAND":2327355404,"AWATER":85553730}},
{"type":"Feature","geometry":{"type":"Polygon","coordinates":[[[-83.43394,38.03397],[-83.43864,38.03089],[-83.45036,38.03022],[-83.45151,38.02767],[-83.45032,38.01972],[-83.45607,38.01751],[-83.46341,38.01698],[-83.46879,38.0192],[-83.46852,38.02175],[-83.46174,38.0247],[-83.45509,38.02917],[-83.45686,38.03288],[-83.4627,38.03174],[-83.47492,38.02576],[-83.4795,38.02733],[-83.47875,38.03237],[-83.47312,38.03798],[-83.46773,38.03943],[-83.46556,38.04175],[-83.46407,38.05021],[-83.46874,38.05003],[-83.47442,38.04753],[-83.47778,38.04848],[-83.48443,38.04651],[-83.49615,38.0492],[-83.4986,38.05411],[-83.49291,38.05895],[-83.48823,38.0588],[-83.48721,38.06419],[-83.48313,38.06524],[-83.48048,38.06914],[-83.47233,38.06955],[-83.46933,38.06591],[-83.46402,38.06812],[-83.46282,38.07255],[-83.46449,38.07741],[-83.46328,38.07971],[-83.46582,38.08431],[-83.47115,38.08208],[-83.47543,38.08569],[-83.47956,38.0824],[-83.48915,38.08504],[-83.49127,38.08672],[-83.49666,38.08492],[-83.50184,38.08784],[-83.50715,38.08626],[-83.50873,38.07478],[-83.51073,38.07042],[-83.51612,38.07208],[-83.51675,38.07735],[-83.52296,38.08508],[-83.51962,38.08889],[-83.52767,38.09321],[-83.53154,38.09229],[-83.53442,38.09469],[-83.52936,38.09879],[-83.52937,38.10157],[-83.52361,38.10095],[-83.52098,38.10731],[-83.51526,38.10809],[-83.51965,38.11283],[-83.51992,38.11589],[-83.52544,38.11935],[-83.53452,38.1199],[-83.54202,38.11581],[-83.54694,38.11532],[-83.55472,38.11244],[-83.55916,38.11611],[-83.55203,38.1221],[-83.55446,38.12463],[-83.54933,38.13182],[-83.55163,38.13777],[-83.55595,38.13576],[-83.55804,38.14147],[-83.56333,38.14303],[-83.56793,38.14611],[-83.57639,38.14714],[-83.579,38.14492],[-83.58522,38.14548],[-83.58831,38.13695],[-83.5909,38.13376],[-83.59602,38.13117],[-83.59849,38.12768],[-83.60352,38.12852],[-83.60603,38.13083],[-83.61178,38.13139],[-83.61372,38.13321],[-83.61526,38.14194],[-83.6187,38.14609],[-83.61426,38.14915],[-83.61904,38.15283],[-83.61726,38.15814],[-83.60424,38.16436],[-83.5994,38.16323],[-83.59643,38.16813],[-83.59164,38.16916],[-83.59334,38.17267],[-83.60557,38.18719],[-83.61404,38.18663],[-83.6107,38.17722],[-83.61597,38.17762],[-83.6203,38.17559],[-83.62436,38.18005],[-83.62876,38.182],[-83.63384,38.18678],[-83.63642,38.18643],[-83.63885,38.17827],[-83.64655,38.17096],[-83.64962,38.17633],[-83.64965,38.18216],[-83.6544,38.19319],[-83.65865,38.20104],[-83.6669,38.20155],[-83.67235,38.19746],[-83.67895,38.20561],[-83.6819,38.21265],[-83.68583,38.21411],[-83.68903,38.21107],[-83.69441,38.20938],[-83.68898,38.19855],[-83.69757,38.19812],[-83.70021,38.20123],[-83.70132,38.20729],[-83.69667,38.21277],[-83.69815,38.21697],[-83.69596,38.22706],[-83.69238,38.22921],[-83.69124,38.2344],[-83.69561,38.24362],[-83.69278,38.24719],[-83.6846,38.25206],[-83.68728,38.26054],[-83.69198,38.26016],[-83.6936,38.25067],[-83.69945,38.24606],[-83.70825,38.24368],[-83.71245,38.2466],[-83.71727,38.25194],[-83.71384,38.25689],[-83.70767,38.25872],[-83.70568,38.26273],[-83.7108,38.26817],[-83.72406,38.26898],[-83.72731,38.26829],[-83.73178,38.26267],[-83.73779,38.26529],[-83.73823,38.26815],[-83.73533,38.27884],[-83.73232,38.28345],[-83.72659,38.28349],[-83.7237,38.28554],[-83.72435,38.29056],[-83.72842,38.29362],[-83.73542,38.29361],[-83.73899,38.29158],[-83.7402,38.28724],[-83.74408,38.28471],[-83.75717,38.2849],[-83.75941,38.28787],[-83.75965,38.29302],[-83.76247,38.29529],[-83.76836,38.29353],[-83.77488,38.28575],[-83.77858,38.28758],[-83.78226,38.29368],[-83.78457,38.29478],[-83.79491,38.29247],[-83.79868,38.28346],[-83.80187,38.27928],[-83.81272,38.28219],[-83.81529,38.28631],[-83.8138,38.29001],[-83.81558,38.29259],[-83.82186,38.29462],[-83.82067,38.29874],[-83.82296,38.30081],[-83.83566,38.30263],[-83.8407,38.30218],[-83.84678,38.29651],[-83.84988,38.29664],[-83.91269,38.24539],[-83.97792,38.19212],[-83.99017,38.17507],[-84.02645,38.15243],[-84.03208,38.14856],[-84.0394,38.14549],[-84.04245,38.14142],[-84.04954,38.13718],[-84.06007,38.1339],[-84.06606,38.12897],[-84.07011,38.12381],[-84.08053,38.11512],[-84.18707,38.09029],[-84.28646,38.06703],[-84.28437,38.06917],[-84.28777,38.07322],[-84.28726,38.07559],[-84.29798,38.07998],[-84.3048,38.08575],[-84.31173,38.08676],[-84.31437,38.09301],[-84.31812,38.09289],[-84.32038,38.08911],[-84.32696,38.08472],[-84.34358,38.09104],[-84.34461,38.09494],[-84.35462,38.09837],[-84.36056,38.09871],[-84.37012,38.10522],[-84.36991,38.109],[-84.37937,38.11112],[-84.38093,38.11349],[-84.37745,38.1179],[-84.37776,38.12131],[-84.36859,38.1259],[-84.36739,38.13004],[-84.36847,38.13404],[-84.41067,38.10524],[-84.44039,38.08537],[-84.4425,38.08964],[-84.44732,38.09429],[-84.46175,38.08412],[-84.4664,38.08888],[-84.47251,38.09326],[-84.48559,38.09988],[-84.48693,38.09406],[-84.49505,38.07462],[-84.50049,38.07524],[-84.51086,38.07261],[-84.50829,38.06829],[-84.50448,38.07027],[-84.50083,38.06029],[-84.49897,38.05862],[-84.49083,38.06364],[-84.48383,38.06547],[-84.47685,38.07095],[-84.47185,38.06696],[-84.46348,38.06986],[-84.45341,38.06148],[-84.45341,38.05874],[-84.44977,38.05358],[-84.45611,38.05106],[-84.45413,38.04823],[-84.45409,38.0429],[-84.43877,38.04122],[-84.43242,38.04186],[-84.41222,38.04027],[-84.39698,38.03604],[-84.3969,38.03215],[-84.40427,38.02654],[-84.40439,38.02104],[-84.40831,38.01817],[-84.40575,38.01503],[-84.40225,38.00493],[-84.40747,38.00113],[-84.40795,37.99856],[-84.39985,37.99661],[-84.40293,37.9904],[-84.40835,37.98813],[-84.40994,37.98491],[-84.41536,37.98302],[-84.41949,37.97997],[-84.38885,37.96278],[-84.38889,37.95732],[-84.38735,37.9522],[-84.37118,37.92484],[-84.37429,37.92613],[-84.37796,37.92208],[-84.37152,37.91119],[-84.36986,37.90486],[-84.36255,37.90124],[-84.36617,37.89759],[-84.35973,37.89291],[-84.3499,37.88726],[-84.34638,37.88242],[-84.34114,37.88197],[-84.33884,37.88532],[-84.33739,37.89201],[-84.33105,37.89634],[-84.30756,37.90394],[-84.30025,37.90455],[-84.28312,37.91351],[-84.27241,37.91755],[-84.26874,37.91338],[-84.27039,37.90691],[-84.26371,37.89956],[-84.26138,37.89489],[-84.26274,37.88729],[-84.26515,37.88437],[-84.26451,37.87831],[-84.26076,37.87598],[-84.25208,37.88299],[-84.23768,37.88733],[-84.23274,37.88623],[-84.2271,37.88208],[-84.2227,37.87307],[-84.22061,37.87093],[-84.21472,37.86932],[-84.20442,37.87048],[-84.19731,37.8751],[-84.18685,37.87923],[-84.18071,37.87834],[-84.17198,37.8748],[-84.16795,37.86301],[-84.1618,37.86133],[-84.15269,37.86573],[-84.14684,37.8671],[-84.13366,37.86795],[-84.12822,37.86716],[-84.12126,37.86031],[-84.11588,37.85268],[-84.11024,37.84998],[-84.10738,37.85056],[-84.10111,37.85798],[-84.09546,37.86108],[-84.08849,37.86069],[-84.08034,37.85307],[-84.0774,37.8513],[-84.08003,37.84452],[-84.07661,37.83732],[-84.07761,37.8339],[-84.07603,37.82418],[-84.0723,37.82186],[-84.06745,37.82306],[-84.06687,37.83031],[-84.0599,37.83301],[-84.05744,37.83543],[-84.05689,37.84324],[-84.05901,37.84792],[-84.0537,37.84711],[-84.05212,37.8416],[-84.04936,37.83797],[-84.04308,37.84161],[-84.03956,37.83372],[-84.02585,37.83722],[-84.01912,37.84183],[-84.02026,37.83487],[-84.01704,37.83282],[-84.00528,37.83357],[-84.00197,37.83759],[-84.0136,37.85153],[-84.01159,37.85572],[-84.02032,37.85654],[-84.02737,37.86945],[-84.02316,37.87066],[-84.01905,37.86892],[-84.01804,37.8631],[-84.01462,37.85819],[-84.0062,37.86066],[-84.00585,37.8641],[-84.00035,37.87072],[-84.00033,37.87528],[-83.99656,37.87812],[-83.99599,37.88288],[-83.9983,37.88737],[-83.9941,37.89119],[-83.99012,37.8998],[-83.99228,37.90717],[-83.98973,37.91288],[-83.99177,37.91778],[-83.98527,37.92235],[-83.97582,37.92468],[-83.97729,37.92941],[-83.97196,37.92924],[-83.95988,37.93377],[-83.91447,37.91951],[-83.90816,37.91672],[-83.88624,37.91651],[-83.87866,37.90506],[-83.86631,37.90674],[-83.85264,37.90276],[-83.84418,37.90286],[-83.8437,37.90593],[-83.83794,37.906],[-83.83245,37.90278],[-83.82829,37.90638],[-83.82244,37.90572],[-83.82066,37.90373],[-83.81249,37.90328],[-83.80109,37.90547],[-83.78237,37.90809],[-83.78082,37.91076],[-83.77652,37.91132],[-83.77498,37.91497],[-83.76997,37.91781],[-83.76265,37.91729],[-83.7561,37.91417],[-83.75676,37.90766],[-83.75905,37.90466],[-83.75637,37.89987],[-83.7487,37.89513],[-83.67741,37.8565],[-83.67403,37.85271],[-83.66846,37.85229],[-83.66804,37.84882],[-83.66487,37.84287],[-83.66127,37.83989],[-83.66342,37.83535],[-83.65656,37.8322],[-83.65125,37.8353],[-83.64764,37.83353],[-83.64322,37.82595],[-83.63799,37.8265],[-83.62525,37.82408],[-83.62065,37.83484],[-83.61718,37.83554],[-83.60582,37.83223],[-83.6079,37.82819],[-83.60025,37.83014],[-83.59812,37.82622],[-83.59828,37.82206],[-83.59033,37.81834],[-83.58731,37.81961],[-83.58545,37.8255],[-83.58216,37.8247],[-83.58233,37.82059],[-83.57553,37.81972],[-83.56879,37.82167],[-83.56363,37.82012],[-83.55141,37.82162],[-83.54652,37.82486],[-83.53664,37.82556],[-83.52619,37.83352],[-83.52611,37.8378],[-83.51817,37.84798],[-83.517,37.85173],[-83.50515,37.85579],[-83.49995,37.85684],[-83.492,37.86404],[-83.49719,37.86795],[-83.50254,37.86792],[-83.50267,37.87383],[-83.49911,37.87454],[-83.49603,37.89063],[-83.44434,37.94247],[-83.43394,38.03397]]]},"properties":{"STATEFP":"21","SLDUST":"028","AFFGEOID":"610U800US21028","GEOID":"21028","NAME":"28","NAMELSAD":"State Senate District 28","STUSPS":"KY","STATE_NAME":"Kentucky","LSAD":"LU","LSY":"2022","ALAND":2618639841,"AWATER":33195595}},
{"type":"Feature","geometry":{"type":"Polygon","coordinates":[[[-85.99901,37.99998],[-85.97595,37.87579],[-86.00739,37.81852],[-86.15128,37.79888],[-86.22189,37.68064],[-86.27527,37.59352],[-86.2742,37.58992],[-86.27633,37.58766],[-86.26813,37.58463],[-86.2643,37.58865],[-86.25948,37.58643],[-86.25631,37.59283],[-86.25036,37.59441],[-86.24718,37.60158],[-86.24088,37.59685],[-86.24162,37.59257],[-86.2376,37.59015],[-86.23749,37.58553],[-86.23219,37.57503],[-86.22412,37.58142],[-86.21975,37.58035],[-86.22108,37.57603],[-86.21374,37.57608],[-86.21133,37.57886],[-86.2053,37.57254],[-86.19903,37.57066],[-86.19571,37.56553],[-86.18979,37.56528],[-86.18806,37.56121],[-86.18476,37.55914],[-86.18237,37.56253],[-86.17796,37.56167],[-86.17949,37.55823],[-86.17667,37.55484],[-86.17346,37.55613],[-86.17455,37.56203],[-86.16581,37.56769],[-86.16131,37.5629],[-86.15603,37.56285],[-86.14755,37.55998],[-86.14304,37.55954],[-86.14061,37.56409],[-86.13387,37.56336],[-86.13204,37.56662],[-86.12422,37.56717],[-86.11663,37.56406],[-86.11409,37.56713],[-86.10167,37.55062],[-86.06407,37.5079],[-86.06283,37.50322],[-86.05751,37.5015],[-86.06051,37.49811],[-86.05399,37.49486],[-86.05681,37.49108],[-86.06155,37.4899],[-86.05294,37.48384],[-86.05174,37.47884],[-86.05602,37.47199],[-86.0603,37.47254],[-86.06358,37.46775],[-86.06314,37.46489],[-86.06731,37.45739],[-86.05675,37.4532],[-86.06005,37.45108],[-86.05667,37.44853],[-86.05106,37.45282],[-86.0476,37.44993],[-85.8928,37.44031],[-85.89144,37.45139],[-85.89362,37.45944],[-85.89446,37.47231],[-85.88861,37.47378],[-85.87601,37.54326],[-85.87486,37.5453],[-85.83866,37.56871],[-85.82189,37.57342],[-85.81937,37.57873],[-85.81929,37.58423],[-85.81232,37.59231],[-85.80707,37.59645],[-85.80702,37.60176],[-85.7973,37.60808],[-85.80093,37.61436],[-85.80352,37.62159],[-85.79413,37.62736],[-85.78945,37.62727],[-85.78547,37.62909],[-85.7745,37.63131],[-85.77635,37.63865],[-85.77258,37.63971],[-85.76612,37.64461],[-85.76048,37.64721],[-85.74284,37.64902],[-85.73871,37.65112],[-85.71683,37.68137],[-85.68049,37.73228],[-85.6848,37.73688],[-85.67949,37.73933],[-85.6836,37.74179],[-85.68282,37.74965],[-85.68485,37.75137],[-85.68243,37.7577],[-85.68521,37.75915],[-85.68848,37.75605],[-85.69292,37.75528],[-85.6957,37.76195],[-85.69973,37.76246],[-85.7045,37.76815],[-85.71083,37.76577],[-85.71646,37.76848],[-85.71294,37.77344],[-85.71785,37.77594],[-85.72813,37.77418],[-85.73355,37.77748],[-85.73635,37.7817],[-85.72703,37.7847],[-85.72698,37.78778],[-85.73178,37.78899],[-85.73635,37.788],[-85.74052,37.78924],[-85.74257,37.79225],[-85.73869,37.79791],[-85.74211,37.80339],[-85.73778,37.81179],[-85.74209,37.81554],[-85.74123,37.8204],[-85.74485,37.82282],[-85.75005,37.82347],[-85.75015,37.82674],[-85.75952,37.83162],[-85.76155,37.83641],[-85.76831,37.83886],[-85.7726,37.84191],[-85.78555,37.8429],[-85.7939,37.84801],[-85.79731,37.85318],[-85.80052,37.85438],[-85.80013,37.85897],[-85.80315,37.86002],[-85.80899,37.85726],[-85.81734,37.85826],[-85.8183,37.86162],[-85.82342,37.86682],[-85.82798,37.86907],[-85.83932,37.88053],[-85.83986,37.88764],[-85.83745,37.89157],[-85.83394,37.8927],[-85.81916,37.88652],[-85.81335,37.88962],[-85.81848,37.89592],[-85.82746,37.90063],[-85.82819,37.90787],[-85.82752,37.91337],[-85.83017,37.91875],[-85.83596,37.92107],[-85.84489,37.92172],[-85.84896,37.92614],[-85.84751,37.93008],[-85.84991,37.93779],[-85.85487,37.94539],[-85.85927,37.94758],[-85.86781,37.94862],[-85.8735,37.94705],[-85.87905,37.94884],[-85.89423,37.94008],[-85.9014,37.93954],[-85.90518,37.94258],[-85.90334,37.94914],[-85.90444,37.95768],[-85.90316,37.96435],[-85.90076,37.96954],[-85.9041,37.98438],[-85.90676,37.99125],[-85.90959,37.99188],[-85.92557,37.99225],[-85.93147,37.99363],[-85.93464,37.99722],[-85.92297,38.00836],[-85.91387,38.01084],[-85.91537,38.01394],[-85.91279,38.02065],[-85.90639,38.02519],[-85.90305,38.02951],[-85.89757,38.02973],[-85.88349,38.03758],[-85.8828,38.04055],[-85.87697,38.04182],[-85.84226,38.05149],[-85.84152,38.06016],[-85.83818,38.06435],[-85.84416,38.06823],[-85.85011,38.06548],[-85.86169,38.06591],[-85.86763,38.06732],[-85.88476,38.07171],[-85.88537,38.0653],[-85.89063,38.05618],[-85.90727,38.06479],[-85.91537,38.06516],[-85.91891,38.0412],[-85.92127,38.03032],[-85.92565,38.02178],[-85.93122,38.01602],[-85.94222,38.00727],[-85.94711,38.00509],[-85.97292,38.00257],[-85.97742,38.00339],[-85.99901,37.99998]]]},"properties":{"STATEFP":"21","SLDUST":"010","AFFGEOID":"610U800US21010","GEOID":"21010","NAME":"10","NAMELSAD":"State Senate District 10","STUSPS":"KY","STATE_NAME":"Kentucky","LSAD":"LU","LSY":"2022","ALAND":1636688657,"AWATER":20016799}},
{"type":"Feature","geometry":{"type":"Polygon","coordinates":[[[-84.4591,37.98677],[-84.45523,37.98584],[-84.45306,37.97794],[-84.4534,37.97153],[-84.46097,37.96864],[-84.46386,37.96406],[-84.47149,37.96846],[-84.47698,37.9671],[-84.47615,37.96259],[-84.4873,37.95457],[-84.49056,37.95785],[-84.49463,37.95449],[-84.49056,37.95142],[-84.4973,37.94746],[-84.47963,37.94022],[-84.47822,37.93642],[-84.47373,37.93186],[-84.47169,37.92011],[-84.46583,37.91875],[-84.46213,37.91425],[-84.45265,37.90881],[-84.45225,37.90492],[-84.44822,37.89372],[-84.44309,37.88724],[-84.44356,37.88107],[-84.43736,37.8712],[-84.4344,37.86845],[-84.4376,37.86211],[-84.43475,37.85589],[-84.43801,37.84874],[-84.43572,37.8472],[-84.44144,37.8425],[-84.44683,37.8404],[-84.45486,37.84031],[-84.4639,37.84405],[-84.46948,37.85025],[-84.47438,37.85351],[-84.47879,37.85142],[-84.48324,37.8465],[-84.48512,37.84064],[-84.48341,37.83453],[-84.4777,37.82524],[-84.4734,37.82234],[-84.46344,37.80821],[-84.46203,37.80343],[-84.46772,37.79638],[-84.4738,37.79726],[-84.47629,37.80199],[-84.48244,37.80214],[-84.48515,37.79689],[-84.49596,37.78525],[-84.51025,37.78245],[-84.522,37.77802],[-84.52313,37.77205],[-84.52521,37.76869],[-84.51911,37.76855],[-84.51146,37.76507],[-84.51488,37.75737],[-84.51143,37.75405],[-84.50368,37.75415],[-84.50274,37.74935],[-84.49954,37.74717],[-84.49448,37.74746],[-84.49374,37.74013],[-84.50189,37.73661],[-84.50327,37.73442],[-84.49712,37.72967],[-84.49727,37.72636],[-84.49304,37.72482],[-84.49055,37.72895],[-84.48393,37.72026],[-84.4854,37.71113],[-84.48362,37.70888],[-84.4745,37.70807],[-84.47006,37.70173],[-84.46169,37.69546],[-84.45941,37.69479],[-84.45111,37.69811],[-84.4495,37.69609],[-84.4537,37.69121],[-84.46418,37.68711],[-84.46488,37.68385],[-84.4606,37.68254],[-84.45695,37.67632],[-84.45182,37.67511],[-84.44783,37.67971],[-84.44266,37.67791],[-84.44629,37.67129],[-84.44234,37.66263],[-84.43841,37.66211],[-84.44273,37.65524],[-84.4344,37.65299],[-84.41824,37.6417],[-84.42449,37.64065],[-84.42661,37.63766],[-84.42124,37.63281],[-84.41319,37.63321],[-84.41242,37.63044],[-84.41797,37.62883],[-84.41463,37.62289],[-84.41924,37.62176],[-84.41969,37.61793],[-84.41215,37.61722],[-84.40578,37.61827],[-84.39918,37.61561],[-84.39888,37.60559],[-84.39753,37.60002],[-84.38908,37.5994],[-84.38596,37.59561],[-84.3816,37.59646],[-84.37533,37.59547],[-84.37277,37.58778],[-84.36995,37.58506],[-84.37213,37.58101],[-84.36997,37.57586],[-84.36951,37.57047],[-84.36545,37.57032],[-84.3624,37.56731],[-84.36304,37.56359],[-84.35799,37.55942],[-84.35812,37.55713],[-84.35169,37.55264],[-84.35275,37.54704],[-84.35152,37.54193],[-84.3478,37.53906],[-84.33655,37.53608],[-84.32995,37.53952],[-84.32699,37.53747],[-84.32306,37.5391],[-84.31742,37.5348],[-84.31627,37.52986],[-84.31296,37.52833],[-84.30725,37.53097],[-84.30707,37.53512],[-84.30393,37.53742],[-84.29856,37.53511],[-84.30255,37.52789],[-84.30193,37.52343],[-84.2922,37.52307],[-84.28693,37.52461],[-84.27813,37.52366],[-84.26999,37.51967],[-84.26865,37.51557],[-84.26298,37.51557],[-84.25511,37.51892],[-84.25334,37.52318],[-84.2484,37.5248],[-84.23973,37.5238],[-84.23518,37.51979],[-84.22422,37.52719],[-84.21503,37.52564],[-84.2122,37.52398],[-84.19949,37.52286],[-84.17184,37.55755],[-84.14206,37.56484],[-84.09036,37.56623],[-84.11252,37.60565],[-84.12695,37.64242],[-84.12662,37.6454],[-84.11904,37.64717],[-84.11316,37.65066],[-84.11245,37.65616],[-84.09609,37.66167],[-84.08931,37.66689],[-84.09665,37.67082],[-84.09707,37.67553],[-84.10063,37.67824],[-84.09733,37.68328],[-84.09284,37.68652],[-84.09177,37.695],[-84.0936,37.70675],[-84.09592,37.71098],[-84.09282,37.71396],[-84.09902,37.7179],[-84.09699,37.7219],[-84.09166,37.72445],[-84.09228,37.72784],[-84.09554,37.73118],[-84.09669,37.73509],[-84.08619,37.73868],[-84.08201,37.74245],[-84.08108,37.74908],[-84.08687,37.75272],[-84.08949,37.75625],[-84.0881,37.76133],[-84.08191,37.76726],[-84.0881,37.77114],[-84.09631,37.77193],[-84.10717,37.77584],[-84.10926,37.77911],[-84.1074,37.7841],[-84.09747,37.78498],[-84.07796,37.79748],[-84.07391,37.80112],[-84.07406,37.8048],[-84.07684,37.80891],[-84.08635,37.81019],[-84.09289,37.8144],[-84.09916,37.81561],[-84.11348,37.80538],[-84.11699,37.80445],[-84.12182,37.80775],[-84.12023,37.81738],[-84.11289,37.82189],[-84.10699,37.82938],[-84.10418,37.83877],[-84.10164,37.84031],[-84.09268,37.83578],[-84.09016,37.83592],[-84.08515,37.84042],[-84.08205,37.84536],[-84.08034,37.85307],[-84.08849,37.86069],[-84.09546,37.86108],[-84.10111,37.85798],[-84.10738,37.85056],[-84.11024,37.84998],[-84.11588,37.85268],[-84.12126,37.86031],[-84.12822,37.86716],[-84.13366,37.86795],[-84.14684,37.8671],[-84.15269,37.86573],[-84.1618,37.86133],[-84.16795,37.86301],[-84.17198,37.8748],[-84.18071,37.87834],[-84.18685,37.87923],[-84.19731,37.8751],[-84.20442,37.87048],[-84.21472,37.86932],[-84.22061,37.87093],[-84.2227,37.87307],[-84.2271,37.88208],[-84.23274,37.88623],[-84.23768,37.88733],[-84.25208,37.88299],[-84.26076,37.87598],[-84.26451,37.87831],[-84.26515,37.88437],[-84.26274,37.88729],[-84.26138,37.89489],[-84.26371,37.89956],[-84.27039,37.90691],[-84.26874,37.91338],[-84.27241,37.91755],[-84.28312,37.91351],[-84.30025,37.90455],[-84.30756,37.90394],[-84.33105,37.89634],[-84.33739,37.89201],[-84.33884,37.88532],[-84.34114,37.88197],[-84.34638,37.88242],[-84.3499,37.88726],[-84.35973,37.89291],[-84.36617,37.89759],[-84.36255,37.90124],[-84.36986,37.90486],[-84.37152,37.91119],[-84.37796,37.92208],[-84.37429,37.92613],[-84.37118,37.92484],[-84.38735,37.9522],[-84.38889,37.95732],[-84.38885,37.96278],[-84.41949,37.97997],[-84.41536,37.98302],[-84.40994,37.98491],[-84.40835,37.98813],[-84.40293,37.9904],[-84.39985,37.99661],[-84.40795,37.99856],[-84.40747,38.00113],[-84.40225,38.00493],[-84.40575,38.01503],[-84.40831,38.01817],[-84.40439,38.02104],[-84.40427,38.02654],[-84.3969,38.03215],[-84.39698,38.03604],[-84.41222,38.04027],[-84.43242,38.04186],[-84.43877,38.04122],[-84.45409,38.0429],[-84.45432,38.03779],[-84.45246,38.02921],[-84.44554,38.02871],[-84.44158,38.03165],[-84.43911,38.02987],[-84.43307,38.03225],[-84.43339,38.02778],[-84.42814,38.02869],[-84.42528,38.02414],[-84.4323,38.01791],[-84.43684,38.02085],[-84.44256,38.01788],[-84.43786,38.01207],[-84.43832,38.00619],[-84.44782,37.99972],[-84.45031,37.99576],[-84.45626,37.991],[-84.4591,37.98677]]]},"properties":{"STATEFP":"21","SLDUST":"034","AFFGEOID":"610U800US21034","GEOID":"21034","NAME":"34","NAMELSAD":"State Senate District 34","STUSPS":"KY","STATE_NAME":"Kentucky","LSAD":"LU","LSY":"2022","ALAND":1253145955,"AWATER":15550291}},
{"type":"Feature","geometry":{"type":"Polygon","coordinates":[[[-84.46175,38.94945],[-84.46344,38.9465],[-84.46011,38.93887],[-84.4519,38.92898],[-84.44864,38.92078],[-84.4439,38.9159],[-84.44463,38.91174],[-84.43891,38.90488],[-84.43965,38.89726],[-84.44302,38.88906],[-84.44493,38.88055],[-84.44888,38.87222],[-84.45271,38.86629],[-84.44943,38.86129],[-84.45243,38.85844],[-84.4634,38.85206],[-84.46203,38.84717],[-84.45403,38.83964],[-84.4527,38.83579],[-84.45332,38.82804],[-84.45151,38.82034],[-84.44751,38.81734],[-84.44233,38.81784],[-84.43844,38.82469],[-84.43031,38.82855],[-84.42715,38.82792],[-84.42161,38.82393],[-84.41746,38.81194],[-84.42087,38.8082],[-84.41849,38.8059],[-84.53229,38.79194],[-84.52398,38.75431],[-84.5049,38.665],[-84.50031,38.64396],[-84.48948,38.59691],[-84.4763,38.54272],[-84.47219,38.54399],[-84.46952,38.53798],[-84.46257,38.53486],[-84.45899,38.53678],[-84.45724,38.53199],[-84.45263,38.53103],[-84.44796,38.53684],[-84.43487,38.53651],[-84.43277,38.53917],[-84.42784,38.5389],[-84.42394,38.54194],[-84.422,38.54567],[-84.42789,38.54646],[-84.42031,38.55171],[-84.42551,38.55526],[-84.41482,38.55991],[-84.41244,38.56466],[-84.40975,38.56588],[-84.40367,38.56493],[-84.40032,38.5606],[-84.29646,38.57187],[-84.20535,38.58204],[-84.20429,38.58119],[-84.2016,38.56973],[-84.20401,38.56396],[-84.21444,38.56281],[-84.21781,38.55909],[-84.21562,38.55498],[-84.21132,38.55086],[-84.19857,38.55085],[-84.19332,38.55359],[-84.18987,38.55255],[-84.17963,38.55845],[-84.1731,38.55753],[-84.16735,38.55882],[-84.16203,38.55413],[-84.1556,38.55398],[-84.15416,38.55121],[-84.14672,38.54984],[-84.13603,38.55425],[-84.13633,38.55638],[-84.13099,38.55834],[-84.12231,38.56416],[-84.12481,38.56847],[-84.1226,38.57014],[-84.11442,38.5711],[-84.10962,38.57547],[-84.10751,38.58001],[-84.1023,38.58157],[-84.10448,38.58629],[-84.09637,38.58838],[-84.09521,38.59198],[-84.09077,38.59544],[-84.08351,38.59774],[-84.08249,38.60098],[-84.08485,38.60554],[-84.08247,38.60818],[-84.07852,38.60284],[-84.07798,38.59834],[-84.07441,38.59864],[-84.06993,38.6025],[-84.06668,38.59752],[-84.06292,38.59914],[-84.05847,38.59741],[-84.06089,38.59347],[-84.05733,38.59135],[-84.05347,38.59678],[-84.05487,38.59936],[-84.05025,38.60259],[-84.04502,38.60005],[-84.04585,38.59441],[-84.03725,38.59628],[-84.03193,38.59062],[-84.03369,38.58295],[-84.02786,38.58246],[-84.02332,38.58418],[-84.02499,38.59169],[-84.01816,38.59446],[-84.01578,38.59053],[-84.01863,38.58397],[-84.00905,38.58475],[-84.00611,38.58962],[-84.00235,38.58958],[-83.99641,38.58351],[-83.99337,38.587],[-83.9916,38.5937],[-83.96257,38.65396],[-83.9459,38.68671],[-83.90392,38.76815],[-83.91722,38.76967],[-83.92699,38.77156],[-83.92845,38.77458],[-83.94398,38.78362],[-83.95355,38.78617],[-83.96212,38.78738],[-83.97881,38.7871],[-83.99545,38.78191],[-84.0061,38.78016],[-84.02311,38.77506],[-84.04449,38.77057],[-84.05164,38.7714],[-84.07149,38.77047],[-84.09433,38.77525],[-84.10884,38.77925],[-84.11565,38.78272],[-84.13509,38.78949],[-84.15591,38.79491],[-84.19836,38.80092],[-84.20559,38.80259],[-84.2129,38.80571],[-84.22206,38.81375],[-84.2253,38.81767],[-84.23018,38.82655],[-84.23326,38.84267],[-84.23373,38.85358],[-84.23184,38.87287],[-84.23234,38.88432],[-84.23445,38.89323],[-84.24565,38.90704],[-84.25701,38.92321],[-84.2608,38.92659],[-84.27491,38.94151],[-84.27992,38.94517],[-84.28816,38.95579],[-84.29508,38.9683],[-84.29647,38.98531],[-84.29936,38.99598],[-84.3047,39.00646],[-84.31368,39.01698],[-84.32654,39.02746],[-84.33634,39.03286],[-84.34604,39.03696],[-84.36044,39.04136],[-84.38684,39.04516],[-84.40094,39.04636],[-84.40694,39.04566],[-84.42147,39.05094],[-84.42791,39.05496],[-84.42984,39.05826],[-84.43314,39.07296],[-84.43294,39.08396],[-84.43464,39.08686],[-84.43284,39.09426],[-84.43554,39.10226],[-84.44064,39.10966],[-84.44524,39.11446],[-84.45534,39.12036],[-84.46204,39.12176],[-84.47054,39.12146],[-84.48094,39.11676],[-84.48774,39.11076],[-84.49374,39.10246],[-84.50206,39.09664],[-84.50608,39.09508],[-84.50432,39.09176],[-84.51508,39.08974],[-84.51391,39.08536],[-84.51072,39.08584],[-84.50892,39.0789],[-84.50956,39.07629],[-84.49855,39.07809],[-84.49322,39.07063],[-84.49774,39.05853],[-84.49721,39.05515],[-84.49316,39.04939],[-84.48812,39.04591],[-84.48522,39.04102],[-84.49005,39.03075],[-84.4892,39.02122],[-84.48525,39.0154],[-84.48115,39.013],[-84.47333,39.00451],[-84.46396,39.00408],[-84.45441,39.0001],[-84.45062,38.99642],[-84.45295,38.9912],[-84.46164,38.98391],[-84.46488,38.98004],[-84.4664,38.9724],[-84.46364,38.96756],[-84.45933,38.96529],[-84.45284,38.9677],[-84.45019,38.97563],[-84.44601,38.98059],[-84.44037,38.98442],[-84.4347,38.98524],[-84.42729,38.98086],[-84.42694,38.97835],[-84.42987,38.97318],[-84.43781,38.96606],[-84.44192,38.95991],[-84.44301,38.95536],[-84.44941,38.94987],[-84.46175,38.94945]]]},"properties":{"STATEFP":"21","SLDUST":"024","AFFGEOID":"610U800US21024","GEOID":"21024","NAME":"24","NAMELSAD":"State Senate District 24","STUSPS":"KY","STATE_NAME":"Kentucky","LSAD":"LU","LSY":"2022","ALAND":1635798057,"AWATER":49617174}},
{"type":"Feature","geometry":{"type":"Polygon","coordinates":[[[-84.4763,38.54272],[-84.48529,38.50855],[-84.49587,38.51221],[-84.50277,38.51198],[-84.50914,38.50743],[-84.51302,38.50884],[-84.52139,38.5083],[-84.52747,38.50571],[-84.53539,38.50083],[-84.54281,38.4993],[-84.54824,38.49637],[-84.55405,38.4916],[-84.553,38.48992],[-84.55146,38.47931],[-84.54713,38.4681],[-84.54392,38.46473],[-84.53142,38.45842],[-84.52621,38.44984],[-84.52711,38.44503],[-84.5265,38.43807],[-84.52795,38.43325],[-84.52402,38.43131],[-84.52282,38.42833],[-84.50264,38.41868],[-84.49551,38.41726],[-84.48946,38.4115],[-84.48543,38.41015],[-84.48136,38.40375],[-84.47426,38.40017],[-84.47182,38.39444],[-84.46769,38.39288],[-84.46627,38.38788],[-84.4624,38.38446],[-84.45989,38.37897],[-84.4611,38.36682],[-84.46266,38.36468],[-84.46263,38.358],[-84.46089,38.34843],[-84.45694,38.34263],[-84.45592,38.3365],[-84.45221,38.33148],[-84.44646,38.32862],[-84.44665,38.3244],[-84.44402,38.32057],[-84.43996,38.31926],[-84.43986,38.31512],[-84.43385,38.30416],[-84.43301,38.29906],[-84.43699,38.29625],[-84.44059,38.29617],[-84.44471,38.2851],[-84.44122,38.28194],[-84.44152,38.27599],[-84.43698,38.27418],[-84.43549,38.271],[-84.43687,38.26635],[-84.42127,38.25278],[-84.4207,38.24674],[-84.42266,38.24468],[-84.42341,38.2381],[-84.42138,38.2316],[-84.41823,38.22922],[-84.41683,38.22125],[-84.4223,38.21709],[-84.41952,38.21399],[-84.41568,38.21368],[-84.40185,38.20789],[-84.53899,38.15907],[-84.53147,38.13655],[-84.52767,38.11167],[-84.53398,38.1125],[-84.53237,38.11522],[-84.53833,38.11682],[-84.54387,38.10571],[-84.53726,38.10556],[-84.53994,38.09961],[-84.53933,38.09248],[-84.53681,38.09048],[-84.54133,38.0861],[-84.54715,38.08907],[-84.54527,38.08014],[-84.5534,38.07439],[-84.55885,38.06839],[-84.56375,38.05935],[-84.55675,38.05602],[-84.5483,38.0598],[-84.54255,38.05829],[-84.53239,38.05376],[-84.52617,38.05222],[-84.52059,38.06364],[-84.51575,38.06064],[-84.51431,38.06358],[-84.50829,38.06829],[-84.51086,38.07261],[-84.50049,38.07524],[-84.49505,38.07462],[-84.48693,38.09406],[-84.48559,38.09988],[-84.47251,38.09326],[-84.4664,38.08888],[-84.46175,38.08412],[-84.44732,38.09429],[-84.4425,38.08964],[-84.44039,38.08537],[-84.41067,38.10524],[-84.36847,38.13404],[-84.36739,38.13004],[-84.36859,38.1259],[-84.37776,38.12131],[-84.37745,38.1179],[-84.38093,38.11349],[-84.37937,38.11112],[-84.36991,38.109],[-84.37012,38.10522],[-84.36056,38.09871],[-84.35462,38.09837],[-84.34461,38.09494],[-84.34358,38.09104],[-84.32696,38.08472],[-84.32038,38.08911],[-84.31812,38.09289],[-84.31437,38.09301],[-84.31173,38.08676],[-84.3048,38.08575],[-84.29798,38.07998],[-84.28726,38.07559],[-84.28777,38.07322],[-84.28437,38.06917],[-84.28646,38.06703],[-84.18707,38.09029],[-84.08053,38.11512],[-84.07011,38.12381],[-84.06606,38.12897],[-84.06007,38.1339],[-84.04954,38.13718],[-84.04245,38.14142],[-84.0394,38.14549],[-84.03208,38.14856],[-84.02645,38.15243],[-83.99017,38.17507],[-83.97792,38.19212],[-83.91269,38.24539],[-83.84988,38.29664],[-83.84678,38.29651],[-83.8407,38.30218],[-83.83566,38.30263],[-83.82296,38.30081],[-83.82067,38.29874],[-83.82186,38.29462],[-83.81558,38.29259],[-83.8138,38.29001],[-83.81529,38.28631],[-83.81272,38.28219],[-83.80187,38.27928],[-83.79868,38.28346],[-83.79491,38.29247],[-83.78457,38.29478],[-83.78226,38.29368],[-83.77858,38.28758],[-83.77488,38.28575],[-83.76836,38.29353],[-83.76247,38.29529],[-83.75965,38.29302],[-83.75941,38.28787],[-83.75717,38.2849],[-83.74408,38.28471],[-83.7402,38.28724],[-83.73899,38.29158],[-83.73542,38.29361],[-83.72842,38.29362],[-83.72435,38.29056],[-83.7237,38.28554],[-83.72659,38.28349],[-83.73232,38.28345],[-83.73533,38.27884],[-83.73823,38.26815],[-83.73779,38.26529],[-83.73178,38.26267],[-83.72731,38.26829],[-83.72406,38.26898],[-83.7108,38.26817],[-83.70568,38.26273],[-83.70767,38.25872],[-83.71384,38.25689],[-83.71727,38.25194],[-83.71245,38.2466],[-83.70825,38.24368],[-83.69945,38.24606],[-83.6936,38.25067],[-83.69198,38.26016],[-83.68728,38.26054],[-83.6846,38.25206],[-83.69278,38.24719],[-83.69561,38.24362],[-83.69124,38.2344],[-83.69238,38.22921],[-83.69596,38.22706],[-83.69815,38.21697],[-83.69667,38.21277],[-83.70132,38.20729],[-83.70021,38.20123],[-83.69757,38.19812],[-83.68898,38.19855],[-83.69441,38.20938],[-83.68903,38.21107],[-83.68583,38.21411],[-83.6819,38.21265],[-83.67895,38.20561],[-83.67235,38.19746],[-83.6669,38.20155],[-83.65865,38.20104],[-83.6544,38.19319],[-83.64965,38.18216],[-83.64962,38.17633],[-83.64655,38.17096],[-83.63885,38.17827],[-83.63642,38.18643],[-83.63384,38.18678],[-83.62876,38.182],[-83.62436,38.18005],[-83.6203,38.17559],[-83.61597,38.17762],[-83.6107,38.17722],[-83.61404,38.18663],[-83.60557,38.18719],[-83.59334,38.17267],[-83.59164,38.16916],[-83.59643,38.16813],[-83.5994,38.16323],[-83.60424,38.16436],[-83.61726,38.15814],[-83.61904,38.15283],[-83.61426,38.14915],[-83.6187,38.14609],[-83.61526,38.14194],[-83.61372,38.13321],[-83.61178,38.13139],[-83.60603,38.13083],[-83.60352,38.12852],[-83.59849,38.12768],[-83.59602,38.13117],[-83.5909,38.13376],[-83.58831,38.13695],[-83.58522,38.14548],[-83.579,38.14492],[-83.57639,38.14714],[-83.56793,38.14611],[-83.56333,38.14303],[-83.55804,38.14147],[-83.55595,38.13576],[-83.55163,38.13777],[-83.54933,38.13182],[-83.55446,38.12463],[-83.55203,38.1221],[-83.55916,38.11611],[-83.55472,38.11244],[-83.54694,38.11532],[-83.54202,38.11581],[-83.53452,38.1199],[-83.52544,38.11935],[-83.51992,38.11589],[-83.51965,38.11283],[-83.51526,38.10809],[-83.52098,38.10731],[-83.52361,38.10095],[-83.52937,38.10157],[-83.52936,38.09879],[-83.53442,38.09469],[-83.53154,38.09229],[-83.52767,38.09321],[-83.51962,38.08889],[-83.52296,38.08508],[-83.51675,38.07735],[-83.51612,38.07208],[-83.51073,38.07042],[-83.50873,38.07478],[-83.50715,38.08626],[-83.50184,38.08784],[-83.49666,38.08492],[-83.49127,38.08672],[-83.48915,38.08504],[-83.47956,38.0824],[-83.47543,38.08569],[-83.47115,38.08208],[-83.46582,38.08431],[-83.46328,38.07971],[-83.46449,38.07741],[-83.46282,38.07255],[-83.46402,38.06812],[-83.46933,38.06591],[-83.47233,38.06955],[-83.48048,38.06914],[-83.48313,38.06524],[-83.48721,38.06419],[-83.48823,38.0588],[-83.49291,38.05895],[-83.4986,38.05411],[-83.49615,38.0492],[-83.48443,38.04651],[-83.47778,38.04848],[-83.47442,38.04753],[-83.46874,38.05003],[-83.46407,38.05021],[-83.46556,38.04175],[-83.46773,38.03943],[-83.47312,38.03798],[-83.47875,38.03237],[-83.4795,38.02733],[-83.47492,38.02576],[-83.4627,38.03174],[-83.45686,38.03288],[-83.45509,38.02917],[-83.46174,38.0247],[-83.46852,38.02175],[-83.46879,38.0192],[-83.46341,38.01698],[-83.45607,38.01751],[-83.45032,38.01972],[-83.45151,38.02767],[-83.45036,38.03022],[-83.43864,38.03089],[-83.43394,38.03397],[-83.43242,38.03903],[-83.43548,38.04276],[-83.42526,38.04531],[-83.41998,38.0478],[-83.41636,38.04767],[-83.41235,38.0447],[-83.40551,38.04456],[-83.40198,38.03891],[-83.39866,38.03887],[-83.39515,38.04211],[-83.39606,38.04562],[-83.39157,38.04859],[-83.3899,38.05457],[-83.38042,38.05167],[-83.38285,38.05713],[-83.38064,38.06215],[-83.37401,38.05915],[-83.3712,38.0598],[-83.37137,38.06956],[-83.36396,38.06623],[-83.35818,38.0657],[-83.34363,38.06883],[-83.34601,38.07188],[-83.3439,38.07627],[-83.33762,38.08238],[-83.32839,38.08571],[-83.3256,38.08482],[-83.32041,38.08875],[-83.31498,38.08794],[-83.31195,38.08997],[-83.30466,38.08977],[-83.29881,38.09259],[-83.29951,38.09952],[-83.29336,38.10168],[-83.28636,38.10216],[-83.28146,38.10651],[-83.27742,38.10726],[-83.27394,38.11121],[-83.26329,38.11539],[-83.25921,38.12015],[-83.24793,38.13015],[-83.24263,38.13031],[-83.23427,38.1329],[-83.22547,38.13114],[-83.222,38.1325],[-83.21837,38.14628],[-83.22002,38.1488],[-83.21706,38.15262],[-83.21824,38.15833],[-83.21181,38.16447],[-83.20117,38.16743],[-83.19937,38.1707],[-83.20344,38.17245],[-83.20526,38.17551],[-83.21545,38.17707],[-83.22676,38.17379],[-83.22994,38.17595],[-83.23793,38.17772],[-83.24332,38.1761],[-83.24894,38.18025],[-83.25783,38.1836],[-83.25818,38.18805],[-83.24694,38.1855],[-83.24431,38.19238],[-83.24588,38.1914],[-83.25419,38.19426],[-83.26308,38.19068],[-83.26669,38.19385],[-83.2732,38.19523],[-83.27393,38.20205],[-83.27968,38.20283],[-83.28649,38.20605],[-83.28537,38.21299],[-83.28862,38.21549],[-83.2926,38.21059],[-83.29978,38.20913],[-83.29731,38.21807],[-83.30666,38.22524],[-83.30832,38.23295],[-83.30646,38.23374],[-83.31272,38.24402],[-83.30789,38.25225],[-83.31196,38.25269],[-83.31885,38.26052],[-83.31892,38.26497],[-83.3166,38.26782],[-83.32088,38.26995],[-83.32353,38.27764],[-83.32675,38.27788],[-83.33179,38.2822],[-83.33491,38.28695],[-83.32628,38.29018],[-83.33002,38.29601],[-83.33474,38.29977],[-83.33234,38.30209],[-83.33581,38.30464],[-83.33543,38.30868],[-83.34135,38.31952],[-83.35186,38.3223],[-83.35634,38.32187],[-83.35896,38.32435],[-83.35772,38.32755],[-83.36431,38.32937],[-83.36301,38.33976],[-83.368,38.34817],[-83.37258,38.34925],[-83.37714,38.35553],[-83.37822,38.36253],[-83.38268,38.36472],[-83.39235,38.36656],[-83.39237,38.3694],[-83.40116,38.37952],[-83.40037,38.38176],[-83.40331,38.38998],[-83.41197,38.39628],[-83.41693,38.39616],[-83.42851,38.38821],[-83.43277,38.38942],[-83.44067,38.38804],[-83.44674,38.3806],[-83.45934,38.38396],[-83.45842,38.38832],[-83.46576,38.39307],[-83.4645,38.39657],[-83.46659,38.39891],[-83.47136,38.39686],[-83.47721,38.4015],[-83.48579,38.40507],[-83.49743,38.40159],[-83.50724,38.41178],[-83.51489,38.41468],[-83.523,38.40876],[-83.52868,38.41292],[-83.52718,38.41762],[-83.5295,38.41858],[-83.53594,38.41625],[-83.5418,38.41861],[-83.55227,38.41993],[-83.56466,38.42669],[-83.57908,38.43017],[-83.58269,38.43245],[-83.58149,38.43853],[-83.57486,38.44434],[-83.57776,38.44767],[-83.57871,38.45543],[-83.57679,38.45719],[-83.58187,38.46418],[-83.58408,38.47138],[-83.58856,38.47736],[-83.58888,38.4816],[-83.59333,38.48903],[-83.5972,38.49131],[-83.60147,38.49616],[-83.59813,38.49982],[-83.59919,38.50199],[-83.60504,38.49996],[-83.60304,38.50518],[-83.60676,38.50543],[-83.60895,38.50218],[-83.6161,38.50428],[-83.62475,38.50364],[-83.63249,38.50792],[-83.62634,38.51094],[-83.62635,38.51715],[-83.62855,38.52199],[-83.63281,38.52178],[-83.63681,38.51784],[-83.64185,38.52538],[-83.6246,38.61142],[-83.64041,38.63492],[-83.64512,38.63646],[-83.6483,38.63186],[-83.65714,38.62791],[-83.66414,38.62675],[-83.67144,38.62738],[-83.68604,38.63187],[-83.70401,38.63972],[-83.7134,38.64159],[-83.72078,38.6467],[-83.73821,38.64793],[-83.76244,38.6521],[-83.76935,38.65522],[-83.77216,38.65815],[-83.77714,38.67121],[-83.77996,38.68491],[-83.78362,38.69564],[-83.79068,38.70168],[-83.80632,38.70661],[-83.81388,38.70745],[-83.82185,38.70958],[-83.83401,38.71601],[-83.84059,38.72191],[-83.84621,38.74229],[-83.85208,38.75143],[-83.85903,38.75679],[-83.87317,38.76242],[-83.88711,38.7656],[-83.90392,38.76815],[-83.9459,38.68671],[-83.96257,38.65396],[-83.9916,38.5937],[-83.99337,38.587],[-83.99641,38.58351],[-84.00235,38.58958],[-84.00611,38.58962],[-84.00905,38.58475],[-84.01863,38.58397],[-84.01578,38.59053],[-84.01816,38.59446],[-84.02499,38.59169],[-84.02332,38.58418],[-84.02786,38.58246],[-84.03369,38.58295],[-84.03193,38.59062],[-84.03725,38.59628],[-84.04585,38.59441],[-84.04502,38.60005],[-84.05025,38.60259],[-84.05487,38.59936],[-84.05347,38.59678],[-84.05733,38.59135],[-84.06089,38.59347],[-84.05847,38.59741],[-84.06292,38.59914],[-84.06668,38.59752],[-84.06993,38.6025],[-84.07441,38.59864],[-84.07798,38.59834],[-84.07852,38.60284],[-84.08247,38.60818],[-84.08485,38.60554],[-84.08249,38.60098],[-84.08351,38.59774],[-84.09077,38.59544],[-84.09521,38.59198],[-84.09637,38.58838],[-84.10448,38.58629],[-84.1023,38.58157],[-84.10751,38.58001],[-84.10962,38.57547],[-84.11442,38.5711],[-84.1226,38.57014],[-84.12481,38.56847],[-84.12231,38.56416],[-84.13099,38.55834],[-84.13633,38.55638],[-84.13603,38.55425],[-84.14672,38.54984],[-84.15416,38.55121],[-84.1556,38.55398],[-84.16203,38.55413],[-84.16735,38.55882],[-84.1731,38.55753],[-84.17963,38.55845],[-84.18987,38.55255],[-84.19332,38.55359],[-84.19857,38.55085],[-84.21132,38.55086],[-84.21562,38.55498],[-84.21781,38.55909],[-84.21444,38.56281],[-84.20401,38.56396],[-84.2016,38.56973],[-84.20429,38.58119],[-84.20535,38.58204],[-84.29646,38.57187],[-84.40032,38.5606],[-84.40367,38.56493],[-84.40975,38.56588],[-84.41244,38.56466],[-84.41482,38.55991],[-84.42551,38.55526],[-84.42031,38.55171],[-84.42789,38.54646],[-84.422,38.54567],[-84.42394,38.54194],[-84.42784,38.5389],[-84.43277,38.53917],[-84.43487,38.53651],[-84.44796,38.53684],[-84.45263,38.53103],[-84.45724,38.53199],[-84.45899,38.53678],[-84.46257,38.53486],[-84.46952,38.53798],[-84.47219,38.54399],[-84.4763,38.54272]]]},"properties":{"STATEFP":"21","SLDUST":"027","AFFGEOID":"610U800US21027","GEOID":"21027","NAME":"27","NAMELSAD":"State Senate District 27","STUSPS":"KY","STATE_NAME":"Kentucky","LSAD":"LU","LSY":"2022","ALAND":4721109684,"AWATER":59300880}},
{"type":"Feature","geometry":{"type":"MultiPolygon","coordinates":[[[[-89.12348,36.78526],[-89.11685,36.77561],[-89.11656,36.76756],[-89.1192,36.7598],[-89.12243,36.75484],[-89.12613,36.75173],[-89.13552,36.75196],[-89.14231,36.75537],[-89.15699,36.75597],[-89.16689,36.75963],[-89.17954,36.75613],[-89.18452,36.75364],[-89.19155,36.74722],[-89.19781,36.73941],[-89.1998,36.73422],[-89.20105,36.72577],[-89.19948,36.71605],[-89.19604,36.71202],[-89.18436,36.70124],[-89.17484,36.69396],[-89.16952,36.68888],[-89.16802,36.68551],[-89.16872,36.67189],[-89.15908,36.66635],[-89.1646,36.66013],[-89.17474,36.65042],[-89.18775,36.64112],[-89.19765,36.62894],[-89.2009,36.61818],[-89.20261,36.60158],[-89.21356,36.58012],[-89.21745,36.57616],[-89.22732,36.56938],[-89.23654,36.56682],[-89.25832,36.56495],[-89.26806,36.56891],[-89.27893,36.5777],[-89.29464,36.59373],[-89.3015,36.60414],[-89.3134,36.62012],[-89.31815,36.62506],[-89.32673,36.63219],[-89.33405,36.63225],[-89.34375,36.63099],[-89.35651,36.62844],[-89.36555,36.62506],[-89.371,36.62084],[-89.37545,36.61572],[-89.37801,36.6081],[-89.38064,36.59113],[-89.38276,36.5836],[-89.39591,36.55965],[-89.39868,36.54233],[-89.40565,36.52817],[-89.41728,36.49901],[-89.39104,36.49908],[-89.38008,36.50042],[-89.35659,36.5022],[-89.30028,36.50715],[-89.27909,36.50651],[-89.21141,36.50563],[-89.11754,36.5036],[-89.03465,36.50296],[-88.96447,36.50219],[-88.89951,36.50222],[-88.88456,36.5017],[-88.87472,36.50245],[-88.83463,36.50291],[-88.79959,36.50276],[-88.74752,36.50283],[-88.66113,36.50224],[-88.54519,36.50181],[-88.48921,36.50107],[-88.45254,36.50087],[-88.45016,36.5011],[-88.41636,36.50076],[-88.3308,36.50053],[-88.17606,36.49902],[-88.12738,36.49854],[-88.0532,36.49713],[-88.0453,36.50408],[-88.03948,36.51041],[-88.03782,36.51385],[-88.03783,36.52102],[-88.03413,36.53112],[-88.03249,36.54066],[-88.03562,36.56174],[-88.03962,36.57278],[-88.0412,36.58412],[-88.04513,36.60294],[-88.05574,36.63047],[-88.0556,36.63571],[-88.05858,36.64332],[-88.0644,36.65085],[-88.06821,36.65975],[-88.07053,36.67812],[-88.04477,36.67798],[-88.01179,36.67703],[-87.87206,36.66509],[-87.84957,36.6637],[-87.8532,36.63325],[-87.74477,36.63615],[-87.69419,36.63707],[-87.67377,36.75585],[-87.67376,36.82792],[-87.67187,36.87889],[-87.65972,36.9664],[-87.73337,37.0021],[-87.76487,36.97474],[-87.85809,36.95071],[-87.86327,36.95391],[-87.86621,36.9539],[-87.87031,36.95828],[-87.877,36.96012],[-87.94618,37.03528],[-87.97508,37.06739],[-87.99777,37.10428],[-88.01184,37.12623],[-88.04228,37.17477],[-88.06639,37.1774],[-88.07667,37.17659],[-88.08882,37.17941],[-88.08358,37.18412],[-88.08373,37.19215],[-88.08614,37.19746],[-88.08885,37.19972],[-88.08957,37.2068],[-88.08307,37.20862],[-88.08047,37.21213],[-88.08313,37.21686],[-88.08946,37.21877],[-88.08949,37.22207],[-88.08106,37.22335],[-88.07887,37.22674],[-88.07486,37.22734],[-88.06752,37.23059],[-88.06117,37.23155],[-88.05419,37.22952],[-88.05163,37.23404],[-88.05248,37.23766],[-88.00376,37.26512],[-87.80842,37.37495],[-87.80105,37.37944],[-87.80819,37.37663],[-87.81736,37.38266],[-87.82531,37.38507],[-87.82637,37.38009],[-87.83648,37.37762],[-87.83998,37.37965],[-87.84273,37.37656],[-87.84738,37.37558],[-87.85968,37.38009],[-87.85902,37.39269],[-87.85079,37.39579],[-87.84636,37.39434],[-87.84395,37.40104],[-87.84691,37.40589],[-87.84361,37.41682],[-87.84703,37.42075],[-87.85497,37.41809],[-87.85652,37.41444],[-87.86241,37.41565],[-87.8636,37.41102],[-87.8705,37.40543],[-87.87581,37.40767],[-87.88069,37.40544],[-87.89262,37.40307],[-87.90303,37.3982],[-87.90597,37.3995],[-87.92093,37.40979],[-87.92877,37.40863],[-87.93274,37.41308],[-87.93253,37.41671],[-87.93832,37.42564],[-87.93992,37.43337],[-87.93638,37.43865],[-87.93792,37.44607],[-87.94184,37.45283],[-87.94108,37.45462],[-87.94395,37.46522],[-87.94176,37.46938],[-87.93249,37.47645],[-87.93638,37.48027],[-87.94338,37.47725],[-87.95016,37.47991],[-87.95518,37.47893],[-87.96459,37.47046],[-87.96799,37.472],[-87.97104,37.46988],[-87.97633,37.47059],[-87.98281,37.47421],[-87.98138,37.47686],[-87.97609,37.47666],[-87.9665,37.48462],[-87.96683,37.48887],[-87.97099,37.49501],[-87.97198,37.4993],[-87.97701,37.50065],[-87.98056,37.49396],[-87.98791,37.49625],[-87.9914,37.50283],[-87.99692,37.50627],[-87.99974,37.51461],[-87.99882,37.51802],[-87.99955,37.52623],[-87.99865,37.52976],[-87.99881,37.53858],[-88.00062,37.54444],[-88.0037,37.54639],[-88.01606,37.54722],[-88.02057,37.54416],[-88.02356,37.53787],[-88.02017,37.53207],[-88.02106,37.52853],[-88.02999,37.52051],[-88.03073,37.51659],[-88.03409,37.5136],[-88.0386,37.51327],[-88.0427,37.51737],[-88.04749,37.51827],[-88.0527,37.50728],[-88.06133,37.50531],[-88.06256,37.49595],[-88.06784,37.48587],[-88.07346,37.48529],[-88.08177,37.47302],[-88.08907,37.47163],[-88.09262,37.47366],[-88.0998,37.47357],[-88.12801,37.47051],[-88.13514,37.47163],[-88.15706,37.46694],[-88.17176,37.46561],[-88.17528,37.46379],[-88.18861,37.4619],[-88.20692,37.46019],[-88.22501,37.45739],[-88.23778,37.45681],[-88.25519,37.45675],[-88.28167,37.4526],[-88.29782,37.44682],[-88.31258,37.44059],[-88.31752,37.43618],[-88.33062,37.42932],[-88.33318,37.42721],[-88.3484,37.41073],[-88.3585,37.40482],[-88.35447,37.39703],[-88.34736,37.39707],[-88.33208,37.39461],[-88.3281,37.39974],[-88.3246,37.39772],[-88.32354,37.3938],[-88.31793,37.3967],[-88.31285,37.39194],[-88.31333,37.38809],[-88.30794,37.38678],[-88.3103,37.38204],[-88.29945,37.37794],[-88.30417,37.37015],[-88.30155,37.36671],[-88.30485,37.36248],[-88.30052,37.35301],[-88.29396,37.34947],[-88.29576,37.34681],[-88.29639,37.34102],[-88.29363,37.33538],[-88.26736,37.31732],[-88.21898,37.27315],[-88.20095,37.23528],[-88.20531,37.2268],[-88.20042,37.22721],[-88.19625,37.21948],[-88.2002,37.20979],[-88.2035,37.21015],[-88.2048,37.20359],[-88.21094,37.20002],[-88.21029,37.19714],[-88.21747,37.1904],[-88.21659,37.18793],[-88.22034,37.18301],[-88.20865,37.17819],[-88.20336,37.17703],[-88.19577,37.17322],[-88.18987,37.16637],[-88.18729,37.15454],[-88.18985,37.15069],[-88.21091,37.13043],[-88.21365,37.12554],[-88.21601,37.11799],[-88.21707,37.11091],[-88.21543,37.10182],[-88.21754,37.09485],[-88.22907,37.09067],[-88.23234,37.08614],[-88.23114,37.08158],[-88.22219,37.07089],[-88.21629,37.05623],[-88.22251,37.04964],[-88.22519,37.0454],[-88.22688,37.03805],[-88.22677,37.0276],[-88.22094,37.01678],[-88.2115,37.00408],[-88.20922,36.99998],[-88.22274,36.99163],[-88.24037,36.98191],[-88.23326,36.97254],[-88.22507,36.96416],[-88.21564,36.95714],[-88.20276,36.94902],[-88.19584,36.94289],[-88.18939,36.93555],[-88.18646,36.92977],[-88.18345,36.91728],[-88.18369,36.91387],[-88.18028,36.90083],[-88.17404,36.89307],[-88.16589,36.87942],[-88.15564,36.86439],[-88.15035,36.85343],[-88.14807,36.84638],[-88.14169,36.83449],[-88.12946,36.80626],[-88.12733,36.79841],[-88.12492,36.78272],[-88.11756,36.76683],[-88.11424,36.7625],[-88.11464,36.7558],[-88.11083,36.74715],[-88.1132,36.74629],[-88.13611,36.74866],[-88.14929,36.74864],[-88.22337,36.75005],[-88.2366,36.74975],[-88.29944,36.75003],[-88.39518,36.75024],[-88.41357,36.75067],[-88.43133,36.74977],[-88.44971,36.7507],[-88.4857,36.75033],[-88.48566,36.77469],[-88.48446,36.85372],[-88.48443,36.91194],[-88.4841,36.9421],[-88.54509,36.94254],[-88.58121,36.94349],[-88.60816,36.94259],[-88.6998,36.94277],[-88.70943,36.94459],[-88.70938,36.94636],[-88.72549,36.94657],[-88.8129,36.94686],[-88.81315,36.85568],[-88.81323,36.77311],[-88.977,36.77183],[-89.00205,36.77156],[-89.06726,36.77276],[-89.06181,36.78702],[-89.10416,36.79729],[-89.10752,36.79422],[-89.11688,36.79061],[-89.12348,36.78526]]],[[[-89.57151,36.55257],[-89.57124,36.54734],[-89.56034,36.52544],[-89.55432,36.51702],[-89.54295,36.50496],[-89.53923,36.49793],[-89.49804,36.49789],[-89.48543,36.49749],[-89.48247,36.50213],[-89.47719,36.50707],[-89.47246,36.51374],[-89.46867,36.52129],[-89.46589,36.52995],[-89.46544,36.53616],[-89.46776,36.54685],[-89.47334,36.55992],[-89.47909,36.56821],[-89.48484,36.57182],[-89.50008,36.57631],[-89.51447,36.5778],[-89.52758,36.58115],[-89.54246,36.58057],[-89.55264,36.57718],[-89.55809,36.57351],[-89.56682,36.56422],[-89.57151,36.55257]]]]},"properties":{"STATEFP":"21","SLDUST":"001","AFFGEOID":"610U800US21001","GEOID":"21001","NAME":"1","NAMELSAD":"State Senate District 1","STUSPS":"KY","STATE_NAME":"Kentucky","LSAD":"LU","LSY":"2022","ALAND":6215068983,"AWATER":416211901}},
{"type":"Feature","geometry":{"type":"Polygon","coordinates":[[[-84.50586,37.99134],[-84.5093,37.98926],[-84.51263,37.99111],[-84.51682,37.98377],[-84.52612,37.98635],[-84.53014,37.97617],[-84.54054,37.9803],[-84.54591,37.97346],[-84.54507,37.96705],[-84.59233,37.98643],[-84.61039,37.99078],[-84.66013,38.00375],[-84.67476,37.96209],[-84.70297,37.88116],[-84.70992,37.86195],[-84.6942,37.85948],[-84.68909,37.8548],[-84.69045,37.84863],[-84.6955,37.84542],[-84.70892,37.84397],[-84.7169,37.84092],[-84.72342,37.83295],[-84.72468,37.82483],[-84.72311,37.8205],[-84.71475,37.81222],[-84.71344,37.80642],[-84.71643,37.79956],[-84.7098,37.80008],[-84.71189,37.79333],[-84.70541,37.79313],[-84.70332,37.79096],[-84.70383,37.78541],[-84.71041,37.78114],[-84.71167,37.77445],[-84.71577,37.76999],[-84.71017,37.76601],[-84.70192,37.76685],[-84.69382,37.76282],[-84.6959,37.75705],[-84.70318,37.75527],[-84.70518,37.74827],[-84.70171,37.74535],[-84.69148,37.74485],[-84.68856,37.74175],[-84.68833,37.73622],[-84.69044,37.73499],[-84.69609,37.73919],[-84.7058,37.73625],[-84.70591,37.73162],[-84.69805,37.73061],[-84.68948,37.72696],[-84.69674,37.72283],[-84.70218,37.72539],[-84.70952,37.72426],[-84.71737,37.72442],[-84.72331,37.72591],[-84.7279,37.72881],[-84.73017,37.72543],[-84.72428,37.7162],[-84.72674,37.7138],[-84.73333,37.71803],[-84.73873,37.71865],[-84.74501,37.71618],[-84.74364,37.71258],[-84.73992,37.71353],[-84.73381,37.71075],[-84.73392,37.70854],[-84.73898,37.70615],[-84.7437,37.69839],[-84.7346,37.69501],[-84.72687,37.69683],[-84.72239,37.6928],[-84.71557,37.69528],[-84.70427,37.69763],[-84.70003,37.69741],[-84.69822,37.69453],[-84.70379,37.68741],[-84.7011,37.68226],[-84.69706,37.68163],[-84.69192,37.68533],[-84.68579,37.68761],[-84.68262,37.68414],[-84.68525,37.68172],[-84.68032,37.67597],[-84.68535,37.67291],[-84.69822,37.66851],[-84.70362,37.66444],[-84.70084,37.66148],[-84.69337,37.66456],[-84.6889,37.65875],[-84.68331,37.6594],[-84.67886,37.65515],[-84.67887,37.65285],[-84.69029,37.64675],[-84.69404,37.64112],[-84.68618,37.63974],[-84.67904,37.63681],[-84.67248,37.64061],[-84.67891,37.6424],[-84.67815,37.64603],[-84.67229,37.64582],[-84.66839,37.64718],[-84.66596,37.65288],[-84.65928,37.65473],[-84.65567,37.65398],[-84.65183,37.64968],[-84.65425,37.64083],[-84.65952,37.64244],[-84.66606,37.63976],[-84.66453,37.63311],[-84.6583,37.6345],[-84.65156,37.63599],[-84.65024,37.63319],[-84.64421,37.63188],[-84.64365,37.62752],[-84.64088,37.62371],[-84.63625,37.62249],[-84.64047,37.61874],[-84.6445,37.62375],[-84.65257,37.61821],[-84.64895,37.61559],[-84.64888,37.61055],[-84.64425,37.61277],[-84.64125,37.60878],[-84.63269,37.60097],[-84.62231,37.60358],[-84.61746,37.59872],[-84.61847,37.59305],[-84.56198,37.55456],[-84.47302,37.49448],[-84.4708,37.49659],[-84.46417,37.49286],[-84.45239,37.49277],[-84.44672,37.48589],[-84.37444,37.47266],[-84.37044,37.48009],[-84.36777,37.48074],[-84.36643,37.48593],[-84.36205,37.48843],[-84.35747,37.49495],[-84.35433,37.50176],[-84.35892,37.50567],[-84.36132,37.51367],[-84.35354,37.5216],[-84.34868,37.5344],[-84.3478,37.53906],[-84.35152,37.54193],[-84.35275,37.54704],[-84.35169,37.55264],[-84.35812,37.55713],[-84.35799,37.55942],[-84.36304,37.56359],[-84.3624,37.56731],[-84.36545,37.57032],[-84.36951,37.57047],[-84.36997,37.57586],[-84.37213,37.58101],[-84.36995,37.58506],[-84.37277,37.58778],[-84.37533,37.59547],[-84.3816,37.59646],[-84.38596,37.59561],[-84.38908,37.5994],[-84.39753,37.60002],[-84.39888,37.60559],[-84.39918,37.61561],[-84.40578,37.61827],[-84.41215,37.61722],[-84.41969,37.61793],[-84.41924,37.62176],[-84.41463,37.62289],[-84.41797,37.62883],[-84.41242,37.63044],[-84.41319,37.63321],[-84.42124,37.63281],[-84.42661,37.63766],[-84.42449,37.64065],[-84.41824,37.6417],[-84.4344,37.65299],[-84.44273,37.65524],[-84.43841,37.66211],[-84.44234,37.66263],[-84.44629,37.67129],[-84.44266,37.67791],[-84.44783,37.67971],[-84.45182,37.67511],[-84.45695,37.67632],[-84.4606,37.68254],[-84.46488,37.68385],[-84.46418,37.68711],[-84.4537,37.69121],[-84.4495,37.69609],[-84.45111,37.69811],[-84.45941,37.69479],[-84.46169,37.69546],[-84.47006,37.70173],[-84.4745,37.70807],[-84.48362,37.70888],[-84.4854,37.71113],[-84.48393,37.72026],[-84.49055,37.72895],[-84.49304,37.72482],[-84.49727,37.72636],[-84.49712,37.72967],[-84.50327,37.73442],[-84.50189,37.73661],[-84.49374,37.74013],[-84.49448,37.74746],[-84.49954,37.74717],[-84.50274,37.74935],[-84.50368,37.75415],[-84.51143,37.75405],[-84.51488,37.75737],[-84.51146,37.76507],[-84.51911,37.76855],[-84.52521,37.76869],[-84.52313,37.77205],[-84.522,37.77802],[-84.51025,37.78245],[-84.49596,37.78525],[-84.48515,37.79689],[-84.48244,37.80214],[-84.47629,37.80199],[-84.4738,37.79726],[-84.46772,37.79638],[-84.46203,37.80343],[-84.46344,37.80821],[-84.4734,37.82234],[-84.4777,37.82524],[-84.48341,37.83453],[-84.48512,37.84064],[-84.48324,37.8465],[-84.47879,37.85142],[-84.47438,37.85351],[-84.46948,37.85025],[-84.4639,37.84405],[-84.45486,37.84031],[-84.44683,37.8404],[-84.44144,37.8425],[-84.43572,37.8472],[-84.43801,37.84874],[-84.43475,37.85589],[-84.4376,37.86211],[-84.4344,37.86845],[-84.43736,37.8712],[-84.44356,37.88107],[-84.44309,37.88724],[-84.44822,37.89372],[-84.45225,37.90492],[-84.45265,37.90881],[-84.46213,37.91425],[-84.46583,37.91875],[-84.47169,37.92011],[-84.47373,37.93186],[-84.47822,37.93642],[-84.47963,37.94022],[-84.4973,37.94746],[-84.49056,37.95142],[-84.49463,37.95449],[-84.49056,37.95785],[-84.4873,37.95457],[-84.47615,37.96259],[-84.47698,37.9671],[-84.47149,37.96846],[-84.46386,37.96406],[-84.46097,37.96864],[-84.4534,37.97153],[-84.45306,37.97794],[-84.45523,37.98584],[-84.4591,37.98677],[-84.4685,37.98357],[-84.47393,37.98379],[-84.47566,37.98717],[-84.48241,37.98965],[-84.48187,37.99188],[-84.5023,37.99071],[-84.50586,37.99134]]]},"properties":{"STATEFP":"21","SLDUST":"022","AFFGEOID":"610U800US21022","GEOID":"21022","NAME":"22","NAMELSAD":"State Senate District 22","STUSPS":"KY","STATE_NAME":"Kentucky","LSAD":"LU","LSY":"2022","ALAND":1064631632,"AWATER":16595156}},
{"type":"Feature","geometry":{"type":"Polygon","coordinates":[[[-85.70453,38.24554],[-85.70735,38.2383],[-85.71789,38.23224],[-85.72448,38.23163],[-85.72765,38.23573],[-85.74191,38.2308],[-85.74167,38.2263],[-85.74532,38.22285],[-85.75161,38.22014],[-85.74909,38.21534],[-85.74532,38.21697],[-85.74185,38.21359],[-85.75106,38.20865],[-85.75089,38.19489],[-85.74724,38.19269],[-85.74374,38.19431],[-85.74088,38.19062],[-85.71692,38.19126],[-85.71081,38.19051],[-85.70296,38.1976],[-85.69745,38.1969],[-85.69324,38.20086],[-85.68601,38.20087],[-85.68229,38.19797],[-85.67412,38.20318],[-85.66726,38.20541],[-85.66266,38.20045],[-85.63785,38.18717],[-85.63832,38.1839],[-85.64329,38.18421],[-85.64217,38.18036],[-85.63867,38.18003],[-85.64059,38.16084],[-85.64551,38.1554],[-85.64351,38.15376],[-85.64371,38.1402],[-85.64186,38.13948],[-85.64315,38.12284],[-85.66707,38.11732],[-85.66871,38.11936],[-85.67725,38.11806],[-85.68408,38.11599],[-85.69726,38.11721],[-85.70151,38.11605],[-85.7013,38.11136],[-85.69876,38.10418],[-85.69349,38.10283],[-85.69175,38.10795],[-85.67259,38.10351],[-85.67504,38.11051],[-85.66015,38.11533],[-85.65587,38.11304],[-85.64921,38.11404],[-85.64668,38.11787],[-85.63494,38.11965],[-85.61463,38.12487],[-85.60806,38.1271],[-85.60191,38.13154],[-85.6096,38.13752],[-85.60339,38.13859],[-85.59837,38.14104],[-85.59532,38.14734],[-85.6023,38.14765],[-85.59845,38.15118],[-85.59763,38.15542],[-85.60485,38.15573],[-85.60567,38.16034],[-85.61316,38.16066],[-85.613,38.16377],[-85.62002,38.16671],[-85.61927,38.17073],[-85.60945,38.18108],[-85.60697,38.18104],[-85.60482,38.19303],[-85.60307,38.19857],[-85.60981,38.19922],[-85.61833,38.20282],[-85.62213,38.20716],[-85.62463,38.20649],[-85.63045,38.21108],[-85.62776,38.21336],[-85.62859,38.21815],[-85.62228,38.22172],[-85.62528,38.22541],[-85.63334,38.22979],[-85.62728,38.23315],[-85.63663,38.24035],[-85.64282,38.23748],[-85.64772,38.24347],[-85.64207,38.24627],[-85.64504,38.24932],[-85.65056,38.24696],[-85.64821,38.24406],[-85.65386,38.24226],[-85.65695,38.24612],[-85.66501,38.24394],[-85.67198,38.24879],[-85.6806,38.24866],[-85.6889,38.2451],[-85.70453,38.24554]]]},"properties":{"STATEFP":"21","SLDUST":"019","AFFGEOID":"610U800US21019","GEOID":"21019","NAME":"19","NAMELSAD":"State Senate District 19","STUSPS":"KY","STATE_NAME":"Kentucky","LSAD":"LU","LSY":"2022","ALAND":83293960,"AWATER":390509}},
{"type":"Feature","geometry":{"type":"Polygon","coordinates":[[[-83.50908,36.93851],[-83.51338,36.9374],[-83.52069,36.93755],[-83.53085,36.94304],[-83.58952,36.95579],[-83.59074,36.95172],[-83.5875,36.94942],[-83.58382,36.94125],[-83.57864,36.93783],[-83.57342,36.94047],[-83.56982,36.93953],[-83.57009,36.93487],[-83.56674,36.93242],[-83.56761,36.92846],[-83.57205,36.92688],[-83.57578,36.92245],[-83.5739,36.91555],[-83.57452,36.91283],[-83.58034,36.90861],[-83.58109,36.90467],[-83.58912,36.90508],[-83.597,36.89911],[-83.59972,36.90099],[-83.60417,36.89708],[-83.6098,36.8963],[-83.61752,36.88878],[-83.6202,36.88419],[-83.62586,36.88467],[-83.63076,36.88815],[-83.63481,36.88667],[-83.64289,36.878],[-83.64058,36.87491],[-83.64381,36.87107],[-83.64241,36.86625],[-83.65234,36.86271],[-83.66327,36.86425],[-83.66711,36.85682],[-83.68288,36.85458],[-83.68544,36.84907],[-83.68898,36.84761],[-83.68912,36.8432],[-83.69177,36.83892],[-83.68794,36.83546],[-83.69887,36.83458],[-83.70585,36.83613],[-83.70955,36.83402],[-83.70759,36.83014],[-83.71017,36.82468],[-83.71474,36.82055],[-83.72125,36.82068],[-83.7274,36.81441],[-83.73248,36.8126],[-83.73815,36.80852],[-83.73873,36.80144],[-83.74376,36.79645],[-83.74559,36.79989],[-83.75254,36.79988],[-83.75404,36.80535],[-83.76414,36.80207],[-83.76753,36.80304],[-83.77526,36.79822],[-83.78121,36.80269],[-83.78616,36.80068],[-83.78985,36.79716],[-83.79211,36.79208],[-83.79431,36.79132],[-83.79825,36.7852],[-83.7963,36.77259],[-83.79931,36.7696],[-83.79996,36.76558],[-83.80861,36.76171],[-83.81112,36.75683],[-83.80889,36.75362],[-83.80917,36.7481],[-83.81946,36.74352],[-83.8289,36.74326],[-83.83235,36.73466],[-83.82988,36.73205],[-83.83337,36.72594],[-83.83017,36.7233],[-83.83326,36.71956],[-83.83733,36.71886],[-83.83942,36.71404],[-83.84616,36.70812],[-83.85565,36.70552],[-83.85994,36.71106],[-83.86564,36.71471],[-83.8719,36.70957],[-83.87395,36.70358],[-83.87165,36.69936],[-83.87704,36.69515],[-83.87966,36.68981],[-83.8775,36.68726],[-83.87861,36.68034],[-83.9041,36.66866],[-83.91686,36.66138],[-83.92534,36.66071],[-83.93471,36.65654],[-83.93888,36.6536],[-83.94481,36.65235],[-83.95254,36.64868],[-83.95623,36.64549],[-83.95727,36.6422],[-83.95422,36.64073],[-83.95385,36.63658],[-83.95068,36.6357],[-83.94919,36.6321],[-83.94068,36.62807],[-83.93866,36.624],[-83.93242,36.61889],[-83.93166,36.61452],[-83.92471,36.60267],[-83.92843,36.59764],[-83.92833,36.5937],[-83.93076,36.58769],[-83.89442,36.58648],[-83.78902,36.58388],[-83.69071,36.58258],[-83.68301,36.59218],[-83.67561,36.59858],[-83.67311,36.60468],[-83.66561,36.60578],[-83.65771,36.61178],[-83.64951,36.61668],[-83.64831,36.62268],[-83.63981,36.62478],[-83.63501,36.62288],[-83.62501,36.62518],[-83.61991,36.62798],[-83.61451,36.63398],[-83.60561,36.63778],[-83.60301,36.63688],[-83.5943,36.64075],[-83.57731,36.64178],[-83.57475,36.64422],[-83.56541,36.64778],[-83.56261,36.65128],[-83.55411,36.65378],[-83.54731,36.65448],[-83.54181,36.65658],[-83.53311,36.66188],[-83.53191,36.66498],[-83.51601,36.66759],[-83.51171,36.66909],[-83.50141,36.66909],[-83.49391,36.67009],[-83.48261,36.66619],[-83.46648,36.6647],[-83.45801,36.66579],[-83.45471,36.66479],[-83.44081,36.66689],[-83.43651,36.66619],[-83.42371,36.66739],[-83.41181,36.67079],[-83.39581,36.67679],[-83.39531,36.67949],[-83.3861,36.68659],[-83.3675,36.69269],[-83.36401,36.69459],[-83.3602,36.69359],[-83.3428,36.70129],[-83.3157,36.70819],[-83.3071,36.71139],[-83.2878,36.71379],[-83.2857,36.71519],[-83.2755,36.71799],[-83.2693,36.71849],[-83.2636,36.72099],[-83.2555,36.72179],[-83.2463,36.72529],[-83.2364,36.72689],[-83.22,36.73129],[-83.1997,36.73749],[-83.1946,36.73949],[-83.1615,36.73989],[-83.1567,36.74219],[-83.1461,36.74179],[-83.13639,36.74309],[-83.13099,36.74979],[-83.12783,36.75083],[-83.12881,36.75786],[-83.12672,36.761],[-83.13248,36.7644],[-83.13109,36.76838],[-83.13268,36.77153],[-83.12899,36.77578],[-83.13324,36.78321],[-83.13178,36.78539],[-83.12334,36.78665],[-83.11914,36.78953],[-83.11079,36.80039],[-83.10309,36.80669],[-83.09849,36.81429],[-83.09889,36.82299],[-83.10179,36.82909],[-83.09889,36.83179],[-83.09129,36.83439],[-83.08699,36.83819],[-83.07969,36.84059],[-83.07519,36.84089],[-83.07379,36.84489],[-83.07559,36.85059],[-83.07259,36.85459],[-83.06399,36.85169],[-83.06049,36.85379],[-83.04759,36.85179],[-83.04219,36.85439],[-83.02689,36.85549],[-83.02189,36.84999],[-83.01259,36.84729],[-83.00609,36.84789],[-83.00379,36.85179],[-82.99838,36.85663],[-82.98871,36.85914],[-82.97923,36.85969],[-82.97025,36.85769],[-82.96095,36.86254],[-82.95168,36.86615],[-82.93757,36.86728],[-82.92241,36.87393],[-82.90777,36.87471],[-82.90632,36.87974],[-82.89544,36.88215],[-82.89003,36.88429],[-82.88463,36.88848],[-82.87949,36.88909],[-82.87864,36.89398],[-82.87321,36.89726],[-82.87007,36.90174],[-82.87747,36.90796],[-82.87621,36.91022],[-82.86712,36.91797],[-82.86003,36.92524],[-82.85796,36.92953],[-82.86168,36.93932],[-82.85997,36.94907],[-82.8561,36.95247],[-82.86287,36.95777],[-82.8654,36.95808],[-82.86736,36.96318],[-82.87023,36.9655],[-82.86918,36.97418],[-82.86753,36.97752],[-82.86293,36.97998],[-82.85677,36.9791],[-82.85373,36.98518],[-82.84943,36.98348],[-82.845,36.98381],[-82.83855,36.98703],[-82.8308,36.99345],[-82.82913,36.99754],[-82.83059,37.00095],[-82.82859,37.00571],[-82.82268,37.00413],[-82.81575,37.0072],[-82.81358,37.00532],[-82.80053,37.00794],[-82.79749,37.00965],[-82.79344,37.00549],[-82.7889,37.00816],[-82.78214,37.00824],[-82.77737,37.01528],[-82.77179,37.01572],[-82.76641,37.02311],[-82.75917,37.02733],[-82.74798,37.02521],[-82.74556,37.02984],[-82.74368,37.0414],[-82.74245,37.04298],[-82.7336,37.04453],[-82.72628,37.0421],[-82.72247,37.0451],[-82.72328,37.04762],[-82.72225,37.05795],[-82.72631,37.06687],[-82.72702,37.07302],[-82.72375,37.07553],[-82.71835,37.07571],[-82.7172,37.07954],[-82.72304,37.08499],[-82.72495,37.0919],[-82.72218,37.09431],[-82.72194,37.10569],[-82.72629,37.11185],[-82.7262,37.11588],[-82.7221,37.12017],[-82.70787,37.12549],[-82.69567,37.13151],[-82.6846,37.13584],[-82.67676,37.13497],[-82.66772,37.14195],[-82.65747,37.14502],[-82.65476,37.1506],[-82.65165,37.15191],[-82.63349,37.15426],[-82.62488,37.16293],[-82.61742,37.16813],[-82.60829,37.17305],[-82.59745,37.17709],[-82.59277,37.18039],[-82.59245,37.18285],[-82.57899,37.1885],[-82.56538,37.19609],[-82.57581,37.20589],[-82.58836,37.20814],[-82.5941,37.21335],[-82.59623,37.22347],[-82.59943,37.22768],[-82.60485,37.23027],[-82.62186,37.24045],[-82.62892,37.2478],[-82.63484,37.24848],[-82.63696,37.24467],[-82.6433,37.24515],[-82.6525,37.23911],[-82.65397,37.23563],[-82.66055,37.23677],[-82.66447,37.2353],[-82.66694,37.23029],[-82.67202,37.22732],[-82.67924,37.22977],[-82.68224,37.22813],[-82.68638,37.23215],[-82.6919,37.23172],[-82.69455,37.23418],[-82.6912,37.23855],[-82.69119,37.24121],[-82.69608,37.24258],[-82.70291,37.2419],[-82.70485,37.24564],[-82.69935,37.24817],[-82.69989,37.25543],[-82.71024,37.25957],[-82.71357,37.25706],[-82.72425,37.25693],[-82.72602,37.25882],[-82.72336,37.26381],[-82.73269,37.2715],[-82.72456,37.28104],[-82.71885,37.28028],[-82.71482,37.28323],[-82.71063,37.2837],[-82.70954,37.28677],[-82.70024,37.29051],[-82.69935,37.29574],[-82.70069,37.29961],[-82.69348,37.30622],[-82.6903,37.30579],[-82.68387,37.30848],[-82.68067,37.30602],[-82.67237,37.30684],[-82.67229,37.31289],[-82.67029,37.3161],[-82.66984,37.3213],[-82.66529,37.3237],[-82.6658,37.32728],[-82.661,37.33718],[-82.66326,37.34252],[-82.65862,37.34522],[-82.65198,37.35146],[-82.65736,37.358],[-82.66378,37.36066],[-82.66365,37.36692],[-82.66617,37.37003],[-82.66329,37.37301],[-82.65779,37.3751],[-82.65363,37.3803],[-82.64839,37.3797],[-82.63832,37.38144],[-82.63303,37.37931],[-82.62856,37.38073],[-82.61874,37.38837],[-82.6218,37.39332],[-82.61737,37.39936],[-82.61286,37.39969],[-82.61261,37.40842],[-82.61015,37.41022],[-82.60461,37.41028],[-82.60346,37.41578],[-82.60639,37.41913],[-82.60424,37.42496],[-82.59955,37.42922],[-82.59942,37.43326],[-82.60194,37.43702],[-82.59882,37.43967],[-82.59261,37.43979],[-82.59145,37.44419],[-82.58854,37.44657],[-82.59045,37.45715],[-82.58737,37.45958],[-82.58805,37.46352],[-82.58456,37.46708],[-82.58712,37.47305],[-82.5899,37.47425],[-82.59018,37.48174],[-82.59333,37.48614],[-82.5946,37.49076],[-82.6004,37.49438],[-82.59631,37.49818],[-82.59779,37.50275],[-82.60518,37.50631],[-82.61162,37.50358],[-82.61641,37.50529],[-82.62358,37.50405],[-82.62387,37.51043],[-82.62216,37.51691],[-82.62448,37.52091],[-82.62066,37.52786],[-82.60481,37.60961],[-82.59828,37.64223],[-82.60607,37.64956],[-82.60275,37.653],[-82.60209,37.65947],[-82.61295,37.66096],[-82.61205,37.66556],[-82.61454,37.67032],[-82.60971,37.67422],[-82.60585,37.675],[-82.6008,37.6736],[-82.59791,37.67872],[-82.59011,37.68089],[-82.5836,37.67724],[-82.58193,37.68007],[-82.57042,37.68054],[-82.56528,37.68171],[-82.56356,37.68484],[-82.56477,37.689],[-82.57003,37.68973],[-82.57533,37.68794],[-82.57656,37.69448],[-82.58347,37.69412],[-82.58506,37.69193],[-82.59018,37.69262],[-82.59772,37.7],[-82.61683,37.70685],[-82.62168,37.70494],[-82.62472,37.71025],[-82.62914,37.71222],[-82.63304,37.7172],[-82.63687,37.71686],[-82.64106,37.71937],[-82.64415,37.72422],[-82.65372,37.72663],[-82.6634,37.72563],[-82.66631,37.72738],[-82.67205,37.72553],[-82.68072,37.72977],[-82.68405,37.72882],[-82.68728,37.73172],[-82.68496,37.73534],[-82.69622,37.73809],[-82.7012,37.73698],[-82.70306,37.73908],[-82.70828,37.73952],[-82.7132,37.74455],[-82.7206,37.74438],[-82.72321,37.74908],[-82.73718,37.74487],[-82.73919,37.74768],[-82.74707,37.74821],[-82.75252,37.75187],[-82.75582,37.75172],[-82.76317,37.75623],[-82.76385,37.74931],[-82.76698,37.74193],[-82.77565,37.74206],[-82.78541,37.74589],[-82.79155,37.74443],[-82.84555,37.72952],[-82.8621,37.72767],[-82.86674,37.73115],[-82.87083,37.72914],[-82.87626,37.71931],[-82.88076,37.71637],[-82.88509,37.71566],[-82.89176,37.70869],[-82.89748,37.70836],[-82.90115,37.7032],[-82.90348,37.70687],[-82.91199,37.71017],[-82.91539,37.71287],[-82.92235,37.71565],[-82.92717,37.71936],[-82.93277,37.71636],[-82.93808,37.71756],[-82.94076,37.71634],[-82.94267,37.69781],[-82.94587,37.67794],[-82.94143,37.67401],[-82.94222,37.66911],[-82.93766,37.6687],[-82.93605,37.66496],[-82.92751,37.65947],[-82.92725,37.65636],[-82.92255,37.65674],[-82.91911,37.65396],[-82.91242,37.6536],[-82.90892,37.64921],[-82.91255,37.64635],[-82.90465,37.63955],[-82.90653,37.63091],[-82.90177,37.62699],[-82.90249,37.62128],[-82.90575,37.61893],[-82.90625,37.60659],[-82.90246,37.59954],[-82.90405,37.59476],[-82.89654,37.58849],[-82.89713,37.58041],[-82.90215,37.57693],[-82.89836,37.57212],[-82.89614,37.56703],[-82.88885,37.56462],[-82.8909,37.55629],[-82.88807,37.55469],[-82.88992,37.54412],[-82.88543,37.54115],[-82.87872,37.54013],[-82.87908,37.5354],[-82.89242,37.53243],[-82.89203,37.52676],[-82.89438,37.52193],[-82.8916,37.51908],[-82.89737,37.5146],[-82.89618,37.50893],[-82.90211,37.50786],[-82.90357,37.50467],[-82.9071,37.50386],[-82.91059,37.49922],[-82.90955,37.4915],[-82.91646,37.48857],[-82.92107,37.49081],[-82.92425,37.48715],[-82.93155,37.49131],[-82.94107,37.48963],[-82.94167,37.49632],[-82.94544,37.49739],[-82.9442,37.50143],[-82.94854,37.50317],[-82.95665,37.50005],[-82.96559,37.50076],[-82.97429,37.49796],[-82.9804,37.50127],[-82.98536,37.50652],[-82.99023,37.50217],[-83.00468,37.50347],[-83.01213,37.50565],[-83.0139,37.50854],[-83.02014,37.50556],[-83.02477,37.50713],[-83.03096,37.50627],[-83.03649,37.51097],[-83.03795,37.51514],[-83.04244,37.51988],[-83.0502,37.52531],[-83.05567,37.52036],[-83.06501,37.52565],[-83.06886,37.52167],[-83.07096,37.51685],[-83.07759,37.51893],[-83.08087,37.51807],[-83.0842,37.52198],[-83.08993,37.52175],[-83.09016,37.51749],[-83.09447,37.51845],[-83.09474,37.50803],[-83.09204,37.50217],[-83.09314,37.4981],[-83.13471,37.45718],[-83.11193,37.34251],[-83.10986,37.3362],[-83.1107,37.33189],[-83.11694,37.32851],[-83.11014,37.32077],[-83.11623,37.31021],[-83.11637,37.30722],[-83.111,37.30581],[-83.11045,37.29896],[-83.11562,37.29518],[-83.11963,37.29505],[-83.12019,37.29136],[-83.12308,37.28793],[-83.1198,37.28383],[-83.12411,37.28068],[-83.12399,37.27583],[-83.12725,37.2684],[-83.12595,37.26438],[-83.1216,37.25937],[-83.12585,37.25609],[-83.12103,37.25172],[-83.1204,37.24693],[-83.12706,37.23753],[-83.11652,37.24067],[-83.10752,37.23611],[-83.10156,37.23544],[-83.09217,37.23846],[-83.09123,37.24214],[-83.08284,37.24289],[-83.08252,37.24773],[-83.0775,37.24736],[-83.07036,37.24852],[-83.06638,37.24439],[-83.06843,37.24141],[-83.06748,37.23143],[-83.0566,37.22285],[-83.05431,37.21582],[-83.05246,37.2148],[-83.0437,37.21569],[-83.04046,37.21756],[-83.03298,37.21683],[-83.03236,37.21097],[-83.02902,37.20829],[-83.02097,37.20992],[-83.01487,37.20867],[-83.01427,37.20452],[-83.00616,37.20578],[-83.0036,37.19957],[-83.00068,37.19737],[-83.00214,37.19349],[-83.00938,37.18954],[-83.00956,37.18636],[-83.01288,37.18395],[-83.01674,37.17749],[-83.02111,37.17808],[-83.02268,37.17452],[-83.0281,37.16984],[-83.03336,37.16909],[-83.03826,37.16547],[-83.03561,37.15724],[-83.05385,37.12981],[-83.05882,37.12408],[-83.06078,37.11524],[-83.05433,37.10835],[-83.05457,37.10369],[-83.04704,37.10276],[-83.04733,37.09857],[-83.05075,37.09785],[-83.05115,37.0923],[-83.04743,37.09099],[-83.0477,37.08748],[-83.04077,37.08006],[-83.04363,37.0752],[-83.04365,37.07105],[-83.04694,37.06933],[-83.04274,37.06222],[-83.04876,37.05863],[-83.05238,37.0609],[-83.05787,37.0615],[-83.05738,37.05728],[-83.06215,37.0543],[-83.06372,37.05096],[-83.06919,37.0505],[-83.0734,37.04646],[-83.07191,37.04227],[-83.06685,37.0431],[-83.06554,37.03867],[-83.05659,37.03496],[-83.05224,37.03511],[-83.0521,37.02905],[-83.05818,37.02501],[-83.05439,37.01833],[-83.05827,37.01539],[-83.06169,37.01639],[-83.06582,37.0149],[-83.06936,37.01084],[-83.07272,37.01196],[-83.07888,37.00877],[-83.08503,37.00186],[-83.08913,37.00223],[-83.0936,36.9981],[-83.0982,36.99941],[-83.10346,36.99342],[-83.11086,36.99226],[-83.11389,36.99821],[-83.11967,36.99791],[-83.12433,37.00572],[-83.1367,37.00415],[-83.14255,37.00666],[-83.14435,37.01371],[-83.15036,37.01297],[-83.15554,37.01536],[-83.16011,37.01386],[-83.16083,37.02074],[-83.16782,37.02031],[-83.17171,37.01719],[-83.1821,37.02112],[-83.18226,37.01179],[-83.188,37.00573],[-83.19552,37.00915],[-83.19792,37.0122],[-83.20212,37.0046],[-83.21066,37.00325],[-83.21456,37.00543],[-83.22125,37.00312],[-83.22588,37.00571],[-83.23034,37.00274],[-83.23283,36.99526],[-83.23975,36.98551],[-83.26002,36.96895],[-83.27768,36.96096],[-83.29167,36.95219],[-83.32392,36.94071],[-83.38456,36.92591],[-83.38623,36.92226],[-83.39407,36.91923],[-83.39966,36.92096],[-83.40244,36.91612],[-83.40001,36.90982],[-83.40141,36.90682],[-83.39677,36.90539],[-83.39609,36.89911],[-83.4003,36.89867],[-83.40535,36.89241],[-83.40861,36.89022],[-83.42034,36.88897],[-83.42369,36.88982],[-83.43297,36.88878],[-83.434,36.89423],[-83.44709,36.88973],[-83.45362,36.89111],[-83.45624,36.88327],[-83.46373,36.88639],[-83.46605,36.88946],[-83.47395,36.8921],[-83.4767,36.89648],[-83.47995,36.89444],[-83.4878,36.89316],[-83.48981,36.89541],[-83.4999,36.89541],[-83.50411,36.89816],[-83.50349,36.90578],[-83.49899,36.90617],[-83.49806,36.90915],[-83.48942,36.9113],[-83.49022,36.91578],[-83.49425,36.91962],[-83.49952,36.91982],[-83.50151,36.9236],[-83.50468,36.92469],[-83.50948,36.92338],[-83.51152,36.92825],[-83.50908,36.93851]]]},"properties":{"STATEFP":"21","SLDUST":"029","AFFGEOID":"610U800US21029","GEOID":"21029","NAME":"29","NAMELSAD":"State Senate District 29","STUSPS":"KY","STATE_NAME":"Kentucky","LSAD":"LU","LSY":"2022","ALAND":4940626841,"AWATER":24013039}},
{"type":"Feature","geometry":{"type":"Polygon","coordinates":[[[-85.86763,38.06732],[-85.86169,38.06591],[-85.85011,38.06548],[-85.84416,38.06823],[-85.83818,38.06435],[-85.84152,38.06016],[-85.84226,38.05149],[-85.87697,38.04182],[-85.8828,38.04055],[-85.88349,38.03758],[-85.89757,38.02973],[-85.90305,38.02951],[-85.90639,38.02519],[-85.91279,38.02065],[-85.91537,38.01394],[-85.91387,38.01084],[-85.92297,38.00836],[-85.93464,37.99722],[-85.93147,37.99363],[-85.92557,37.99225],[-85.90959,37.99188],[-85.90676,37.99125],[-85.9041,37.98438],[-85.90076,37.96954],[-85.90316,37.96435],[-85.90444,37.95768],[-85.90334,37.94914],[-85.90518,37.94258],[-85.9014,37.93954],[-85.89423,37.94008],[-85.87905,37.94884],[-85.8735,37.94705],[-85.86781,37.94862],[-85.85927,37.94758],[-85.85487,37.94539],[-85.84991,37.93779],[-85.84751,37.93008],[-85.84896,37.92614],[-85.84489,37.92172],[-85.83596,37.92107],[-85.83017,37.91875],[-85.82752,37.91337],[-85.82819,37.90787],[-85.82746,37.90063],[-85.81848,37.89592],[-85.81335,37.88962],[-85.81916,37.88652],[-85.83394,37.8927],[-85.83745,37.89157],[-85.83986,37.88764],[-85.83932,37.88053],[-85.82798,37.86907],[-85.82342,37.86682],[-85.8183,37.86162],[-85.81734,37.85826],[-85.80899,37.85726],[-85.80315,37.86002],[-85.80013,37.85897],[-85.80052,37.85438],[-85.79731,37.85318],[-85.7939,37.84801],[-85.78555,37.8429],[-85.7726,37.84191],[-85.76831,37.83886],[-85.76155,37.83641],[-85.75952,37.83162],[-85.75015,37.82674],[-85.75005,37.82347],[-85.74485,37.82282],[-85.74123,37.8204],[-85.74209,37.81554],[-85.73778,37.81179],[-85.73148,37.81224],[-85.72137,37.81018],[-85.72099,37.80777],[-85.70639,37.81413],[-85.70255,37.81421],[-85.69885,37.81123],[-85.69298,37.81524],[-85.69123,37.81851],[-85.68742,37.81792],[-85.68223,37.81971],[-85.67934,37.81721],[-85.67475,37.82344],[-85.66242,37.82478],[-85.65266,37.82904],[-85.65349,37.83273],[-85.64325,37.83403],[-85.63311,37.84386],[-85.62982,37.8453],[-85.6267,37.85005],[-85.6204,37.85043],[-85.61027,37.8589],[-85.61103,37.8649],[-85.61331,37.87003],[-85.60801,37.86925],[-85.59874,37.87218],[-85.59257,37.87609],[-85.58832,37.87576],[-85.58126,37.88103],[-85.57972,37.88348],[-85.5848,37.89355],[-85.58445,37.9037],[-85.58568,37.90773],[-85.57522,37.91692],[-85.57276,37.916],[-85.56561,37.92013],[-85.56533,37.9249],[-85.56077,37.923],[-85.55573,37.92398],[-85.54907,37.92824],[-85.54292,37.94036],[-85.52995,37.94723],[-85.52524,37.95275],[-85.52396,37.95719],[-85.52788,37.96259],[-85.53415,37.96523],[-85.4892,37.99065],[-85.51688,38.01127],[-85.51192,38.01288],[-85.46923,38.09622],[-85.46287,38.09588],[-85.45187,38.10231],[-85.44708,38.10155],[-85.43804,38.10193],[-85.43483,38.10575],[-85.43047,38.10725],[-85.42883,38.11838],[-85.48026,38.10001],[-85.51589,38.08877],[-85.52948,38.08386],[-85.53083,38.08665],[-85.5474,38.08921],[-85.55548,38.08469],[-85.55824,38.09311],[-85.56247,38.09599],[-85.56462,38.09409],[-85.57337,38.12139],[-85.57643,38.12908],[-85.58336,38.14189],[-85.58888,38.14039],[-85.59034,38.13166],[-85.59416,38.1277],[-85.59466,38.12276],[-85.60166,38.12304],[-85.60229,38.11674],[-85.60541,38.1149],[-85.60625,38.11106],[-85.61175,38.11136],[-85.61191,38.10866],[-85.64695,38.11059],[-85.65042,38.10285],[-85.67106,38.10385],[-85.67259,38.10351],[-85.69175,38.10795],[-85.69349,38.10283],[-85.69876,38.10418],[-85.7013,38.11136],[-85.70151,38.11605],[-85.72381,38.11597],[-85.73246,38.1176],[-85.73719,38.11619],[-85.73597,38.10665],[-85.73975,38.10335],[-85.74865,38.1122],[-85.76152,38.10257],[-85.76422,38.09538],[-85.77837,38.10769],[-85.77647,38.10944],[-85.78444,38.11542],[-85.79527,38.11918],[-85.80598,38.11179],[-85.80573,38.10979],[-85.81471,38.10583],[-85.84139,38.09003],[-85.84938,38.0883],[-85.85403,38.08861],[-85.85985,38.08373],[-85.86631,38.07466],[-85.86763,38.06732]]]},"properties":{"STATEFP":"21","SLDUST":"038","AFFGEOID":"610U800US21038","GEOID":"21038","NAME":"38","NAMELSAD":"State Senate District 38","STUSPS":"KY","STATE_NAME":"Kentucky","LSAD":"LU","LSY":"2022","ALAND":870909587,"AWATER":9399564}},
{"type":"Feature","geometry":{"type":"Polygon","coordinates":[[[-86.94139,37.06898],[-86.9764,37.07359],[-87.00113,37.06941],[-87.05316,37.06102],[-87.11807,37.04473],[-87.16888,37.04308],[-87.25026,37.04056],[-87.2508,37.04907],[-87.25265,37.05053],[-87.25938,37.04977],[-87.26041,37.0539],[-87.25344,37.05329],[-87.24658,37.05441],[-87.24837,37.05828],[-87.24525,37.06412],[-87.24924,37.06584],[-87.2506,37.07032],[-87.25511,37.07463],[-87.25937,37.0724],[-87.28214,36.94549],[-87.29315,36.88535],[-87.31716,36.75017],[-87.31874,36.74302],[-87.33598,36.64154],[-87.23053,36.6419],[-87.11498,36.64241],[-87.01152,36.64395],[-86.90658,36.64625],[-86.85427,36.64688],[-86.81304,36.64765],[-86.75892,36.64902],[-86.71379,36.64934],[-86.58991,36.65249],[-86.56414,36.63347],[-86.55129,36.63799],[-86.55005,36.64482],[-86.54339,36.64389],[-86.54378,36.64054],[-86.50777,36.65245],[-86.4735,36.65167],[-86.4685,36.65184],[-86.41139,36.6506],[-86.4138,36.66101],[-86.41616,36.66548],[-86.41234,36.6725],[-86.419,36.67832],[-86.4157,36.68094],[-86.41453,36.69346],[-86.41152,36.69564],[-86.41444,36.7012],[-86.41047,36.70545],[-86.40962,36.71163],[-86.41482,36.71442],[-86.41004,36.71679],[-86.40859,36.72081],[-86.41384,36.72308],[-86.40932,36.72786],[-86.41296,36.73037],[-86.41102,36.73506],[-86.41403,36.7377],[-86.40886,36.74042],[-86.41002,36.74706],[-86.40577,36.77619],[-86.33103,36.82708],[-86.2634,36.87313],[-86.26419,36.87777],[-86.26346,36.88565],[-86.26774,36.88618],[-86.26724,36.89086],[-86.27182,36.89586],[-86.26847,36.90808],[-86.26691,36.91895],[-86.28485,36.92845],[-86.29221,36.92938],[-86.30478,36.9355],[-86.32042,36.9413],[-86.32783,36.94314],[-86.3334,36.93353],[-86.33742,36.92402],[-86.34057,36.92155],[-86.35134,36.92345],[-86.35956,36.9305],[-86.36405,36.93332],[-86.38184,36.94084],[-86.38847,36.93806],[-86.39502,36.93336],[-86.40103,36.93403],[-86.40833,36.93622],[-86.41521,36.93984],[-86.40997,36.94955],[-86.41554,36.95156],[-86.42442,36.94877],[-86.43476,36.97135],[-86.44217,36.98756],[-86.44738,36.98658],[-86.45371,36.98859],[-86.46178,36.9819],[-86.46699,36.98085],[-86.47103,36.97621],[-86.48744,36.96336],[-86.50204,36.95451],[-86.50823,36.95317],[-86.50955,36.95559],[-86.51683,36.95659],[-86.52203,36.95149],[-86.52365,36.95292],[-86.53324,36.94613],[-86.53012,36.94442],[-86.54276,36.93087],[-86.55712,36.92112],[-86.56702,36.91569],[-86.57557,36.91273],[-86.58533,36.90719],[-86.59505,36.89861],[-86.60661,36.89314],[-86.61646,36.89216],[-86.67446,36.99977],[-86.79602,37.04009],[-86.84535,37.05651],[-86.94139,37.06898]]]},"properties":{"STATEFP":"21","SLDUST":"032","AFFGEOID":"610U800US21032","GEOID":"21032","NAME":"32","NAMELSAD":"State Senate District 32","STUSPS":"KY","STATE_NAME":"Kentucky","LSAD":"LU","LSY":"2022","ALAND":3396698395,"AWATER":28027573}},
{"type":"Feature","geometry":{"type":"Polygon","coordinates":[[[-85.33309,38.7362],[-85.32968,38.72582],[-85.25891,38.65632],[-85.22907,38.62713],[-85.2314,38.62095],[-85.23026,38.61782],[-85.22102,38.61216],[-85.21953,38.60735],[-85.21398,38.60135],[-85.21887,38.59602],[-85.21583,38.58519],[-85.21137,38.58022],[-85.16827,38.58545],[-85.07458,38.59684],[-85.07412,38.59401],[-85.07578,38.58542],[-85.07593,38.57802],[-85.06679,38.56706],[-85.05954,38.56475],[-85.05308,38.56886],[-85.04264,38.57386],[-85.03874,38.57345],[-85.03199,38.56984],[-85.00918,38.56112],[-85.00264,38.55401],[-85.00271,38.55212],[-85.01148,38.54866],[-85.01411,38.53739],[-85.02529,38.52345],[-85.02989,38.51077],[-85.02895,38.50738],[-85.02413,38.50435],[-85.01736,38.50475],[-85.00717,38.51392],[-85.00328,38.51607],[-84.9956,38.51805],[-84.98503,38.51841],[-84.97907,38.51633],[-84.97717,38.51299],[-84.98794,38.50252],[-84.99216,38.49529],[-84.99142,38.48935],[-84.98878,38.48709],[-84.97876,38.4848],[-84.96844,38.48078],[-84.95684,38.47365],[-84.95215,38.46501],[-84.95181,38.45699],[-84.95519,38.4522],[-84.95699,38.44526],[-84.96323,38.43706],[-84.95704,38.4299],[-84.94983,38.42618],[-84.93925,38.4278],[-84.93753,38.43182],[-84.93819,38.45041],[-84.93624,38.4551],[-84.92899,38.46199],[-84.92264,38.46454],[-84.91487,38.46182],[-84.90963,38.45486],[-84.90985,38.44938],[-84.92335,38.44279],[-84.92666,38.44023],[-84.92813,38.43628],[-84.92471,38.43118],[-84.91642,38.4308],[-84.91022,38.42772],[-84.89583,38.42485],[-84.88215,38.42014],[-84.88025,38.41618],[-84.88637,38.40821],[-84.88848,38.402],[-84.89479,38.39459],[-84.89759,38.38956],[-84.89865,38.37897],[-84.89437,38.37531],[-84.87586,38.37286],[-84.86835,38.36864],[-84.86706,38.36199],[-84.86868,38.35765],[-84.87266,38.35652],[-84.88116,38.35685],[-84.88621,38.35372],[-84.89236,38.3552],[-84.90626,38.37484],[-84.99767,38.33559],[-84.95696,38.33227],[-84.9989,38.27498],[-85.00103,38.22615],[-85.00748,38.17578],[-85.00598,38.17057],[-85.00323,38.16746],[-85.00982,38.16279],[-85.00384,38.16066],[-85.02,38.14152],[-85.01875,38.13631],[-85.02292,38.13378],[-85.02371,38.12905],[-85.00733,38.12961],[-84.99204,38.12621],[-84.96739,38.11927],[-84.958,38.10979],[-84.91912,38.09959],[-84.91339,38.09553],[-84.9078,38.09367],[-84.90207,38.0959],[-84.88744,38.09701],[-84.88466,38.10097],[-84.88132,38.10216],[-84.87843,38.10865],[-84.87173,38.11265],[-84.87235,38.11723],[-84.86491,38.11693],[-84.86337,38.12134],[-84.86513,38.12406],[-84.866,38.13463],[-84.8648,38.14137],[-84.80742,38.16368],[-84.72517,38.19543],[-84.73029,38.2083],[-84.73777,38.2977],[-84.73792,38.30909],[-84.74059,38.35242],[-84.70607,38.37006],[-84.64946,38.41657],[-84.62358,38.43119],[-84.58054,38.47304],[-84.60077,38.48103],[-84.60529,38.48054],[-84.62108,38.48168],[-84.62665,38.48513],[-84.62844,38.49139],[-84.63356,38.49502],[-84.63616,38.50284],[-84.64512,38.51326],[-84.65005,38.51529],[-84.6462,38.52078],[-84.65208,38.52352],[-84.65434,38.52851],[-84.65816,38.52908],[-84.65775,38.53282],[-84.66694,38.53175],[-84.66814,38.52776],[-84.67147,38.52743],[-84.67148,38.53471],[-84.66931,38.54076],[-84.66546,38.54345],[-84.66782,38.54553],[-84.67515,38.54615],[-84.6793,38.55128],[-84.67413,38.55512],[-84.6745,38.55794],[-84.68076,38.5597],[-84.73845,38.5957],[-84.77432,38.61859],[-84.78579,38.72046],[-84.78077,38.76521],[-84.66011,38.77729],[-84.65602,38.78233],[-84.6577,38.78585],[-84.65617,38.79012],[-84.64497,38.79285],[-84.64358,38.798],[-84.63001,38.8029],[-84.61747,38.80327],[-84.61564,38.80226],[-84.60733,38.80686],[-84.59411,38.80067],[-84.59128,38.80956],[-84.58876,38.82771],[-84.5819,38.83027],[-84.57815,38.83302],[-84.56944,38.83342],[-84.56816,38.83794],[-84.55997,38.84043],[-84.5593,38.84237],[-84.55019,38.84451],[-84.54905,38.848],[-84.54018,38.84815],[-84.53611,38.85136],[-84.53607,38.85933],[-84.54011,38.86793],[-84.53582,38.87484],[-84.53548,38.88396],[-84.54002,38.88933],[-84.53995,38.89413],[-84.54202,38.90147],[-84.54449,38.90449],[-84.54479,38.9152],[-84.55527,38.91774],[-84.55973,38.92253],[-84.54934,38.91951],[-84.54841,38.92406],[-84.56977,38.93447],[-84.57172,38.9371],[-84.59326,38.94916],[-84.59383,38.95822],[-84.59798,38.96613],[-84.593,38.97733],[-84.60356,38.97668],[-84.61177,38.9783],[-84.60917,38.95717],[-84.62174,38.95741],[-84.62608,38.95621],[-84.63445,38.95655],[-84.63096,38.93201],[-84.64146,38.93575],[-84.6462,38.93126],[-84.65206,38.92919],[-84.647,38.92033],[-84.63942,38.91446],[-84.63589,38.91347],[-84.64201,38.90634],[-84.64568,38.90781],[-84.66297,38.91063],[-84.67847,38.91649],[-84.67811,38.92252],[-84.69072,38.91844],[-84.69577,38.91837],[-84.6968,38.91526],[-84.70406,38.9093],[-84.70932,38.90851],[-84.71372,38.91382],[-84.71123,38.91977],[-84.71274,38.92272],[-84.71998,38.92177],[-84.72209,38.92465],[-84.72338,38.93289],[-84.71985,38.93597],[-84.71772,38.94649],[-84.72617,38.94909],[-84.73355,38.94607],[-84.73961,38.94518],[-84.74456,38.9409],[-84.75324,38.93933],[-84.75601,38.93991],[-84.76486,38.93594],[-84.77016,38.93666],[-84.79663,38.93074],[-84.79938,38.92467],[-84.80393,38.91859],[-84.80396,38.90693],[-84.79957,38.9052],[-84.79971,38.90128],[-84.80278,38.89658],[-84.80108,38.89134],[-84.79248,38.88674],[-84.78641,38.88222],[-84.78458,38.87532],[-84.7883,38.86433],[-84.79371,38.85779],[-84.79846,38.85528],[-84.80325,38.85072],[-84.81717,38.84342],[-84.82336,38.8392],[-84.82996,38.83063],[-84.82989,38.82541],[-84.8271,38.81863],[-84.81651,38.80532],[-84.81164,38.79277],[-84.81175,38.78917],[-84.81464,38.78449],[-84.82138,38.78311],[-84.82886,38.78327],[-84.83781,38.78491],[-84.85287,38.78938],[-84.86199,38.79109],[-84.87722,38.7925],[-84.88728,38.79478],[-84.89393,38.7937],[-84.90343,38.79002],[-84.91523,38.78409],[-84.92642,38.78048],[-84.93298,38.77752],[-84.94364,38.77543],[-84.94795,38.77549],[-84.96225,38.77818],[-84.97999,38.77958],[-84.99193,38.77854],[-84.99995,38.77472],[-85.01099,38.76703],[-85.04094,38.75516],[-85.0524,38.74814],[-85.07193,38.74157],[-85.07954,38.7369],[-85.09773,38.72751],[-85.10141,38.72655],[-85.1069,38.72079],[-85.12524,38.70886],[-85.13199,38.70292],[-85.1367,38.70024],[-85.15616,38.69225],[-85.17305,38.68802],[-85.18864,38.68758],[-85.19211,38.68909],[-85.2045,38.69169],[-85.21326,38.69545],[-85.22112,38.70096],[-85.22623,38.70587],[-85.23509,38.718],[-85.2465,38.73182],[-85.25895,38.73777],[-85.26849,38.74016],[-85.28927,38.74236],[-85.30532,38.74155],[-85.33309,38.7362]]]},"properties":{"STATEFP":"21","SLDUST":"020","AFFGEOID":"610U800US21020","GEOID":"21020","NAME":"20","NAMELSAD":"State Senate District 20","STUSPS":"KY","STATE_NAME":"Kentucky","LSAD":"LU","LSY":"2022","ALAND":2318375706,"AWATER":62501718}},
{"type":"Feature","geometry":{"type":"Polygon","coordinates":[[[-85.56895,38.1902],[-85.57097,38.18624],[-85.57598,38.18851],[-85.58405,38.18594],[-85.58358,38.18236],[-85.57624,38.17605],[-85.57659,38.17356],[-85.58422,38.174],[-85.58513,38.16869],[-85.5975,38.17092],[-85.59894,38.1649],[-85.59196,38.15968],[-85.58336,38.14189],[-85.57643,38.12908],[-85.57337,38.12139],[-85.56462,38.09409],[-85.56247,38.09599],[-85.55824,38.09311],[-85.55548,38.08469],[-85.5474,38.08921],[-85.53083,38.08665],[-85.52948,38.08386],[-85.51589,38.08877],[-85.48026,38.10001],[-85.42883,38.11838],[-85.42405,38.14744],[-85.33872,38.12103],[-85.27557,38.10237],[-85.23264,38.0895],[-85.10165,38.03727],[-85.1093,38.02717],[-85.11313,38.02564],[-85.12043,38.02595],[-85.11924,38.02095],[-85.12645,38.02029],[-85.12337,38.01058],[-85.12636,38.00366],[-85.13105,37.99588],[-85.13897,37.99813],[-85.14801,37.99648],[-85.15518,37.99224],[-85.16189,37.99057],[-85.16516,38.00052],[-85.16919,37.99792],[-85.17004,37.9947],[-85.16629,37.98752],[-85.16922,37.98137],[-85.16783,37.97181],[-85.1528,37.89766],[-85.14897,37.89672],[-85.14751,37.89101],[-85.14313,37.89234],[-85.13876,37.89158],[-85.13917,37.89698],[-85.14399,37.89837],[-85.14398,37.90191],[-85.13363,37.89861],[-85.13169,37.90454],[-85.12773,37.90761],[-85.12745,37.91421],[-85.1251,37.91615],[-85.11562,37.91391],[-85.10619,37.90925],[-85.10778,37.90385],[-85.10691,37.8939],[-85.10354,37.89122],[-85.08844,37.88765],[-85.08514,37.89191],[-85.07957,37.89122],[-85.07577,37.88853],[-85.06602,37.8889],[-85.06853,37.89549],[-85.06719,37.89653],[-85.05959,37.89043],[-85.05463,37.89406],[-85.04841,37.89583],[-85.04509,37.89184],[-85.03524,37.88844],[-85.0355,37.89168],[-85.03053,37.89154],[-85.02231,37.88648],[-85.0201,37.89106],[-85.02117,37.89356],[-85.01469,37.895],[-85.01349,37.89209],[-85.00798,37.89097],[-85.00617,37.89306],[-85.00745,37.89767],[-85.00114,37.90095],[-85.0007,37.90733],[-84.99554,37.90375],[-84.99327,37.90737],[-84.98719,37.90566],[-84.98657,37.91226],[-84.97914,37.91516],[-84.97719,37.92017],[-84.97721,37.92881],[-84.97335,37.93551],[-84.96824,37.93473],[-84.95738,37.93724],[-84.95627,37.94608],[-84.94862,37.94469],[-84.94804,37.94896],[-84.93308,37.95419],[-84.92162,37.95307],[-84.92228,37.94729],[-84.91809,37.94719],[-84.91536,37.94963],[-84.90938,37.94927],[-84.91007,37.94088],[-84.90501,37.94103],[-84.90214,37.93843],[-84.89558,37.94771],[-84.88973,37.94675],[-84.89243,37.94362],[-84.88375,37.93989],[-84.85719,37.94894],[-84.85494,37.95145],[-84.79633,37.97009],[-84.80669,37.97174],[-84.81216,37.9712],[-84.81806,37.97339],[-84.82354,37.98249],[-84.8215,37.98937],[-84.8166,37.9961],[-84.81714,38],[-84.82439,38.00362],[-84.8372,38.00784],[-84.83731,38.01424],[-84.83126,38.02012],[-84.82975,38.02362],[-84.83117,38.03048],[-84.8347,38.03448],[-84.84674,38.04091],[-84.84987,38.04586],[-84.84935,38.04891],[-84.84372,38.05271],[-84.82948,38.05221],[-84.82599,38.05499],[-84.82693,38.06046],[-84.83613,38.06381],[-84.84041,38.0664],[-84.84299,38.07001],[-84.8414,38.07259],[-84.82873,38.081],[-84.82742,38.08294],[-84.83011,38.09255],[-84.8363,38.09859],[-84.84217,38.1],[-84.85567,38.0902],[-84.8619,38.09128],[-84.86514,38.09644],[-84.86448,38.10758],[-84.86491,38.11693],[-84.87235,38.11723],[-84.87173,38.11265],[-84.87843,38.10865],[-84.88132,38.10216],[-84.88466,38.10097],[-84.88744,38.09701],[-84.90207,38.0959],[-84.9078,38.09367],[-84.91339,38.09553],[-84.91912,38.09959],[-84.958,38.10979],[-84.96739,38.11927],[-84.99204,38.12621],[-85.00733,38.12961],[-85.02371,38.12905],[-85.02292,38.13378],[-85.01875,38.13631],[-85.02,38.14152],[-85.00384,38.16066],[-85.00982,38.16279],[-85.00323,38.16746],[-85.00598,38.17057],[-85.00748,38.17578],[-85.00103,38.22615],[-84.9989,38.27498],[-84.95696,38.33227],[-84.99767,38.33559],[-84.90626,38.37484],[-84.89236,38.3552],[-84.88621,38.35372],[-84.88116,38.35685],[-84.87266,38.35652],[-84.86868,38.35765],[-84.86706,38.36199],[-84.86835,38.36864],[-84.87586,38.37286],[-84.89437,38.37531],[-84.89865,38.37897],[-84.89759,38.38956],[-84.89479,38.39459],[-84.88848,38.402],[-84.88637,38.40821],[-84.88025,38.41618],[-84.88215,38.42014],[-84.89583,38.42485],[-84.91022,38.42772],[-84.91642,38.4308],[-84.92471,38.43118],[-84.92813,38.43628],[-84.92666,38.44023],[-84.92335,38.44279],[-84.90985,38.44938],[-84.90963,38.45486],[-84.91487,38.46182],[-84.92264,38.46454],[-84.92899,38.46199],[-84.93624,38.4551],[-84.93819,38.45041],[-84.93753,38.43182],[-84.93925,38.4278],[-84.94983,38.42618],[-84.95704,38.4299],[-84.96323,38.43706],[-84.95699,38.44526],[-84.95519,38.4522],[-84.95181,38.45699],[-84.95215,38.46501],[-84.95684,38.47365],[-84.96844,38.48078],[-84.97876,38.4848],[-84.98878,38.48709],[-84.99142,38.48935],[-84.99216,38.49529],[-84.98794,38.50252],[-84.97717,38.51299],[-84.97907,38.51633],[-84.98503,38.51841],[-84.9956,38.51805],[-85.00328,38.51607],[-85.00717,38.51392],[-85.01736,38.50475],[-85.02413,38.50435],[-85.02895,38.50738],[-85.02989,38.51077],[-85.02529,38.52345],[-85.01411,38.53739],[-85.01148,38.54866],[-85.00271,38.55212],[-85.00264,38.55401],[-85.00918,38.56112],[-85.03199,38.56984],[-85.03874,38.57345],[-85.04264,38.57386],[-85.05308,38.56886],[-85.05954,38.56475],[-85.06679,38.56706],[-85.07593,38.57802],[-85.07578,38.58542],[-85.07412,38.59401],[-85.07458,38.59684],[-85.16827,38.58545],[-85.19384,38.5668],[-85.24772,38.52611],[-85.27336,38.50006],[-85.27963,38.49627],[-85.28893,38.49813],[-85.29871,38.49708],[-85.30547,38.49752],[-85.30985,38.49937],[-85.31508,38.4921],[-85.34608,38.45954],[-85.33178,38.44311],[-85.32511,38.40408],[-85.29556,38.37391],[-85.28308,38.35805],[-85.32456,38.31009],[-85.3518,38.30306],[-85.3861,38.30804],[-85.39278,38.30788],[-85.39542,38.30539],[-85.40857,38.304],[-85.40978,38.30173],[-85.40846,38.29462],[-85.41421,38.29608],[-85.41676,38.30244],[-85.42327,38.30218],[-85.42753,38.30354],[-85.42668,38.29298],[-85.4321,38.29348],[-85.43747,38.29684],[-85.44508,38.29945],[-85.44873,38.29615],[-85.45432,38.29926],[-85.45498,38.29207],[-85.46284,38.29131],[-85.46073,38.28598],[-85.46821,38.28531],[-85.4049,38.26373],[-85.41472,38.20384],[-85.42306,38.20319],[-85.43685,38.20636],[-85.44475,38.20991],[-85.45251,38.20515],[-85.45429,38.20242],[-85.45251,38.195],[-85.4542,38.18971],[-85.45778,38.18975],[-85.46254,38.18726],[-85.46755,38.18672],[-85.47141,38.18814],[-85.47867,38.18735],[-85.48188,38.18851],[-85.48702,38.18561],[-85.48345,38.17924],[-85.48741,38.1767],[-85.49477,38.17668],[-85.49576,38.1726],[-85.5021,38.16891],[-85.49769,38.16035],[-85.49646,38.15545],[-85.50288,38.15245],[-85.50495,38.15703],[-85.5142,38.15491],[-85.51443,38.15201],[-85.51003,38.14617],[-85.51077,38.14296],[-85.51564,38.14243],[-85.51734,38.13942],[-85.51586,38.13353],[-85.5202,38.1342],[-85.52421,38.13236],[-85.5288,38.13518],[-85.53835,38.13663],[-85.53926,38.13944],[-85.54895,38.15028],[-85.5584,38.15331],[-85.56555,38.16131],[-85.55588,38.16599],[-85.55405,38.16909],[-85.5502,38.16765],[-85.54961,38.18029],[-85.55204,38.1883],[-85.5617,38.19062],[-85.56532,38.18843],[-85.56895,38.1902]]]},"properties":{"STATEFP":"21","SLDUST":"007","AFFGEOID":"610U800US21007","GEOID":"21007","NAME":"7","NAMELSAD":"State Senate District 7","STUSPS":"KY","STATE_NAME":"Kentucky","LSAD":"LU","LSY":"2022","ALAND":2365333250,"AWATER":34521425}},
{"type":"Feature","geometry":{"type":"Polygon","coordinates":[[[-82.60462,38.2473],[-82.59497,38.24545],[-82.58606,38.24562],[-82.5818,38.24859],[-82.57825,38.25481],[-82.57466,38.26387],[-82.5746,38.27472],[-82.57878,38.28175],[-82.57974,38.29173],[-82.58282,38.29548],[-82.58146,38.30045],[-82.57616,38.30864],[-82.57192,38.31335],[-82.57176,38.3172],[-82.57539,38.32298],[-82.5765,38.32812],[-82.58459,38.33373],[-82.58954,38.34054],[-82.59652,38.34285],[-82.59798,38.34491],[-82.59819,38.35789],[-82.59752,38.36484],[-82.59395,38.37185],[-82.59346,38.38028],[-82.59927,38.38874],[-82.59924,38.39317],[-82.59474,38.39784],[-82.59703,38.40994],[-82.59628,38.41768],[-82.59348,38.42182],[-82.59692,38.42671],[-82.60076,38.43742],[-82.60409,38.45984],[-82.6082,38.46805],[-82.6138,38.47453],[-82.62411,38.4797],[-82.63771,38.48445],[-82.6484,38.49037],[-82.65705,38.49682],[-82.66555,38.50581],[-82.67572,38.5155],[-82.68996,38.53592],[-82.70004,38.54434],[-82.71414,38.55054],[-82.72485,38.5576],[-82.73096,38.55926],[-82.73958,38.55899],[-82.76369,38.5604],[-82.77947,38.55902],[-82.78978,38.55995],[-82.80011,38.56318],[-82.82016,38.5727],[-82.83954,38.58616],[-82.84719,38.59517],[-82.85131,38.60433],[-82.85579,38.62081],[-82.85679,38.63288],[-82.85629,38.64608],[-82.85939,38.66038],[-82.86329,38.66928],[-82.86959,38.67818],[-82.87489,38.68283],[-82.87759,38.69018],[-82.87529,38.70498],[-82.87119,38.71838],[-82.86989,38.72818],[-82.87129,38.73938],[-82.87549,38.74728],[-82.87949,38.75148],[-82.88919,38.75608],[-82.89419,38.75658],[-82.92369,38.75008],[-82.94315,38.74328],[-82.95889,38.73498],[-82.96869,38.72878],[-82.97939,38.72598],[-82.9861,38.72628],[-82.9993,38.72938],[-83.01182,38.73006],[-83.02175,38.72879],[-83.02792,38.72714],[-83.03301,38.72381],[-83.03844,38.71638],[-83.04234,38.70832],[-83.0531,38.69583],[-83.06432,38.68898],[-83.08423,38.68109],[-83.10275,38.67732],[-83.11237,38.67168],[-83.11786,38.66607],[-83.12255,38.6592],[-83.12631,38.64524],[-83.13505,38.63172],[-83.14284,38.62508],[-83.15378,38.61883],[-83.17596,38.61918],[-83.20373,38.61673],[-83.21311,38.61889],[-83.22619,38.62531],[-83.2324,38.62757],[-83.24566,38.62856],[-83.25456,38.6234],[-83.26113,38.62272],[-83.26639,38.61962],[-83.26851,38.6151],[-83.28651,38.59924],[-83.29419,38.59659],[-83.30195,38.59818],[-83.31145,38.60331],[-83.31754,38.60924],[-83.3201,38.61604],[-83.32053,38.62271],[-83.32238,38.63062],[-83.32764,38.63749],[-83.34,38.64567],[-83.35644,38.65401],[-83.36666,38.65854],[-83.3763,38.66147],[-83.38475,38.66317],[-83.41204,38.6665],[-83.42019,38.66843],[-83.4404,38.66936],[-83.44699,38.67014],[-83.45705,38.67397],[-83.46806,38.67547],[-83.48648,38.6901],[-83.49334,38.69419],[-83.50437,38.69926],[-83.51257,38.70172],[-83.52095,38.70305],[-83.53334,38.70211],[-83.5493,38.69879],[-83.5691,38.69284],[-83.59191,38.68878],[-83.60157,38.68394],[-83.60909,38.68501],[-83.61414,38.68397],[-83.62692,38.67939],[-83.63421,38.67137],[-83.63696,38.66602],[-83.64048,38.64828],[-83.64512,38.63646],[-83.64041,38.63492],[-83.6246,38.61142],[-83.64185,38.52538],[-83.63681,38.51784],[-83.63281,38.52178],[-83.62855,38.52199],[-83.62635,38.51715],[-83.62634,38.51094],[-83.63249,38.50792],[-83.62475,38.50364],[-83.6161,38.50428],[-83.60895,38.50218],[-83.60676,38.50543],[-83.60304,38.50518],[-83.60504,38.49996],[-83.59919,38.50199],[-83.59813,38.49982],[-83.60147,38.49616],[-83.5972,38.49131],[-83.59333,38.48903],[-83.58888,38.4816],[-83.58856,38.47736],[-83.58408,38.47138],[-83.58187,38.46418],[-83.57679,38.45719],[-83.57871,38.45543],[-83.57776,38.44767],[-83.57486,38.44434],[-83.58149,38.43853],[-83.58269,38.43245],[-83.57908,38.43017],[-83.56466,38.42669],[-83.55227,38.41993],[-83.5418,38.41861],[-83.53594,38.41625],[-83.5295,38.41858],[-83.52718,38.41762],[-83.52868,38.41292],[-83.523,38.40876],[-83.51489,38.41468],[-83.50724,38.41178],[-83.49743,38.40159],[-83.48579,38.40507],[-83.47721,38.4015],[-83.47136,38.39686],[-83.46659,38.39891],[-83.4645,38.39657],[-83.46576,38.39307],[-83.45842,38.38832],[-83.45934,38.38396],[-83.44674,38.3806],[-83.44067,38.38804],[-83.43277,38.38942],[-83.42851,38.38821],[-83.41693,38.39616],[-83.41197,38.39628],[-83.40331,38.38998],[-83.40037,38.38176],[-83.40116,38.37952],[-83.39237,38.3694],[-83.39235,38.36656],[-83.38268,38.36472],[-83.37822,38.36253],[-83.37714,38.35553],[-83.37258,38.34925],[-83.368,38.34817],[-83.36301,38.33976],[-83.36431,38.32937],[-83.35772,38.32755],[-83.35896,38.32435],[-83.35634,38.32187],[-83.35186,38.3223],[-83.34135,38.31952],[-83.33543,38.30868],[-83.33581,38.30464],[-83.33234,38.30209],[-83.33474,38.29977],[-83.33002,38.29601],[-83.32628,38.29018],[-83.33491,38.28695],[-83.33179,38.2822],[-83.32675,38.27788],[-83.32353,38.27764],[-83.32088,38.26995],[-83.3166,38.26782],[-83.31892,38.26497],[-83.31885,38.26052],[-83.31196,38.25269],[-83.30789,38.25225],[-83.31272,38.24402],[-83.30646,38.23374],[-83.30832,38.23295],[-83.30666,38.22524],[-83.29731,38.21807],[-83.29978,38.20913],[-83.2926,38.21059],[-83.28862,38.21549],[-83.28537,38.21299],[-83.28649,38.20605],[-83.27968,38.20283],[-83.27393,38.20205],[-83.2732,38.19523],[-83.26669,38.19385],[-83.26308,38.19068],[-83.25419,38.19426],[-83.24588,38.1914],[-83.24431,38.19238],[-83.23327,38.19309],[-83.23257,38.19876],[-83.22091,38.20985],[-83.22263,38.21154],[-83.22321,38.22151],[-83.22008,38.22749],[-83.2168,38.22978],[-83.21902,38.23234],[-83.21576,38.23724],[-83.20996,38.24222],[-83.2026,38.2457],[-83.2029,38.25025],[-83.19769,38.24885],[-83.19091,38.2501],[-83.18585,38.25256],[-83.18562,38.25823],[-83.17756,38.26109],[-83.17571,38.26685],[-83.16638,38.26615],[-83.15896,38.26446],[-83.15471,38.2608],[-83.15504,38.25879],[-83.13501,38.24204],[-83.11847,38.23327],[-83.11605,38.2362],[-83.10623,38.23355],[-83.10168,38.22609],[-83.09208,38.22798],[-83.08368,38.22272],[-83.08457,38.22001],[-83.07711,38.21084],[-83.07584,38.20656],[-83.07157,38.20443],[-83.06256,38.19767],[-83.06016,38.19163],[-83.05478,38.19156],[-83.05308,38.18955],[-83.05577,38.18474],[-83.0518,38.18244],[-83.04666,38.18695],[-83.04857,38.1904],[-83.04754,38.19347],[-83.04352,38.19522],[-83.03982,38.19969],[-83.03628,38.19962],[-83.02879,38.19567],[-83.02383,38.19695],[-83.01147,38.20575],[-83.01194,38.19918],[-83.00709,38.19225],[-83.0008,38.19255],[-82.98895,38.18896],[-82.99043,38.18431],[-82.98966,38.17973],[-82.97573,38.172],[-82.97174,38.1736],[-82.95698,38.17456],[-82.95002,38.1721],[-82.94501,38.16833],[-82.94269,38.16979],[-82.92481,38.17511],[-82.92154,38.17542],[-82.91878,38.17899],[-82.91185,38.17909],[-82.90065,38.18287],[-82.89752,38.1828],[-82.8938,38.18816],[-82.88694,38.19134],[-82.88325,38.19603],[-82.87264,38.19234],[-82.86779,38.19402],[-82.85694,38.19057],[-82.85038,38.19187],[-82.84198,38.19895],[-82.84026,38.20164],[-82.83443,38.20503],[-82.82364,38.208],[-82.81411,38.21729],[-82.81239,38.22012],[-82.81487,38.22297],[-82.82407,38.22829],[-82.82111,38.23273],[-82.81691,38.23498],[-82.81411,38.23392],[-82.81072,38.23837],[-82.79464,38.24061],[-82.79326,38.24459],[-82.78658,38.24476],[-82.7858,38.23954],[-82.78205,38.23808],[-82.778,38.24103],[-82.77193,38.23712],[-82.76259,38.23469],[-82.75312,38.23661],[-82.74661,38.23888],[-82.73743,38.23723],[-82.73532,38.24243],[-82.7238,38.24378],[-82.72119,38.2499],[-82.71511,38.25047],[-82.71036,38.25416],[-82.70596,38.25282],[-82.69947,38.26191],[-82.63475,38.26695],[-82.62737,38.26894],[-82.61967,38.26567],[-82.6143,38.26608],[-82.6072,38.26148],[-82.60436,38.25508],[-82.60462,38.2473]]]},"properties":{"STATEFP":"21","SLDUST":"018","AFFGEOID":"610U800US21018","GEOID":"21018","NAME":"18","NAMELSAD":"State Senate District 18","STUSPS":"KY","STATE_NAME":"Kentucky","LSAD":"LU","LSY":"2022","ALAND":3617365840,"AWATER":70094022}},
{"type":"Feature","geometry":{"type":"Polygon","coordinates":[[[-84.35802,36.9594],[-84.3634,36.96255],[-84.36817,36.9626],[-84.38242,36.9532],[-84.38657,36.9515],[-84.39742,36.94937],[-84.41682,36.94692],[-84.53164,36.89007],[-84.57816,36.86713],[-84.58058,36.86291],[-84.59167,36.86251],[-84.58962,36.85557],[-84.58584,36.85045],[-84.57403,36.84764],[-84.57383,36.84429],[-84.58155,36.8406],[-84.59155,36.84002],[-84.59542,36.83727],[-84.58717,36.83112],[-84.58216,36.826],[-84.57773,36.82495],[-84.57775,36.81872],[-84.57934,36.8144],[-84.58516,36.81044],[-84.58686,36.80666],[-84.58168,36.80404],[-84.58773,36.8014],[-84.58813,36.80603],[-84.59229,36.80823],[-84.59575,36.80561],[-84.59921,36.80863],[-84.60307,36.80638],[-84.5962,36.79985],[-84.60003,36.79861],[-84.60794,36.80017],[-84.60843,36.79429],[-84.61676,36.79568],[-84.62256,36.79393],[-84.62736,36.7878],[-84.62298,36.78427],[-84.62475,36.77939],[-84.63237,36.78011],[-84.63295,36.77445],[-84.64043,36.77022],[-84.64201,36.76683],[-84.6504,36.76816],[-84.65435,36.76738],[-84.6597,36.76197],[-84.66545,36.76198],[-84.66625,36.75649],[-84.67231,36.75845],[-84.67427,36.75133],[-84.67929,36.74817],[-84.679,36.74481],[-84.67424,36.73916],[-84.77846,36.60321],[-84.62494,36.59958],[-84.54314,36.59628],[-84.49994,36.59668],[-84.44284,36.59608],[-84.27118,36.59188],[-84.22733,36.59218],[-84.1275,36.59141],[-83.98784,36.5896],[-83.93076,36.58769],[-83.92833,36.5937],[-83.92843,36.59764],[-83.92471,36.60267],[-83.93166,36.61452],[-83.93242,36.61889],[-83.93866,36.624],[-83.94068,36.62807],[-83.94919,36.6321],[-83.95068,36.6357],[-83.95385,36.63658],[-83.95422,36.64073],[-83.95727,36.6422],[-83.95623,36.64549],[-83.95254,36.64868],[-83.94481,36.65235],[-83.93888,36.6536],[-83.93471,36.65654],[-83.92534,36.66071],[-83.91686,36.66138],[-83.9041,36.66866],[-83.87861,36.68034],[-83.8775,36.68726],[-83.87966,36.68981],[-83.87704,36.69515],[-83.87165,36.69936],[-83.87395,36.70358],[-83.8719,36.70957],[-83.86564,36.71471],[-83.85994,36.71106],[-83.85565,36.70552],[-83.84616,36.70812],[-83.83942,36.71404],[-83.83733,36.71886],[-83.83326,36.71956],[-83.83017,36.7233],[-83.83337,36.72594],[-83.82988,36.73205],[-83.83235,36.73466],[-83.8289,36.74326],[-83.81946,36.74352],[-83.80917,36.7481],[-83.80889,36.75362],[-83.81112,36.75683],[-83.80861,36.76171],[-83.79996,36.76558],[-83.79931,36.7696],[-83.7963,36.77259],[-83.79825,36.7852],[-83.79431,36.79132],[-83.79211,36.79208],[-83.78985,36.79716],[-83.78616,36.80068],[-83.78121,36.80269],[-83.77526,36.79822],[-83.76753,36.80304],[-83.76414,36.80207],[-83.75404,36.80535],[-83.75254,36.79988],[-83.74559,36.79989],[-83.74376,36.79645],[-83.73873,36.80144],[-83.73815,36.80852],[-83.73248,36.8126],[-83.7274,36.81441],[-83.72125,36.82068],[-83.71474,36.82055],[-83.71017,36.82468],[-83.70759,36.83014],[-83.70955,36.83402],[-83.70585,36.83613],[-83.69887,36.83458],[-83.68794,36.83546],[-83.69177,36.83892],[-83.68912,36.8432],[-83.68898,36.84761],[-83.68544,36.84907],[-83.68288,36.85458],[-83.66711,36.85682],[-83.66327,36.86425],[-83.65234,36.86271],[-83.64241,36.86625],[-83.64381,36.87107],[-83.64058,36.87491],[-83.64289,36.878],[-83.63481,36.88667],[-83.63076,36.88815],[-83.62586,36.88467],[-83.6202,36.88419],[-83.61752,36.88878],[-83.6098,36.8963],[-83.60417,36.89708],[-83.59972,36.90099],[-83.597,36.89911],[-83.58912,36.90508],[-83.58109,36.90467],[-83.58034,36.90861],[-83.57452,36.91283],[-83.5739,36.91555],[-83.57578,36.92245],[-83.57205,36.92688],[-83.56761,36.92846],[-83.56674,36.93242],[-83.57009,36.93487],[-83.56982,36.93953],[-83.57342,36.94047],[-83.57864,36.93783],[-83.58382,36.94125],[-83.5875,36.94942],[-83.59074,36.95172],[-83.58952,36.95579],[-83.53085,36.94304],[-83.52069,36.93755],[-83.51338,36.9374],[-83.50908,36.93851],[-83.52304,36.99849],[-83.51086,37.00357],[-83.51709,37.01303],[-83.51633,37.01631],[-83.52147,37.02127],[-83.52648,37.02147],[-83.53079,37.02891],[-83.53306,37.03624],[-83.53947,37.03525],[-83.54045,37.04256],[-83.54756,37.04358],[-83.54561,37.04859],[-83.54243,37.04752],[-83.53905,37.05058],[-83.54155,37.05526],[-83.53881,37.05813],[-83.54155,37.06172],[-83.53902,37.06525],[-83.53918,37.07011],[-83.54382,37.0765],[-83.54522,37.08034],[-83.5531,37.07928],[-83.53528,37.1031],[-83.55124,37.11906],[-83.5513,37.16751],[-83.50511,37.20421],[-83.52892,37.23126],[-83.50789,37.23588],[-83.51092,37.24108],[-83.50971,37.24737],[-83.51277,37.25177],[-83.51126,37.25507],[-83.51593,37.25677],[-83.52103,37.25528],[-83.52691,37.25853],[-83.52923,37.26159],[-83.52145,37.26455],[-83.52421,37.26823],[-83.52309,37.27163],[-83.5377,37.28124],[-83.53661,37.28485],[-83.5395,37.28625],[-83.54643,37.28384],[-83.55178,37.28722],[-83.55125,37.29252],[-83.5477,37.29629],[-83.54989,37.29853],[-83.54773,37.30251],[-83.55269,37.31051],[-83.54551,37.31652],[-83.54873,37.31969],[-83.5471,37.32393],[-83.5518,37.32715],[-83.55154,37.33303],[-83.54321,37.33683],[-83.54186,37.34593],[-83.53811,37.3484],[-83.53627,37.3533],[-83.54012,37.35605],[-83.54239,37.36098],[-83.54525,37.36189],[-83.54366,37.36844],[-83.54884,37.37187],[-83.54702,37.37935],[-83.54175,37.38328],[-83.54408,37.38471],[-83.5492,37.39414],[-83.54413,37.39938],[-83.54166,37.39873],[-83.54042,37.40528],[-83.53865,37.40717],[-83.54035,37.41127],[-83.536,37.41269],[-83.53428,37.41741],[-83.53578,37.41974],[-83.54077,37.41776],[-83.54471,37.42231],[-83.5433,37.4256],[-83.55249,37.43304],[-83.55106,37.43637],[-83.55457,37.43839],[-83.54973,37.44562],[-83.54986,37.44942],[-83.5534,37.45835],[-83.55419,37.46705],[-83.56003,37.47053],[-83.56453,37.47076],[-83.56929,37.47705],[-83.57006,37.48741],[-83.57609,37.49269],[-83.57982,37.49309],[-83.58017,37.49643],[-83.57651,37.50067],[-83.58116,37.50359],[-83.58957,37.5061],[-83.59808,37.51211],[-83.60322,37.51264],[-83.60789,37.51479],[-83.61023,37.5106],[-83.61387,37.50891],[-83.61851,37.51106],[-83.62238,37.51078],[-83.62073,37.51774],[-83.61841,37.51939],[-83.627,37.52265],[-83.63078,37.53134],[-83.63041,37.53746],[-83.64025,37.5394],[-83.6421,37.54124],[-83.65129,37.53955],[-83.65715,37.53678],[-83.66461,37.52848],[-83.6665,37.5242],[-83.68044,37.51198],[-83.70172,37.50771],[-83.73246,37.52109],[-83.73834,37.51778],[-83.74503,37.50791],[-83.74298,37.49425],[-83.82934,37.48682],[-83.8348,37.49173],[-83.84162,37.49205],[-83.8455,37.49531],[-83.85179,37.49563],[-83.85706,37.50092],[-83.86367,37.50165],[-83.8662,37.50392],[-83.86746,37.51191],[-83.8754,37.51624],[-83.88168,37.51585],[-83.88526,37.51769],[-83.8931,37.52658],[-83.89351,37.53112],[-83.90026,37.5358],[-83.90557,37.54286],[-83.92519,37.56111],[-83.93985,37.57317],[-83.96524,37.58142],[-83.99351,37.57342],[-84.04502,37.56357],[-84.09036,37.56623],[-84.14206,37.56484],[-84.17184,37.55755],[-84.19949,37.52286],[-84.19821,37.51531],[-84.20415,37.51156],[-84.20478,37.50759],[-84.20361,37.4988],[-84.20016,37.49571],[-84.20406,37.49044],[-84.20355,37.48618],[-84.20011,37.48352],[-84.1962,37.4777],[-84.19302,37.46638],[-84.19077,37.46495],[-84.18926,37.45684],[-84.18468,37.4558],[-84.18245,37.45285],[-84.18437,37.44809],[-84.18304,37.44543],[-84.17692,37.4412],[-84.17302,37.43264],[-84.16894,37.42985],[-84.16955,37.42623],[-84.15928,37.41737],[-84.16317,37.411],[-84.16387,37.40472],[-84.16937,37.39664],[-84.16948,37.38541],[-84.15758,37.37736],[-84.15624,37.37457],[-84.14559,37.36858],[-84.13878,37.3684],[-84.13563,37.36437],[-84.13095,37.36131],[-84.12913,37.35784],[-84.14302,37.35234],[-84.14068,37.34967],[-84.13365,37.34993],[-84.13377,37.34414],[-84.14079,37.34431],[-84.14192,37.3403],[-84.13604,37.33531],[-84.13682,37.32938],[-84.14437,37.33075],[-84.14593,37.32748],[-84.14177,37.32479],[-84.1379,37.31976],[-84.13417,37.32654],[-84.12804,37.32978],[-84.12851,37.33382],[-84.12494,37.33563],[-84.11905,37.33575],[-84.11411,37.32946],[-84.10807,37.32655],[-84.10926,37.32334],[-84.10629,37.31893],[-84.1071,37.31587],[-84.09769,37.31618],[-84.09525,37.31227],[-84.10132,37.3118],[-84.10725,37.30807],[-84.09943,37.30312],[-84.10133,37.30002],[-84.09555,37.29956],[-84.09334,37.29631],[-84.08853,37.29474],[-84.087,37.29091],[-84.08336,37.2925],[-84.0763,37.28777],[-84.0753,37.28444],[-84.06856,37.28516],[-84.06386,37.28328],[-84.05999,37.28572],[-84.04845,37.2818],[-84.05609,37.27604],[-84.05571,37.27091],[-84.04613,37.26664],[-84.04473,37.26774],[-84.00561,37.25334],[-83.94372,37.25055],[-83.94064,37.205],[-83.94233,37.20079],[-83.94747,37.20034],[-83.95045,37.19553],[-83.95012,37.18889],[-83.95404,37.18801],[-83.95614,37.18159],[-83.96899,37.17479],[-83.96891,37.16743],[-83.96447,37.16586],[-83.9484,37.15194],[-83.93809,37.13835],[-83.93567,37.13212],[-83.93292,37.12855],[-83.93551,37.12327],[-83.93289,37.11914],[-83.9254,37.11177],[-83.91941,37.10979],[-83.91516,37.11269],[-83.9096,37.11283],[-83.90388,37.11047],[-83.89185,37.11698],[-83.88567,37.11877],[-83.88095,37.114],[-83.8829,37.10902],[-83.87491,37.10728],[-83.87301,37.108],[-83.86674,37.10404],[-83.86745,37.09708],[-83.86253,37.09136],[-83.86576,37.08699],[-83.87296,37.08046],[-83.87492,37.08263],[-83.88044,37.07759],[-83.88584,37.0774],[-83.88772,37.07512],[-83.88439,37.06721],[-83.88449,37.06175],[-83.87778,37.0631],[-83.8716,37.0583],[-83.87572,37.04871],[-83.88483,37.04283],[-83.89082,37.04386],[-83.89367,37.04077],[-83.89912,37.03815],[-83.90554,37.03244],[-83.91626,37.03651],[-83.92234,37.03641],[-83.92443,37.02534],[-83.93044,37.00938],[-83.93389,37.00743],[-83.93472,37.00104],[-83.93168,36.99641],[-83.93578,36.99577],[-83.94246,36.98986],[-83.95169,36.98754],[-83.95914,36.97727],[-83.96734,36.97865],[-83.97256,36.97759],[-83.97823,36.97881],[-83.97812,36.98241],[-83.98172,36.98316],[-83.98819,36.98008],[-84.00175,36.98149],[-84.00576,36.9856],[-84.00936,36.98714],[-84.01571,36.98344],[-84.01985,36.98497],[-84.02347,36.98911],[-84.02712,36.98614],[-84.03231,36.98863],[-84.03825,36.98388],[-84.04175,36.97676],[-84.05423,36.97629],[-84.05746,36.97318],[-84.06176,36.97627],[-84.06766,36.97488],[-84.07659,36.96981],[-84.07864,36.9647],[-84.08643,36.96194],[-84.09452,36.9551],[-84.10185,36.95431],[-84.10162,36.96022],[-84.10648,36.95996],[-84.1123,36.96236],[-84.12094,36.96874],[-84.12555,36.97021],[-84.13385,36.96893],[-84.1363,36.96014],[-84.14044,36.95717],[-84.14531,36.95632],[-84.14555,36.96231],[-84.14239,36.96491],[-84.14414,36.96727],[-84.15064,36.96749],[-84.15188,36.95543],[-84.15833,36.95387],[-84.16306,36.95087],[-84.16085,36.94774],[-84.16558,36.94407],[-84.1713,36.9426],[-84.17423,36.9403],[-84.18313,36.93937],[-84.1855,36.94511],[-84.1902,36.94771],[-84.19661,36.9472],[-84.19999,36.94545],[-84.20361,36.95145],[-84.20977,36.94709],[-84.21715,36.95324],[-84.2177,36.95748],[-84.22249,36.96027],[-84.22467,36.95692],[-84.22445,36.94854],[-84.22543,36.94592],[-84.23213,36.9435],[-84.23809,36.94723],[-84.23713,36.95052],[-84.24589,36.9557],[-84.25182,36.95375],[-84.25516,36.95988],[-84.26039,36.96292],[-84.25688,36.96621],[-84.25556,36.97112],[-84.26438,36.96684],[-84.26356,36.96233],[-84.26734,36.96067],[-84.27615,36.96177],[-84.27759,36.95638],[-84.2855,36.9561],[-84.29071,36.94968],[-84.29742,36.94593],[-84.30194,36.9466],[-84.30811,36.94301],[-84.31366,36.94218],[-84.32451,36.94619],[-84.33663,36.94186],[-84.34587,36.9395],[-84.35907,36.93987],[-84.36406,36.94184],[-84.36821,36.94559],[-84.36759,36.95005],[-84.35988,36.95429],[-84.35802,36.9594]]]},"properties":{"STATEFP":"21","SLDUST":"025","AFFGEOID":"610U800US21025","GEOID":"21025","NAME":"25","NAMELSAD":"State Senate District 25","STUSPS":"KY","STATE_NAME":"Kentucky","LSAD":"LU","LSY":"2022","ALAND":5860835820,"AWATER":43687362}},
{"type":"Feature","geometry":{"type":"Polygon","coordinates":[[[-88.3585,37.40482],[-88.36547,37.40166],[-88.37121,37.40273],[-88.37751,37.40983],[-88.38767,37.41648],[-88.39734,37.42164],[-88.40881,37.42522],[-88.41311,37.42447],[-88.42598,37.41944],[-88.43933,37.41642],[-88.456,37.40848],[-88.47022,37.39625],[-88.47659,37.38688],[-88.47852,37.37505],[-88.48211,37.36462],[-88.48261,37.35492],[-88.48446,37.34561],[-88.48695,37.3396],[-88.50057,37.31782],[-88.50509,37.30786],[-88.5115,37.29853],[-88.51466,37.29095],[-88.51594,37.28404],[-88.50959,37.2734],[-88.50694,37.26666],[-88.50933,37.26213],[-88.50078,37.25358],[-88.49238,37.24844],[-88.48498,37.24077],[-88.47973,37.22961],[-88.47175,37.22016],[-88.46698,37.21703],[-88.45876,37.21354],[-88.45065,37.20705],[-88.44776,37.20353],[-88.43953,37.18174],[-88.43778,37.18001],[-88.43149,37.1603],[-88.4281,37.15776],[-88.4244,37.15243],[-88.42478,37.1499],[-88.4347,37.12642],[-88.44354,37.10919],[-88.44091,37.10764],[-88.44466,37.10051],[-88.44477,37.09526],[-88.44938,37.08761],[-88.46059,37.0743],[-88.48218,37.06737],[-88.49014,37.06831],[-88.50429,37.06558],[-88.52144,37.06558],[-88.53158,37.06719],[-88.54587,37.07057],[-88.56462,37.07719],[-88.56684,37.0755],[-88.57325,37.08],[-88.57424,37.08416],[-88.58379,37.092],[-88.58945,37.099],[-88.60114,37.10708],[-88.61144,37.11274],[-88.62589,37.11946],[-88.6306,37.121],[-88.63798,37.12131],[-88.64487,37.12284],[-88.68777,37.13938],[-88.70255,37.14265],[-88.72022,37.14064],[-88.7321,37.14396],[-88.73794,37.14651],[-88.74606,37.15156],[-88.75307,37.1547],[-88.76536,37.16266],[-88.77595,37.16878],[-88.78695,37.17858],[-88.79737,37.18485],[-88.80572,37.1886],[-88.82093,37.1922],[-88.83505,37.19649],[-88.86953,37.20971],[-88.91618,37.22399],[-88.92299,37.22491],[-88.93406,37.22772],[-88.9344,37.22479],[-88.95315,37.22481],[-88.96602,37.22634],[-88.97471,37.22971],[-88.98326,37.22869],[-89.00097,37.2244],[-89.00593,37.22188],[-89.014,37.21609],[-89.02998,37.21114],[-89.03757,37.20393],[-89.04126,37.20288],[-89.05804,37.18877],[-89.07622,37.17513],[-89.08653,37.1656],[-89.09293,37.15644],[-89.09667,37.1462],[-89.10359,37.13212],[-89.11069,37.12205],[-89.12507,37.10881],[-89.14285,37.09902],[-89.14746,37.09891],[-89.15244,37.09004],[-89.15565,37.08773],[-89.16809,37.07422],[-89.17572,37.06207],[-89.18137,37.0463],[-89.18251,37.03728],[-89.18085,37.02684],[-89.17897,37.02093],[-89.17359,37.01141],[-89.16645,37.00334],[-89.16067,37.00005],[-89.13844,36.98509],[-89.13268,36.9822],[-89.12507,36.9835],[-89.1183,36.98188],[-89.1095,36.97656],[-89.10288,36.9697],[-89.09959,36.96454],[-89.09884,36.95785],[-89.10077,36.94397],[-89.10214,36.93915],[-89.10938,36.92007],[-89.11757,36.88736],[-89.1267,36.87207],[-89.13194,36.85744],[-89.13797,36.84735],[-89.15351,36.8466],[-89.15947,36.84251],[-89.16684,36.84253],[-89.17342,36.83981],[-89.17815,36.83459],[-89.17889,36.83137],[-89.17857,36.81655],[-89.17923,36.81291],[-89.17742,36.80727],[-89.17107,36.79812],[-89.16088,36.79091],[-89.15589,36.78913],[-89.12892,36.78768],[-89.12348,36.78526],[-89.11688,36.79061],[-89.10752,36.79422],[-89.10416,36.79729],[-89.06181,36.78702],[-89.06726,36.77276],[-89.00205,36.77156],[-88.977,36.77183],[-88.81323,36.77311],[-88.81315,36.85568],[-88.8129,36.94686],[-88.72549,36.94657],[-88.70938,36.94636],[-88.70943,36.94459],[-88.6998,36.94277],[-88.60816,36.94259],[-88.58121,36.94349],[-88.54509,36.94254],[-88.4841,36.9421],[-88.48443,36.91194],[-88.48446,36.85372],[-88.48566,36.77469],[-88.4857,36.75033],[-88.44971,36.7507],[-88.43133,36.74977],[-88.41357,36.75067],[-88.39518,36.75024],[-88.29944,36.75003],[-88.2366,36.74975],[-88.22337,36.75005],[-88.14929,36.74864],[-88.13611,36.74866],[-88.1132,36.74629],[-88.11083,36.74715],[-88.11464,36.7558],[-88.11424,36.7625],[-88.11756,36.76683],[-88.12492,36.78272],[-88.12733,36.79841],[-88.12946,36.80626],[-88.14169,36.83449],[-88.14807,36.84638],[-88.15035,36.85343],[-88.15564,36.86439],[-88.16589,36.87942],[-88.17404,36.89307],[-88.18028,36.90083],[-88.18369,36.91387],[-88.18345,36.91728],[-88.18646,36.92977],[-88.18939,36.93555],[-88.19584,36.94289],[-88.20276,36.94902],[-88.21564,36.95714],[-88.22507,36.96416],[-88.23326,36.97254],[-88.24037,36.98191],[-88.22274,36.99163],[-88.20922,36.99998],[-88.2115,37.00408],[-88.22094,37.01678],[-88.22677,37.0276],[-88.22688,37.03805],[-88.22519,37.0454],[-88.22251,37.04964],[-88.21629,37.05623],[-88.22219,37.07089],[-88.23114,37.08158],[-88.23234,37.08614],[-88.22907,37.09067],[-88.21754,37.09485],[-88.21543,37.10182],[-88.21707,37.11091],[-88.21601,37.11799],[-88.21365,37.12554],[-88.21091,37.13043],[-88.18985,37.15069],[-88.18729,37.15454],[-88.18987,37.16637],[-88.19577,37.17322],[-88.20336,37.17703],[-88.20865,37.17819],[-88.22034,37.18301],[-88.21659,37.18793],[-88.21747,37.1904],[-88.21029,37.19714],[-88.21094,37.20002],[-88.2048,37.20359],[-88.2035,37.21015],[-88.2002,37.20979],[-88.19625,37.21948],[-88.20042,37.22721],[-88.20531,37.2268],[-88.20095,37.23528],[-88.21898,37.27315],[-88.26736,37.31732],[-88.29363,37.33538],[-88.29639,37.34102],[-88.29576,37.34681],[-88.29396,37.34947],[-88.30052,37.35301],[-88.30485,37.36248],[-88.30155,37.36671],[-88.30417,37.37015],[-88.29945,37.37794],[-88.3103,37.38204],[-88.30794,37.38678],[-88.31333,37.38809],[-88.31285,37.39194],[-88.31793,37.3967],[-88.32354,37.3938],[-88.3246,37.39772],[-88.3281,37.39974],[-88.33208,37.39461],[-88.34736,37.39707],[-88.35447,37.39703],[-88.3585,37.40482]]]},"properties":{"STATEFP":"21","SLDUST":"002","AFFGEOID":"610U800US21002","GEOID":"21002","NAME":"2","NAMELSAD":"State Senate District 2","STUSPS":"KY","STATE_NAME":"Kentucky","LSAD":"LU","LSY":"2022","ALAND":3368095369,"AWATER":318040367}},
{"type":"Feature","geometry":{"type":"Polygon","coordinates":[[[-84.08034,37.85307],[-84.08205,37.84536],[-84.08515,37.84042],[-84.09016,37.83592],[-84.09268,37.83578],[-84.10164,37.84031],[-84.10418,37.83877],[-84.10699,37.82938],[-84.11289,37.82189],[-84.12023,37.81738],[-84.12182,37.80775],[-84.11699,37.80445],[-84.11348,37.80538],[-84.09916,37.81561],[-84.09289,37.8144],[-84.08635,37.81019],[-84.07684,37.80891],[-84.07406,37.8048],[-84.07391,37.80112],[-84.07796,37.79748],[-84.09747,37.78498],[-84.1074,37.7841],[-84.10926,37.77911],[-84.10717,37.77584],[-84.09631,37.77193],[-84.0881,37.77114],[-84.08191,37.76726],[-84.0881,37.76133],[-84.08949,37.75625],[-84.08687,37.75272],[-84.08108,37.74908],[-84.08201,37.74245],[-84.08619,37.73868],[-84.09669,37.73509],[-84.09554,37.73118],[-84.09228,37.72784],[-84.09166,37.72445],[-84.09699,37.7219],[-84.09902,37.7179],[-84.09282,37.71396],[-84.09592,37.71098],[-84.0936,37.70675],[-84.09177,37.695],[-84.09284,37.68652],[-84.09733,37.68328],[-84.10063,37.67824],[-84.09707,37.67553],[-84.09665,37.67082],[-84.08931,37.66689],[-84.09609,37.66167],[-84.11245,37.65616],[-84.11316,37.65066],[-84.11904,37.64717],[-84.12662,37.6454],[-84.12695,37.64242],[-84.11252,37.60565],[-84.09036,37.56623],[-84.04502,37.56357],[-83.99351,37.57342],[-83.96524,37.58142],[-83.93985,37.57317],[-83.92519,37.56111],[-83.90557,37.54286],[-83.90026,37.5358],[-83.89351,37.53112],[-83.8931,37.52658],[-83.88526,37.51769],[-83.88168,37.51585],[-83.8754,37.51624],[-83.86746,37.51191],[-83.8662,37.50392],[-83.86367,37.50165],[-83.85706,37.50092],[-83.85179,37.49563],[-83.8455,37.49531],[-83.84162,37.49205],[-83.8348,37.49173],[-83.82934,37.48682],[-83.74298,37.49425],[-83.74503,37.50791],[-83.73834,37.51778],[-83.73246,37.52109],[-83.70172,37.50771],[-83.68044,37.51198],[-83.6665,37.5242],[-83.66461,37.52848],[-83.65715,37.53678],[-83.65129,37.53955],[-83.6421,37.54124],[-83.64025,37.5394],[-83.63041,37.53746],[-83.63078,37.53134],[-83.627,37.52265],[-83.61841,37.51939],[-83.62073,37.51774],[-83.62238,37.51078],[-83.61851,37.51106],[-83.61387,37.50891],[-83.61023,37.5106],[-83.60789,37.51479],[-83.60322,37.51264],[-83.59808,37.51211],[-83.58957,37.5061],[-83.58116,37.50359],[-83.57651,37.50067],[-83.58017,37.49643],[-83.57982,37.49309],[-83.57609,37.49269],[-83.57006,37.48741],[-83.56929,37.47705],[-83.56453,37.47076],[-83.56003,37.47053],[-83.55419,37.46705],[-83.5534,37.45835],[-83.54986,37.44942],[-83.54973,37.44562],[-83.55457,37.43839],[-83.55106,37.43637],[-83.55249,37.43304],[-83.5433,37.4256],[-83.54471,37.42231],[-83.54077,37.41776],[-83.53578,37.41974],[-83.53428,37.41741],[-83.536,37.41269],[-83.54035,37.41127],[-83.53865,37.40717],[-83.54042,37.40528],[-83.54166,37.39873],[-83.54413,37.39938],[-83.5492,37.39414],[-83.54408,37.38471],[-83.54175,37.38328],[-83.54702,37.37935],[-83.54884,37.37187],[-83.54366,37.36844],[-83.54525,37.36189],[-83.54239,37.36098],[-83.54012,37.35605],[-83.53627,37.3533],[-83.53811,37.3484],[-83.54186,37.34593],[-83.54321,37.33683],[-83.55154,37.33303],[-83.5518,37.32715],[-83.5471,37.32393],[-83.54873,37.31969],[-83.54551,37.31652],[-83.55269,37.31051],[-83.54773,37.30251],[-83.54989,37.29853],[-83.5477,37.29629],[-83.55125,37.29252],[-83.55178,37.28722],[-83.54643,37.28384],[-83.5395,37.28625],[-83.53661,37.28485],[-83.5377,37.28124],[-83.52309,37.27163],[-83.52421,37.26823],[-83.52145,37.26455],[-83.52923,37.26159],[-83.52691,37.25853],[-83.52103,37.25528],[-83.51593,37.25677],[-83.51126,37.25507],[-83.51277,37.25177],[-83.50971,37.24737],[-83.51092,37.24108],[-83.50789,37.23588],[-83.52892,37.23126],[-83.50511,37.20421],[-83.5513,37.16751],[-83.55124,37.11906],[-83.53528,37.1031],[-83.5531,37.07928],[-83.54522,37.08034],[-83.54382,37.0765],[-83.53918,37.07011],[-83.53902,37.06525],[-83.54155,37.06172],[-83.53881,37.05813],[-83.54155,37.05526],[-83.53905,37.05058],[-83.54243,37.04752],[-83.54561,37.04859],[-83.54756,37.04358],[-83.54045,37.04256],[-83.53947,37.03525],[-83.53306,37.03624],[-83.53079,37.02891],[-83.52648,37.02147],[-83.52147,37.02127],[-83.51633,37.01631],[-83.51709,37.01303],[-83.51086,37.00357],[-83.52304,36.99849],[-83.50908,36.93851],[-83.51152,36.92825],[-83.50948,36.92338],[-83.50468,36.92469],[-83.50151,36.9236],[-83.49952,36.91982],[-83.49425,36.91962],[-83.49022,36.91578],[-83.48942,36.9113],[-83.49806,36.90915],[-83.49899,36.90617],[-83.50349,36.90578],[-83.50411,36.89816],[-83.4999,36.89541],[-83.48981,36.89541],[-83.4878,36.89316],[-83.47995,36.89444],[-83.4767,36.89648],[-83.47395,36.8921],[-83.46605,36.88946],[-83.46373,36.88639],[-83.45624,36.88327],[-83.45362,36.89111],[-83.44709,36.88973],[-83.434,36.89423],[-83.43297,36.88878],[-83.42369,36.88982],[-83.42034,36.88897],[-83.40861,36.89022],[-83.40535,36.89241],[-83.4003,36.89867],[-83.39609,36.89911],[-83.39677,36.90539],[-83.40141,36.90682],[-83.40001,36.90982],[-83.40244,36.91612],[-83.39966,36.92096],[-83.39407,36.91923],[-83.38623,36.92226],[-83.38456,36.92591],[-83.32392,36.94071],[-83.29167,36.95219],[-83.27768,36.96096],[-83.26002,36.96895],[-83.23975,36.98551],[-83.23283,36.99526],[-83.23034,37.00274],[-83.22588,37.00571],[-83.22125,37.00312],[-83.21456,37.00543],[-83.21066,37.00325],[-83.20212,37.0046],[-83.19792,37.0122],[-83.19552,37.00915],[-83.188,37.00573],[-83.18226,37.01179],[-83.1821,37.02112],[-83.17171,37.01719],[-83.16782,37.02031],[-83.16083,37.02074],[-83.16011,37.01386],[-83.15554,37.01536],[-83.15036,37.01297],[-83.14435,37.01371],[-83.14255,37.00666],[-83.1367,37.00415],[-83.12433,37.00572],[-83.11967,36.99791],[-83.11389,36.99821],[-83.11086,36.99226],[-83.10346,36.99342],[-83.0982,36.99941],[-83.0936,36.9981],[-83.08913,37.00223],[-83.08503,37.00186],[-83.07888,37.00877],[-83.07272,37.01196],[-83.06936,37.01084],[-83.06582,37.0149],[-83.06169,37.01639],[-83.05827,37.01539],[-83.05439,37.01833],[-83.05818,37.02501],[-83.0521,37.02905],[-83.05224,37.03511],[-83.05659,37.03496],[-83.06554,37.03867],[-83.06685,37.0431],[-83.07191,37.04227],[-83.0734,37.04646],[-83.06919,37.0505],[-83.06372,37.05096],[-83.06215,37.0543],[-83.05738,37.05728],[-83.05787,37.0615],[-83.05238,37.0609],[-83.04876,37.05863],[-83.04274,37.06222],[-83.04694,37.06933],[-83.04365,37.07105],[-83.04363,37.0752],[-83.04077,37.08006],[-83.0477,37.08748],[-83.04743,37.09099],[-83.05115,37.0923],[-83.05075,37.09785],[-83.04733,37.09857],[-83.04704,37.10276],[-83.05457,37.10369],[-83.05433,37.10835],[-83.06078,37.11524],[-83.05882,37.12408],[-83.05385,37.12981],[-83.03561,37.15724],[-83.03826,37.16547],[-83.03336,37.16909],[-83.0281,37.16984],[-83.02268,37.17452],[-83.02111,37.17808],[-83.01674,37.17749],[-83.01288,37.18395],[-83.00956,37.18636],[-83.00938,37.18954],[-83.00214,37.19349],[-83.00068,37.19737],[-83.0036,37.19957],[-83.00616,37.20578],[-83.01427,37.20452],[-83.01487,37.20867],[-83.02097,37.20992],[-83.02902,37.20829],[-83.03236,37.21097],[-83.03298,37.21683],[-83.04046,37.21756],[-83.0437,37.21569],[-83.05246,37.2148],[-83.05431,37.21582],[-83.0566,37.22285],[-83.06748,37.23143],[-83.06843,37.24141],[-83.06638,37.24439],[-83.07036,37.24852],[-83.0775,37.24736],[-83.08252,37.24773],[-83.08284,37.24289],[-83.09123,37.24214],[-83.09217,37.23846],[-83.10156,37.23544],[-83.10752,37.23611],[-83.11652,37.24067],[-83.12706,37.23753],[-83.1204,37.24693],[-83.12103,37.25172],[-83.12585,37.25609],[-83.1216,37.25937],[-83.12595,37.26438],[-83.12725,37.2684],[-83.12399,37.27583],[-83.12411,37.28068],[-83.1198,37.28383],[-83.12308,37.28793],[-83.12019,37.29136],[-83.11963,37.29505],[-83.11562,37.29518],[-83.11045,37.29896],[-83.111,37.30581],[-83.11637,37.30722],[-83.11623,37.31021],[-83.11014,37.32077],[-83.11694,37.32851],[-83.1107,37.33189],[-83.10986,37.3362],[-83.11193,37.34251],[-83.13471,37.45718],[-83.09314,37.4981],[-83.09204,37.50217],[-83.09474,37.50803],[-83.09447,37.51845],[-83.09016,37.51749],[-83.08993,37.52175],[-83.0842,37.52198],[-83.08087,37.51807],[-83.07759,37.51893],[-83.07096,37.51685],[-83.06886,37.52167],[-83.06501,37.52565],[-83.05567,37.52036],[-83.0502,37.52531],[-83.04244,37.51988],[-83.03795,37.51514],[-83.03649,37.51097],[-83.03096,37.50627],[-83.02477,37.50713],[-83.02014,37.50556],[-83.0139,37.50854],[-83.01213,37.50565],[-83.00468,37.50347],[-82.99023,37.50217],[-82.98536,37.50652],[-82.9804,37.50127],[-82.97429,37.49796],[-82.96559,37.50076],[-82.95665,37.50005],[-82.94854,37.50317],[-82.9442,37.50143],[-82.94544,37.49739],[-82.94167,37.49632],[-82.94107,37.48963],[-82.93155,37.49131],[-82.92425,37.48715],[-82.92107,37.49081],[-82.91646,37.48857],[-82.90955,37.4915],[-82.91059,37.49922],[-82.9071,37.50386],[-82.90357,37.50467],[-82.90211,37.50786],[-82.89618,37.50893],[-82.89737,37.5146],[-82.8916,37.51908],[-82.89438,37.52193],[-82.89203,37.52676],[-82.89242,37.53243],[-82.87908,37.5354],[-82.87872,37.54013],[-82.88543,37.54115],[-82.88992,37.54412],[-82.88807,37.55469],[-82.8909,37.55629],[-82.88885,37.56462],[-82.89614,37.56703],[-82.89836,37.57212],[-82.90215,37.57693],[-82.89713,37.58041],[-82.89654,37.58849],[-82.90405,37.59476],[-82.90246,37.59954],[-82.90625,37.60659],[-82.90575,37.61893],[-82.90249,37.62128],[-82.90177,37.62699],[-82.90653,37.63091],[-82.90465,37.63955],[-82.91255,37.64635],[-82.90892,37.64921],[-82.91242,37.6536],[-82.91911,37.65396],[-82.92255,37.65674],[-82.92725,37.65636],[-82.92751,37.65947],[-82.93605,37.66496],[-82.93766,37.6687],[-82.94222,37.66911],[-82.94143,37.67401],[-82.94587,37.67794],[-82.94267,37.69781],[-82.94076,37.71634],[-82.94826,37.71987],[-82.94809,37.72383],[-82.95058,37.79473],[-82.9832,37.81064],[-82.98772,37.81409],[-82.98974,37.81782],[-82.98406,37.82585],[-82.98682,37.82982],[-82.98152,37.83541],[-82.98646,37.83871],[-82.98411,37.84151],[-83.00465,37.85925],[-82.99923,37.86797],[-82.99223,37.87128],[-82.98922,37.86959],[-82.98378,37.87587],[-82.98301,37.88401],[-82.98816,37.8915],[-82.98766,37.89688],[-82.98186,37.89888],[-82.97722,37.89345],[-82.97035,37.89781],[-82.96632,37.89352],[-82.96333,37.89729],[-82.9643,37.9033],[-82.96123,37.90643],[-82.96148,37.91261],[-82.97006,37.91114],[-82.97307,37.91408],[-82.96884,37.91994],[-82.96838,37.92403],[-82.97535,37.93079],[-82.97714,37.93921],[-82.98155,37.94052],[-82.98124,37.95001],[-82.98477,37.95123],[-82.98744,37.95585],[-82.98709,37.96242],[-82.9927,37.96132],[-82.99846,37.96394],[-82.99889,37.9678],[-83.00414,37.96655],[-83.01081,37.96993],[-83.01606,37.97422],[-83.01388,37.97922],[-83.02207,37.98219],[-83.02224,37.9879],[-83.02522,37.99141],[-83.01921,37.9993],[-83.02413,38.0039],[-83.02173,38.00556],[-83.02913,38.00949],[-83.03482,38.00468],[-83.03654,38.00096],[-83.04773,37.99682],[-83.05716,37.9994],[-83.05629,38.00235],[-83.05907,38.00587],[-83.06495,38.00771],[-83.07505,38.00284],[-83.0773,38.00719],[-83.09325,38.00787],[-83.09682,38.01016],[-83.10169,38.00975],[-83.1046,38.0062],[-83.10982,38.0039],[-83.12012,38.00426],[-83.13046,38.00369],[-83.13636,38.00429],[-83.14175,37.99725],[-83.14697,38.00008],[-83.15198,38.01044],[-83.15599,38.01063],[-83.15868,38.0082],[-83.16677,38.01169],[-83.17384,38.01693],[-83.17647,38.01285],[-83.184,38.01311],[-83.19445,38.01065],[-83.19667,38.01349],[-83.20269,38.01386],[-83.21153,38.02224],[-83.21239,38.02713],[-83.22127,38.02719],[-83.22074,38.03842],[-83.22289,38.04396],[-83.23068,38.04629],[-83.23284,38.05186],[-83.2386,38.05346],[-83.24068,38.05121],[-83.24947,38.05012],[-83.25634,38.05456],[-83.26776,38.05918],[-83.26763,38.06271],[-83.27085,38.0692],[-83.2702,38.07637],[-83.2667,38.08128],[-83.26574,38.08786],[-83.26347,38.08972],[-83.26396,38.09461],[-83.26121,38.09869],[-83.26127,38.10229],[-83.26958,38.10908],[-83.26329,38.11539],[-83.27394,38.11121],[-83.27742,38.10726],[-83.28146,38.10651],[-83.28636,38.10216],[-83.29336,38.10168],[-83.29951,38.09952],[-83.29881,38.09259],[-83.30466,38.08977],[-83.31195,38.08997],[-83.31498,38.08794],[-83.32041,38.08875],[-83.3256,38.08482],[-83.32839,38.08571],[-83.33762,38.08238],[-83.3439,38.07627],[-83.34601,38.07188],[-83.34363,38.06883],[-83.35818,38.0657],[-83.36396,38.06623],[-83.37137,38.06956],[-83.3712,38.0598],[-83.37401,38.05915],[-83.38064,38.06215],[-83.38285,38.05713],[-83.38042,38.05167],[-83.3899,38.05457],[-83.39157,38.04859],[-83.39606,38.04562],[-83.39515,38.04211],[-83.39866,38.03887],[-83.40198,38.03891],[-83.40551,38.04456],[-83.41235,38.0447],[-83.41636,38.04767],[-83.41998,38.0478],[-83.42526,38.04531],[-83.43548,38.04276],[-83.43242,38.03903],[-83.43394,38.03397],[-83.44434,37.94247],[-83.49603,37.89063],[-83.49911,37.87454],[-83.50267,37.87383],[-83.50254,37.86792],[-83.49719,37.86795],[-83.492,37.86404],[-83.49995,37.85684],[-83.50515,37.85579],[-83.517,37.85173],[-83.51817,37.84798],[-83.52611,37.8378],[-83.52619,37.83352],[-83.53664,37.82556],[-83.54652,37.82486],[-83.55141,37.82162],[-83.56363,37.82012],[-83.56879,37.82167],[-83.57553,37.81972],[-83.58233,37.82059],[-83.58216,37.8247],[-83.58545,37.8255],[-83.58731,37.81961],[-83.59033,37.81834],[-83.59828,37.82206],[-83.59812,37.82622],[-83.60025,37.83014],[-83.6079,37.82819],[-83.60582,37.83223],[-83.61718,37.83554],[-83.62065,37.83484],[-83.62525,37.82408],[-83.63799,37.8265],[-83.64322,37.82595],[-83.64764,37.83353],[-83.65125,37.8353],[-83.65656,37.8322],[-83.66342,37.83535],[-83.66127,37.83989],[-83.66487,37.84287],[-83.66804,37.84882],[-83.66846,37.85229],[-83.67403,37.85271],[-83.67741,37.8565],[-83.7487,37.89513],[-83.75637,37.89987],[-83.75905,37.90466],[-83.75676,37.90766],[-83.7561,37.91417],[-83.76265,37.91729],[-83.76997,37.91781],[-83.77498,37.91497],[-83.77652,37.91132],[-83.78082,37.91076],[-83.78237,37.90809],[-83.80109,37.90547],[-83.81249,37.90328],[-83.82066,37.90373],[-83.82244,37.90572],[-83.82829,37.90638],[-83.83245,37.90278],[-83.83794,37.906],[-83.8437,37.90593],[-83.84418,37.90286],[-83.85264,37.90276],[-83.86631,37.90674],[-83.87866,37.90506],[-83.88624,37.91651],[-83.90816,37.91672],[-83.91447,37.91951],[-83.95988,37.93377],[-83.97196,37.92924],[-83.97729,37.92941],[-83.97582,37.92468],[-83.98527,37.92235],[-83.99177,37.91778],[-83.98973,37.91288],[-83.99228,37.90717],[-83.99012,37.8998],[-83.9941,37.89119],[-83.9983,37.88737],[-83.99599,37.88288],[-83.99656,37.87812],[-84.00033,37.87528],[-84.00035,37.87072],[-84.00585,37.8641],[-84.0062,37.86066],[-84.01462,37.85819],[-84.01804,37.8631],[-84.01905,37.86892],[-84.02316,37.87066],[-84.02737,37.86945],[-84.02032,37.85654],[-84.01159,37.85572],[-84.0136,37.85153],[-84.00197,37.83759],[-84.00528,37.83357],[-84.01704,37.83282],[-84.02026,37.83487],[-84.01912,37.84183],[-84.02585,37.83722],[-84.03956,37.83372],[-84.04308,37.84161],[-84.04936,37.83797],[-84.05212,37.8416],[-84.0537,37.84711],[-84.05901,37.84792],[-84.05689,37.84324],[-84.05744,37.83543],[-84.0599,37.83301],[-84.06687,37.83031],[-84.06745,37.82306],[-84.0723,37.82186],[-84.07603,37.82418],[-84.07761,37.8339],[-84.07661,37.83732],[-84.08003,37.84452],[-84.0774,37.8513],[-84.08034,37.85307]]]},"properties":{"STATEFP":"21","SLDUST":"030","AFFGEOID":"610U800US21030","GEOID":"21030","NAME":"30","NAMELSAD":"State Senate District 30","STUSPS":"KY","STATE_NAME":"Kentucky","LSAD":"LU","LSY":"2022","ALAND":7214654016,"AWATER":50166361}},
{"type":"Feature","geometry":{"type":"Polygon","coordinates":[[[-84.55675,38.05602],[-84.56205,38.05127],[-84.56573,38.04574],[-84.55425,38.04666],[-84.55261,38.04481],[-84.55434,38.03027],[-84.55779,38.02534],[-84.56291,38.02228],[-84.56012,38.01916],[-84.5606,38.01605],[-84.55474,38.01342],[-84.54864,38.01714],[-84.54185,38.01468],[-84.53458,38.01343],[-84.5282,38.00718],[-84.52668,37.99786],[-84.50586,37.99134],[-84.5023,37.99071],[-84.48187,37.99188],[-84.48241,37.98965],[-84.47566,37.98717],[-84.47393,37.98379],[-84.4685,37.98357],[-84.4591,37.98677],[-84.45626,37.991],[-84.45031,37.99576],[-84.44782,37.99972],[-84.43832,38.00619],[-84.43786,38.01207],[-84.44256,38.01788],[-84.43684,38.02085],[-84.4323,38.01791],[-84.42528,38.02414],[-84.42814,38.02869],[-84.43339,38.02778],[-84.43307,38.03225],[-84.43911,38.02987],[-84.44158,38.03165],[-84.44554,38.02871],[-84.45246,38.02921],[-84.45432,38.03779],[-84.45409,38.0429],[-84.45413,38.04823],[-84.45611,38.05106],[-84.44977,38.05358],[-84.45341,38.05874],[-84.45341,38.06148],[-84.46348,38.06986],[-84.47185,38.06696],[-84.47685,38.07095],[-84.48383,38.06547],[-84.49083,38.06364],[-84.49897,38.05862],[-84.50083,38.06029],[-84.50448,38.07027],[-84.50829,38.06829],[-84.51431,38.06358],[-84.51575,38.06064],[-84.52059,38.06364],[-84.52617,38.05222],[-84.53239,38.05376],[-84.54255,38.05829],[-84.5483,38.0598],[-84.55675,38.05602]]]},"properties":{"STATEFP":"21","SLDUST":"013","AFFGEOID":"610U800US21013","GEOID":"21013","NAME":"13","NAMELSAD":"State Senate District 13","STUSPS":"KY","STATE_NAME":"Kentucky","LSAD":"LU","LSY":"2022","ALAND":70985939,"AWATER":735668}},
{"type":"Feature","geometry":{"type":"Polygon","coordinates":[[[-84.62348,39.07436],[-84.63245,39.07676],[-84.65035,39.09166],[-84.65725,39.09546],[-84.66615,39.09796],[-84.67725,39.09826],[-84.68485,39.10046],[-84.68975,39.10416],[-84.70195,39.11896],[-84.71855,39.13706],[-84.72615,39.14196],[-84.73205,39.14446],[-84.74415,39.14746],[-84.75445,39.14666],[-84.76675,39.13856],[-84.78399,39.11806],[-84.79382,39.11294],[-84.81075,39.10914],[-84.81377,39.10649],[-84.82016,39.10548],[-84.83243,39.10049],[-84.84458,39.09196],[-84.84982,39.08649],[-84.86069,39.07814],[-84.87298,39.07207],[-84.88066,39.06997],[-84.88887,39.06638],[-84.89691,39.05747],[-84.89673,39.0533],[-84.89316,39.04904],[-84.88566,39.03749],[-84.87911,39.0337],[-84.87182,39.02776],[-84.85061,39.00469],[-84.84774,38.99801],[-84.83712,38.98806],[-84.83062,38.9749],[-84.82986,38.96939],[-84.83262,38.96146],[-84.83516,38.95796],[-84.84416,38.95097],[-84.84932,38.94827],[-84.85374,38.94294],[-84.86473,38.93489],[-84.87076,38.92923],[-84.87776,38.92036],[-84.87927,38.91612],[-84.87703,38.90902],[-84.87012,38.90039],[-84.86076,38.89765],[-84.83047,38.89726],[-84.81694,38.89507],[-84.81275,38.89513],[-84.80108,38.89134],[-84.80278,38.89658],[-84.79971,38.90128],[-84.79957,38.9052],[-84.80396,38.90693],[-84.80393,38.91859],[-84.79938,38.92467],[-84.79663,38.93074],[-84.77016,38.93666],[-84.76486,38.93594],[-84.75601,38.93991],[-84.75324,38.93933],[-84.74456,38.9409],[-84.73961,38.94518],[-84.73355,38.94607],[-84.72617,38.94909],[-84.71772,38.94649],[-84.71985,38.93597],[-84.72338,38.93289],[-84.72209,38.92465],[-84.71998,38.92177],[-84.71274,38.92272],[-84.71123,38.91977],[-84.71372,38.91382],[-84.70932,38.90851],[-84.70406,38.9093],[-84.6968,38.91526],[-84.69577,38.91837],[-84.69072,38.91844],[-84.67811,38.92252],[-84.67847,38.91649],[-84.66297,38.91063],[-84.64568,38.90781],[-84.64201,38.90634],[-84.63589,38.91347],[-84.63942,38.91446],[-84.647,38.92033],[-84.65206,38.92919],[-84.6462,38.93126],[-84.64146,38.93575],[-84.63096,38.93201],[-84.63445,38.95655],[-84.62608,38.95621],[-84.62174,38.95741],[-84.60917,38.95717],[-84.61177,38.9783],[-84.62348,39.07436]]]},"properties":{"STATEFP":"21","SLDUST":"011","AFFGEOID":"610U800US21011","GEOID":"21011","NAME":"11","NAMELSAD":"State Senate District 11","STUSPS":"KY","STATE_NAME":"Kentucky","LSAD":"LU","LSY":"2022","ALAND":422905918,"AWATER":23928424}},
{"type":"Feature","geometry":{"type":"Polygon","coordinates":[[[-85.73544,38.27048],[-85.74508,38.26719],[-85.75147,38.268],[-85.76093,38.27198],[-85.76716,38.27732],[-85.76599,38.28034],[-85.77227,38.28559],[-85.78103,38.28848],[-85.7869,38.28853],[-85.79727,38.2857],[-85.8174,38.28239],[-85.82453,38.2799],[-85.82922,38.27651],[-85.83617,38.26529],[-85.83763,38.25924],[-85.83739,38.24999],[-85.83909,38.23973],[-85.84438,38.23105],[-85.85236,38.22194],[-85.87194,38.20959],[-85.88026,38.20337],[-85.89354,38.18902],[-85.90387,38.17414],[-85.90796,38.16147],[-85.90913,38.14439],[-85.90875,38.13379],[-85.90516,38.11107],[-85.90423,38.0998],[-85.90527,38.08893],[-85.91201,38.0734],[-85.91384,38.07196],[-85.91537,38.06516],[-85.90727,38.06479],[-85.89063,38.05618],[-85.88537,38.0653],[-85.88476,38.07171],[-85.86763,38.06732],[-85.86631,38.07466],[-85.85985,38.08373],[-85.85403,38.08861],[-85.85068,38.09006],[-85.84203,38.09763],[-85.84477,38.10591],[-85.85099,38.10594],[-85.85264,38.11317],[-85.85617,38.11587],[-85.86251,38.11329],[-85.86773,38.11315],[-85.87673,38.11639],[-85.87942,38.11471],[-85.88684,38.12034],[-85.88933,38.1286],[-85.88626,38.13243],[-85.88578,38.1408],[-85.8822,38.14773],[-85.87922,38.14974],[-85.88259,38.15299],[-85.88372,38.15941],[-85.88164,38.16116],[-85.88992,38.16633],[-85.89279,38.16661],[-85.89022,38.17491],[-85.88194,38.17583],[-85.87776,38.17125],[-85.87034,38.16706],[-85.86355,38.17606],[-85.85587,38.17261],[-85.85136,38.17558],[-85.84647,38.18099],[-85.8337,38.1801],[-85.81362,38.18432],[-85.81605,38.18093],[-85.82372,38.17399],[-85.81952,38.17124],[-85.80892,38.18542],[-85.80106,38.18614],[-85.80046,38.19642],[-85.80484,38.19691],[-85.80057,38.20336],[-85.79835,38.21489],[-85.79087,38.21615],[-85.78785,38.221],[-85.78349,38.22045],[-85.78099,38.231],[-85.77131,38.23011],[-85.77205,38.23393],[-85.77872,38.2345],[-85.77688,38.23735],[-85.77493,38.24802],[-85.76005,38.2462],[-85.7456,38.24514],[-85.74639,38.24052],[-85.74236,38.2401],[-85.74029,38.25202],[-85.73103,38.24967],[-85.72685,38.25446],[-85.72196,38.25691],[-85.71918,38.25364],[-85.69988,38.25375],[-85.70171,38.2577],[-85.7072,38.25962],[-85.71408,38.26455],[-85.72414,38.26226],[-85.72953,38.26293],[-85.73544,38.27048]]]},"properties":{"STATEFP":"21","SLDUST":"033","AFFGEOID":"610U800US21033","GEOID":"21033","NAME":"33","NAMELSAD":"State Senate District 33","STUSPS":"KY","STATE_NAME":"Kentucky","LSAD":"LU","LSY":"2022","ALAND":104897632,"AWATER":19823019}},
{"type":"Feature","geometry":{"type":"Polygon","coordinates":[[[-85.60445,38.26978],[-85.61036,38.26664],[-85.60681,38.26195],[-85.61731,38.26063],[-85.62247,38.25784],[-85.61896,38.25164],[-85.62312,38.23789],[-85.61111,38.22482],[-85.60692,38.21936],[-85.60323,38.21882],[-85.59016,38.22692],[-85.57882,38.2234],[-85.5718,38.22251],[-85.55554,38.22325],[-85.55354,38.22168],[-85.55879,38.2126],[-85.55982,38.20283],[-85.57058,38.20275],[-85.5707,38.19867],[-85.56546,38.19428],[-85.56895,38.1902],[-85.56532,38.18843],[-85.5617,38.19062],[-85.55204,38.1883],[-85.54961,38.18029],[-85.5502,38.16765],[-85.55405,38.16909],[-85.55588,38.16599],[-85.56555,38.16131],[-85.5584,38.15331],[-85.54895,38.15028],[-85.53926,38.13944],[-85.53835,38.13663],[-85.5288,38.13518],[-85.52421,38.13236],[-85.5202,38.1342],[-85.51586,38.13353],[-85.51734,38.13942],[-85.51564,38.14243],[-85.51077,38.14296],[-85.51003,38.14617],[-85.51443,38.15201],[-85.5142,38.15491],[-85.50495,38.15703],[-85.50288,38.15245],[-85.49646,38.15545],[-85.49769,38.16035],[-85.5021,38.16891],[-85.49576,38.1726],[-85.49477,38.17668],[-85.48741,38.1767],[-85.48345,38.17924],[-85.48702,38.18561],[-85.48188,38.18851],[-85.47867,38.18735],[-85.47141,38.18814],[-85.46755,38.18672],[-85.46254,38.18726],[-85.45778,38.18975],[-85.4542,38.18971],[-85.45251,38.195],[-85.45429,38.20242],[-85.45251,38.20515],[-85.44475,38.20991],[-85.43685,38.20636],[-85.42306,38.20319],[-85.41472,38.20384],[-85.4049,38.26373],[-85.46821,38.28531],[-85.49827,38.30174],[-85.5146,38.31101],[-85.51896,38.30884],[-85.51742,38.30617],[-85.54861,38.29747],[-85.5585,38.30339],[-85.57237,38.30937],[-85.56152,38.31561],[-85.55324,38.31744],[-85.53202,38.31753],[-85.52697,38.31795],[-85.55996,38.33638],[-85.56114,38.33332],[-85.57448,38.33022],[-85.56979,38.31868],[-85.58223,38.31485],[-85.58917,38.31685],[-85.60572,38.31881],[-85.60866,38.31295],[-85.60476,38.30921],[-85.60015,38.31173],[-85.59349,38.3089],[-85.59861,38.30245],[-85.59725,38.29946],[-85.58566,38.30294],[-85.58288,38.29618],[-85.58271,38.29249],[-85.57761,38.28603],[-85.57232,38.2876],[-85.56905,38.28418],[-85.56397,38.27394],[-85.59932,38.26414],[-85.60445,38.26978]]]},"properties":{"STATEFP":"21","SLDUST":"036","AFFGEOID":"610U800US21036","GEOID":"21036","NAME":"36","NAMELSAD":"State Senate District 36","STUSPS":"KY","STATE_NAME":"Kentucky","LSAD":"LU","LSY":"2022","ALAND":205345920,"AWATER":3521935}},
{"type":"Feature","geometry":{"type":"Polygon","coordinates":[[[-84.62348,39.07436],[-84.61177,38.9783],[-84.60356,38.97668],[-84.593,38.97733],[-84.59088,38.98011],[-84.58565,38.98015],[-84.57782,38.9731],[-84.56547,38.97858],[-84.55966,38.97932],[-84.54948,38.97497],[-84.54494,38.97665],[-84.53778,38.9735],[-84.53657,38.97098],[-84.53108,38.97135],[-84.52565,38.96456],[-84.51255,38.9692],[-84.50307,38.97046],[-84.50374,38.96592],[-84.50023,38.96273],[-84.49545,38.96085],[-84.48966,38.96357],[-84.47433,38.96596],[-84.47311,38.95979],[-84.47645,38.95951],[-84.47913,38.95145],[-84.47704,38.94857],[-84.4701,38.9481],[-84.46388,38.95202],[-84.46175,38.94945],[-84.44941,38.94987],[-84.44301,38.95536],[-84.44192,38.95991],[-84.43781,38.96606],[-84.42987,38.97318],[-84.42694,38.97835],[-84.42729,38.98086],[-84.4347,38.98524],[-84.44037,38.98442],[-84.44601,38.98059],[-84.45019,38.97563],[-84.45284,38.9677],[-84.45933,38.96529],[-84.46364,38.96756],[-84.4664,38.9724],[-84.46488,38.98004],[-84.46164,38.98391],[-84.45295,38.9912],[-84.45062,38.99642],[-84.45441,39.0001],[-84.46396,39.00408],[-84.47333,39.00451],[-84.48115,39.013],[-84.48525,39.0154],[-84.4892,39.02122],[-84.49005,39.03075],[-84.48522,39.04102],[-84.48812,39.04591],[-84.49316,39.04939],[-84.49721,39.05515],[-84.49774,39.05853],[-84.49322,39.07063],[-84.49855,39.07809],[-84.50956,39.07629],[-84.50892,39.0789],[-84.51072,39.08584],[-84.51391,39.08536],[-84.51508,39.08974],[-84.50432,39.09176],[-84.50608,39.09508],[-84.51954,39.09206],[-84.52464,39.09216],[-84.54134,39.09916],[-84.55084,39.09936],[-84.55754,39.09486],[-84.56394,39.08736],[-84.57214,39.08206],[-84.59241,39.07809],[-84.60168,39.07412],[-84.60793,39.07324],[-84.62011,39.07346],[-84.62348,39.07436]]]},"properties":{"STATEFP":"21","SLDUST":"023","AFFGEOID":"610U800US21023","GEOID":"21023","NAME":"23","NAMELSAD":"State Senate District 23","STUSPS":"KY","STATE_NAME":"Kentucky","LSAD":"LU","LSY":"2022","ALAND":151284379,"AWATER":6337962}},
{"type":"Feature","geometry":{"type":"Polygon","coordinates":[[[-85.80046,38.19642],[-85.80106,38.18614],[-85.80892,38.18542],[-85.81952,38.17124],[-85.82372,38.17399],[-85.81605,38.18093],[-85.81362,38.18432],[-85.8337,38.1801],[-85.84647,38.18099],[-85.85136,38.17558],[-85.85587,38.17261],[-85.86355,38.17606],[-85.87034,38.16706],[-85.87776,38.17125],[-85.88194,38.17583],[-85.89022,38.17491],[-85.89279,38.16661],[-85.88992,38.16633],[-85.88164,38.16116],[-85.88372,38.15941],[-85.88259,38.15299],[-85.87922,38.14974],[-85.8822,38.14773],[-85.88578,38.1408],[-85.88626,38.13243],[-85.88933,38.1286],[-85.88684,38.12034],[-85.87942,38.11471],[-85.87673,38.11639],[-85.86773,38.11315],[-85.86251,38.11329],[-85.85617,38.11587],[-85.85264,38.11317],[-85.85099,38.10594],[-85.84477,38.10591],[-85.84203,38.09763],[-85.85068,38.09006],[-85.85403,38.08861],[-85.84938,38.0883],[-85.84139,38.09003],[-85.81471,38.10583],[-85.80573,38.10979],[-85.80598,38.11179],[-85.79527,38.11918],[-85.78444,38.11542],[-85.77695,38.11983],[-85.77554,38.12774],[-85.77245,38.1327],[-85.77455,38.14276],[-85.76413,38.14832],[-85.75153,38.15729],[-85.7495,38.16191],[-85.76117,38.20516],[-85.76556,38.20515],[-85.76844,38.19867],[-85.77741,38.19862],[-85.77619,38.20633],[-85.77053,38.20571],[-85.76956,38.21125],[-85.77607,38.21088],[-85.78478,38.2129],[-85.79161,38.20328],[-85.80046,38.19642]]]},"properties":{"STATEFP":"21","SLDUST":"037","AFFGEOID":"610U800US21037","GEOID":"21037","NAME":"37","NAMELSAD":"State Senate District 37","STUSPS":"KY","STATE_NAME":"Kentucky","LSAD":"LU","LSY":"2022","ALAND":91504890,"AWATER":515531}}
]}